2026-09-11 07:41:57,201 - WARNING - Synchronisation différée: HTTPSConnectionPool(host='portfolio-python-entreprise.onrender.com', port=443): Max retries exceeded with url: /ventes/synchroniser (Caused by NameResolutionError("HTTPSConnection(host='portfolio-python-entreprise.onrender.com', port=443): Failed to resolve 'portfolio-python-entreprise.onrender.com' ([Errno 11001] getaddrinfo failed)"))
2026-09-11 07:41:59,151 - WARNING - Synchronisation différée: HTTPSConnectionPool(host='portfolio-python-entreprise.onrender.com', port=443): Max retries exceeded with url: /ventes/synchroniser (Caused by NameResolutionError("HTTPSConnection(host='portfolio-python-entreprise.onrender.com', port=443): Failed to resolve 'portfolio-python-entreprise.onrender.com' ([Errno 11001] getaddrinfo failed)"))
2026-09-11 07:42:29,229 - WARNING - Synchronisation différée: HTTPSConnectionPool(host='portfolio-python-entreprise.onrender.com', port=443): Max retries exceeded with url: /ventes/synchroniser (Caused by NameResolutionError("HTTPSConnection(host='portfolio-python-entreprise.onrender.com', port=443): Failed to resolve 'portfolio-python-entreprise.onrender.com' ([Errno 11001] getaddrinfo failed)"))
2026-09-11 07:42:59,207 - WARNING - Synchronisation différée: HTTPSConnectionPool(host='portfolio-python-entreprise.onrender.com', port=443): Max retries exceeded with url: /ventes/synchroniser (Caused by NameResolutionError("HTTPSConnection(host='portfolio-python-entreprise.onrender.com', port=443): Failed to resolve 'portfolio-python-entreprise.onrender.com' ([Errno 11001] getaddrinfo failed)"))
2026-09-11 07:43:29,265 - WARNING - Synchronisation différée: HTTPSConnectionPool(host='portfolio-python-entreprise.onrender.com', port=443): Max retries exceeded with url: /ventes/synchroniser (Caused by NameResolutionError("HTTPSConnection(host='portfolio-python-entreprise.onrender.com', port=443): Failed to resolve 'portfolio-python-entreprise.onrender.com' ([Errno 11001] getaddrinfo failed)"))
2026-09-11 07:44:00,302 - WARNING - Synchronisation différée: HTTPSConnectionPool(host='portfolio-python-entreprise.onrender.com', port=443): Max retries exceeded with url: /ventes/synchroniser (Caused by NameResolutionError("HTTPSConnection(host='portfolio-python-entreprise.onrender.com', port=443): Failed to resolve 'portfolio-python-entreprise.onrender.com' ([Errno 11001] getaddrinfo failed)"))
2026-09-11 07:44:29,638 - WARNING - Synchronisation différée: HTTPSConnectionPool(host='portfolio-python-entreprise.onrender.com', port=443): Max retries exceeded with url: /ventes/synchroniser (Caused by NameResolutionError("HTTPSConnection(host='portfolio-python-entreprise.onrender.com', port=443): Failed to resolve 'portfolio-python-entreprise.onrender.com' ([Errno 11001] getaddrinfo failed)"))
2026-09-11 07:45:11,646 - WARNING - Synchronisation différée: HTTPSConnectionPool(host='portfolio-python-entreprise.onrender.com', port=443): Max retries exceeded with url: /ventes/synchroniser (Caused by NameResolutionError("HTTPSConnection(host='portfolio-python-entreprise.onrender.com', port=443): Failed to resolve 'portfolio-python-entreprise.onrender.com' ([Errno 11001] getaddrinfo failed)"))
2026-09-11 07:45:41,424 - WARNING - Synchronisation différée: HTTPSConnectionPool(host='portfolio-python-entreprise.onrender.com', port=443): Max retries exceeded with url: /ventes/synchroniser (Caused by NameResolutionError("HTTPSConnection(host='portfolio-python-entreprise.onrender.com', port=443): Failed to resolve 'portfolio-python-entreprise.onrender.com' ([Errno 11001] getaddrinfo failed)"))
2026-09-11 07:46:11,459 - WARNING - Synchronisation différée: HTTPSConnectionPool(host='portfolio-python-entreprise.onrender.com', port=443): Max retries exceeded with url: /ventes/synchroniser (Caused by NameResolutionError("HTTPSConnection(host='portfolio-python-entreprise.onrender.com', port=443): Failed to resolve 'portfolio-python-entreprise.onrender.com' ([Errno 11001] getaddrinfo failed)"))
2026-09-11 07:46:53,536 - WARNING - Synchronisation différée: HTTPSConnectionPool(host='portfolio-python-entreprise.onrender.com', port=443): Max retries exceeded with url: /ventes/synchroniser (Caused by ConnectTimeoutError(<HTTPSConnection(host='portfolio-python-entreprise.onrender.com', port=443) at 0x16dcdb36d50>, 'Connection to portfolio-python-entreprise.onrender.com timed out. (connect timeout=8)'))
2026-09-11 07:47:01,958 - WARNING - Synchronisation différée: HTTPSConnectionPool(host='portfolio-python-entreprise.onrender.com', port=443): Max retries exceeded with url: /ventes/synchroniser (Caused by NameResolutionError("HTTPSConnection(host='portfolio-python-entreprise.onrender.com', port=443): Failed to resolve 'portfolio-python-entreprise.onrender.com' ([Errno 11001] getaddrinfo failed)"))
2026-09-11 07:47:45,546 - WARNING - Synchronisation différée: HTTPSConnectionPool(host='portfolio-python-entreprise.onrender.com', port=443): Max retries exceeded with url: /ventes/synchroniser (Caused by ConnectTimeoutError(<HTTPSConnection(host='portfolio-python-entreprise.onrender.com', port=443) at 0x16dcdb36490>, 'Connection to portfolio-python-entreprise.onrender.com timed out. (connect timeout=8)'))
2026-09-11 07:48:15,582 - WARNING - Synchronisation différée: HTTPSConnectionPool(host='portfolio-python-entreprise.onrender.com', port=443): Max retries exceeded with url: /ventes/synchroniser (Caused by ConnectTimeoutError(<HTTPSConnection(host='portfolio-python-entreprise.onrender.com', port=443) at 0x16dcdb36350>, 'Connection to portfolio-python-entreprise.onrender.com timed out. (connect timeout=8)'))
2026-09-11 07:48:45,559 - WARNING - Synchronisation différée: HTTPSConnectionPool(host='portfolio-python-entreprise.onrender.com', port=443): Max retries exceeded with url: /ventes/synchroniser (Caused by ConnectTimeoutError(<HTTPSConnection(host='portfolio-python-entreprise.onrender.com', port=443) at 0x16dcdb36850>, 'Connection to portfolio-python-entreprise.onrender.com timed out. (connect timeout=8)'))
2026-09-11 07:48:59,516 - WARNING - Synchronisation différée: HTTPSConnectionPool(host='portfolio-python-entreprise.onrender.com', port=443): Max retries exceeded with url: /ventes/synchroniser (Caused by NameResolutionError("HTTPSConnection(host='portfolio-python-entreprise.onrender.com', port=443): Failed to resolve 'portfolio-python-entreprise.onrender.com' ([Errno 11001] getaddrinfo failed)"))
2026-09-11 07:49:46,991 - WARNING - Synchronisation différée: HTTPSConnectionPool(host='portfolio-python-entreprise.onrender.com', port=443): Read timed out. (read timeout=8)
2026-09-11 07:50:05,428 - WARNING - Synchronisation différée: 422 Client Error: Unprocessable Entity for url: https://portfolio-python-entreprise.onrender.com/ventes/synchroniser
2026-09-11 07:50:34,173 - WARNING - Synchronisation différée: 422 Client Error: Unprocessable Entity for url: https://portfolio-python-entreprise.onrender.com/ventes/synchroniser
2026-09-11 07:51:08,323 - WARNING - Synchronisation différée: 422 Client Error: Unprocessable Entity for url: https://portfolio-python-entreprise.onrender.com/ventes/synchroniser
2026-09-11 07:51:40,141 - WARNING - Synchronisation différée: HTTPSConnectionPool(host='portfolio-python-entreprise.onrender.com', port=443): Read timed out. (read timeout=8)
2026-09-11 07:52:09,011 - WARNING - Synchronisation différée: 422 Client Error: Unprocessable Entity for url: https://portfolio-python-entreprise.onrender.com/ventes/synchroniser
2026-09-11 07:52:34,495 - WARNING - Synchronisation différée: 422 Client Error: Unprocessable Entity for url: https://portfolio-python-entreprise.onrender.com/ventes/synchroniser
2026-09-11 07:53:04,704 - WARNING - Synchronisation différée: 422 Client Error: Unprocessable Entity for url: https://portfolio-python-entreprise.onrender.com/ventes/synchroniser
2026-09-11 07:53:36,940 - WARNING - Synchronisation différée: 422 Client Error: Unprocessable Entity for url: https://portfolio-python-entreprise.onrender.com/ventes/synchroniser
2026-09-11 07:54:08,450 - WARNING - Synchronisation différée: 422 Client Error: Unprocessable Entity for url: https://portfolio-python-entreprise.onrender.com/ventes/synchroniser
2026-09-11 07:54:35,369 - WARNING - Synchronisation différée: 422 Client Error: Unprocessable Entity for url: https://portfolio-python-entreprise.onrender.com/ventes/synchroniser
2026-09-11 07:55:07,119 - WARNING - Synchronisation différée: 422 Client Error: Unprocessable Entity for url: https://portfolio-python-entreprise.onrender.com/ventes/synchroniser
2026-09-11 07:55:34,871 - WARNING - Synchronisation différée: 422 Client Error: Unprocessable Entity for url: https://portfolio-python-entreprise.onrender.com/ventes/synchroniser
2026-09-11 07:56:07,013 - WARNING - Synchronisation différée: 422 Client Error: Unprocessable Entity for url: https://portfolio-python-entreprise.onrender.com/ventes/synchroniser
2026-09-11 07:56:35,407 - WARNING - Synchronisation différée: 422 Client Error: Unprocessable Entity for url: https://portfolio-python-entreprise.onrender.com/ventes/synchroniser
2026-09-11 07:57:11,036 - WARNING - Synchronisation différée: 422 Client Error: Unprocessable Entity for url: https://portfolio-python-entreprise.onrender.com/ventes/synchroniser
2026-09-11 07:57:33,512 - WARNING - Synchronisation différée: 422 Client Error: Unprocessable Entity for url: https://portfolio-python-entreprise.onrender.com/ventes/synchroniser
2026-09-11 07:58:10,272 - WARNING - Synchronisation différée: 422 Client Error: Unprocessable Entity for url: https://portfolio-python-entreprise.onrender.com/ventes/synchroniser
2026-09-11 07:58:37,189 - WARNING - Synchronisation différée: 422 Client Error: Unprocessable Entity for url: https://portfolio-python-entreprise.onrender.com/ventes/synchroniser
2026-09-11 07:59:09,815 - WARNING - Synchronisation différée: 422 Client Error: Unprocessable Entity for url: https://portfolio-python-entreprise.onrender.com/ventes/synchroniser
2026-09-11 07:59:34,284 - WARNING - Synchronisation différée: 422 Client Error: Unprocessable Entity for url: https://portfolio-python-entreprise.onrender.com/ventes/synchroniser
2026-09-11 08:00:09,386 - WARNING - Synchronisation différée: 422 Client Error: Unprocessable Entity for url: https://portfolio-python-entreprise.onrender.com/ventes/synchroniser
2026-09-11 08:00:43,530 - WARNING - Synchronisation différée: 422 Client Error: Unprocessable Entity for url: https://portfolio-python-entreprise.onrender.com/ventes/synchroniser
2026-09-11 08:01:09,156 - WARNING - Synchronisation différée: HTTPSConnectionPool(host='portfolio-python-entreprise.onrender.com', port=443): Read timed out. (read timeout=8)
2026-09-11 08:01:38,075 - WARNING - Synchronisation différée: 422 Client Error: Unprocessable Entity for url: https://portfolio-python-entreprise.onrender.com/ventes/synchroniser
2026-09-11 08:02:11,208 - WARNING - Synchronisation différée: 422 Client Error: Unprocessable Entity for url: https://portfolio-python-entreprise.onrender.com/ventes/synchroniser
2026-09-11 08:02:37,585 - WARNING - Synchronisation différée: 422 Client Error: Unprocessable Entity for url: https://portfolio-python-entreprise.onrender.com/ventes/synchroniser
2026-09-11 08:03:05,961 - WARNING - Synchronisation différée: 422 Client Error: Unprocessable Entity for url: https://portfolio-python-entreprise.onrender.com/ventes/synchroniser
2026-09-11 08:03:39,480 - WARNING - Synchronisation différée: HTTPSConnectionPool(host='portfolio-python-entreprise.onrender.com', port=443): Read timed out. (read timeout=8)
2026-09-11 08:04:04,373 - WARNING - Synchronisation différée: 422 Client Error: Unprocessable Entity for url: https://portfolio-python-entreprise.onrender.com/ventes/synchroniser
2026-09-11 08:04:34,866 - WARNING - Synchronisation différée: 422 Client Error: Unprocessable Entity for url: https://portfolio-python-entreprise.onrender.com/ventes/synchroniser
2026-09-11 08:05:12,901 - WARNING - Synchronisation différée: 422 Client Error: Unprocessable Entity for url: https://portfolio-python-entreprise.onrender.com/ventes/synchroniser
2026-09-11 08:05:35,378 - WARNING - Synchronisation différée: 422 Client Error: Unprocessable Entity for url: https://portfolio-python-entreprise.onrender.com/ventes/synchroniser
2026-09-11 08:06:13,057 - WARNING - Synchronisation différée: HTTPSConnectionPool(host='portfolio-python-entreprise.onrender.com', port=443): Read timed out.
2026-09-11 08:06:39,414 - WARNING - Synchronisation différée: HTTPSConnectionPool(host='portfolio-python-entreprise.onrender.com', port=443): Read timed out. (read timeout=8)
2026-09-11 08:07:11,525 - WARNING - Synchronisation différée: 422 Client Error: Unprocessable Entity for url: https://portfolio-python-entreprise.onrender.com/ventes/synchroniser
2026-09-11 08:07:39,467 - WARNING - Synchronisation différée: 422 Client Error: Unprocessable Entity for url: https://portfolio-python-entreprise.onrender.com/ventes/synchroniser
2026-09-11 08:08:05,403 - WARNING - Synchronisation différée: 422 Client Error: Unprocessable Entity for url: https://portfolio-python-entreprise.onrender.com/ventes/synchroniser
2026-09-11 08:08:36,239 - WARNING - Synchronisation différée: 422 Client Error: Unprocessable Entity for url: https://portfolio-python-entreprise.onrender.com/ventes/synchroniser
2026-09-11 08:09:11,056 - WARNING - Synchronisation différée: 422 Client Error: Unprocessable Entity for url: https://portfolio-python-entreprise.onrender.com/ventes/synchroniser
2026-09-11 08:09:39,032 - WARNING - Synchronisation différée: 422 Client Error: Unprocessable Entity for url: https://portfolio-python-entreprise.onrender.com/ventes/synchroniser
2026-09-11 08:10:07,358 - WARNING - Synchronisation différée: 422 Client Error: Unprocessable Entity for url: https://portfolio-python-entreprise.onrender.com/ventes/synchroniser
2026-09-11 08:10:39,054 - WARNING - Synchronisation différée: 422 Client Error: Unprocessable Entity for url: https://portfolio-python-entreprise.onrender.com/ventes/synchroniser
2026-09-11 08:11:06,146 - WARNING - Synchronisation différée: 422 Client Error: Unprocessable Entity for url: https://portfolio-python-entreprise.onrender.com/ventes/synchroniser
2026-09-11 08:11:41,114 - WARNING - Synchronisation différée: 422 Client Error: Unprocessable Entity for url: https://portfolio-python-entreprise.onrender.com/ventes/synchroniser
2026-09-11 08:12:07,176 - WARNING - Synchronisation différée: 422 Client Error: Unprocessable Entity for url: https://portfolio-python-entreprise.onrender.com/ventes/synchroniser
2026-09-11 08:12:43,452 - WARNING - Synchronisation différée: 422 Client Error: Unprocessable Entity for url: https://portfolio-python-entreprise.onrender.com/ventes/synchroniser
2026-09-11 08:13:05,943 - WARNING - Synchronisation différée: 422 Client Error: Unprocessable Entity for url: https://portfolio-python-entreprise.onrender.com/ventes/synchroniser
2026-09-11 08:13:35,136 - WARNING - Synchronisation différée: 422 Client Error: Unprocessable Entity for url: https://portfolio-python-entreprise.onrender.com/ventes/synchroniser
2026-09-11 08:14:05,272 - WARNING - Synchronisation différée: 422 Client Error: Unprocessable Entity for url: https://portfolio-python-entreprise.onrender.com/ventes/synchroniser
2026-09-11 08:14:36,247 - WARNING - Synchronisation différée: 422 Client Error: Unprocessable Entity for url: https://portfolio-python-entreprise.onrender.com/ventes/synchroniser
2026-09-11 08:15:04,299 - WARNING - Synchronisation différée: 422 Client Error: Unprocessable Entity for url: https://portfolio-python-entreprise.onrender.com/ventes/synchroniser
2026-09-11 08:15:35,237 - WARNING - Synchronisation différée: 422 Client Error: Unprocessable Entity for url: https://portfolio-python-entreprise.onrender.com/ventes/synchroniser
2026-09-11 08:16:05,228 - WARNING - Synchronisation différée: 422 Client Error: Unprocessable Entity for url: https://portfolio-python-entreprise.onrender.com/ventes/synchroniser
2026-09-11 08:16:36,155 - WARNING - Synchronisation différée: 422 Client Error: Unprocessable Entity for url: https://portfolio-python-entreprise.onrender.com/ventes/synchroniser
2026-09-11 08:17:03,389 - WARNING - Synchronisation différée: 422 Client Error: Unprocessable Entity for url: https://portfolio-python-entreprise.onrender.com/ventes/synchroniser
2026-09-11 08:17:34,508 - WARNING - Synchronisation différée: 422 Client Error: Unprocessable Entity for url: https://portfolio-python-entreprise.onrender.com/ventes/synchroniser
2026-09-11 08:18:05,401 - WARNING - Synchronisation différée: 422 Client Error: Unprocessable Entity for url: https://portfolio-python-entreprise.onrender.com/ventes/synchroniser
2026-09-11 08:18:35,621 - WARNING - Synchronisation différée: 422 Client Error: Unprocessable Entity for url: https://portfolio-python-entreprise.onrender.com/ventes/synchroniser
2026-09-11 08:19:07,670 - WARNING - Synchronisation différée: 422 Client Error: Unprocessable Entity for url: https://portfolio-python-entreprise.onrender.com/ventes/synchroniser
2026-09-11 08:19:41,506 - WARNING - Synchronisation différée: HTTPSConnectionPool(host='portfolio-python-entreprise.onrender.com', port=443): Read timed out. (read timeout=8)
2026-09-11 08:20:03,658 - WARNING - Synchronisation différée: 422 Client Error: Unprocessable Entity for url: https://portfolio-python-entreprise.onrender.com/ventes/synchroniser
2026-09-11 08:20:35,543 - WARNING - Synchronisation différée: 422 Client Error: Unprocessable Entity for url: https://portfolio-python-entreprise.onrender.com/ventes/synchroniser
2026-09-11 08:21:03,435 - WARNING - Synchronisation différée: 422 Client Error: Unprocessable Entity for url: https://portfolio-python-entreprise.onrender.com/ventes/synchroniser
2026-09-11 08:21:33,038 - WARNING - Synchronisation différée: 422 Client Error: Unprocessable Entity for url: https://portfolio-python-entreprise.onrender.com/ventes/synchroniser
2026-09-11 08:22:03,339 - WARNING - Synchronisation différée: 422 Client Error: Unprocessable Entity for url: https://portfolio-python-entreprise.onrender.com/ventes/synchroniser
2026-09-11 08:22:37,041 - WARNING - Synchronisation différée: 422 Client Error: Unprocessable Entity for url: https://portfolio-python-entreprise.onrender.com/ventes/synchroniser
2026-09-11 08:23:04,703 - WARNING - Synchronisation différée: 422 Client Error: Unprocessable Entity for url: https://portfolio-python-entreprise.onrender.com/ventes/synchroniser
2026-09-11 08:23:33,593 - WARNING - Synchronisation différée: 422 Client Error: Unprocessable Entity for url: https://portfolio-python-entreprise.onrender.com/ventes/synchroniser
2026-09-11 08:24:05,011 - WARNING - Synchronisation différée: 422 Client Error: Unprocessable Entity for url: https://portfolio-python-entreprise.onrender.com/ventes/synchroniser
2026-09-11 08:24:34,257 - WARNING - Synchronisation différée: 422 Client Error: Unprocessable Entity for url: https://portfolio-python-entreprise.onrender.com/ventes/synchroniser
2026-09-11 08:25:04,225 - WARNING - Synchronisation différée: 422 Client Error: Unprocessable Entity for url: https://portfolio-python-entreprise.onrender.com/ventes/synchroniser
2026-09-11 08:25:33,495 - WARNING - Synchronisation différée: 422 Client Error: Unprocessable Entity for url: https://portfolio-python-entreprise.onrender.com/ventes/synchroniser
2026-09-11 08:26:04,704 - WARNING - Synchronisation différée: 422 Client Error: Unprocessable Entity for url: https://portfolio-python-entreprise.onrender.com/ventes/synchroniser
2026-09-11 08:26:37,431 - WARNING - Synchronisation différée: 422 Client Error: Unprocessable Entity for url: https://portfolio-python-entreprise.onrender.com/ventes/synchroniser
2026-09-11 08:27:04,532 - WARNING - Synchronisation différée: 422 Client Error: Unprocessable Entity for url: https://portfolio-python-entreprise.onrender.com/ventes/synchroniser
2026-09-11 08:27:39,565 - WARNING - Synchronisation différée: 422 Client Error: Unprocessable Entity for url: https://portfolio-python-entreprise.onrender.com/ventes/synchroniser
2026-09-11 08:28:05,157 - WARNING - Synchronisation différée: 422 Client Error: Unprocessable Entity for url: https://portfolio-python-entreprise.onrender.com/ventes/synchroniser
2026-09-11 08:28:43,752 - WARNING - Synchronisation différée: 422 Client Error: Unprocessable Entity for url: https://portfolio-python-entreprise.onrender.com/ventes/synchroniser
2026-09-11 08:29:06,319 - WARNING - Synchronisation différée: 422 Client Error: Unprocessable Entity for url: https://portfolio-python-entreprise.onrender.com/ventes/synchroniser
2026-09-11 08:29:33,481 - WARNING - Synchronisation différée: 422 Client Error: Unprocessable Entity for url: https://portfolio-python-entreprise.onrender.com/ventes/synchroniser
2026-09-11 08:30:03,498 - WARNING - Synchronisation différée: 422 Client Error: Unprocessable Entity for url: https://portfolio-python-entreprise.onrender.com/ventes/synchroniser
2026-09-11 08:30:33,917 - WARNING - Synchronisation différée: 422 Client Error: Unprocessable Entity for url: https://portfolio-python-entreprise.onrender.com/ventes/synchroniser
2026-09-11 08:31:04,619 - WARNING - Synchronisation différée: 422 Client Error: Unprocessable Entity for url: https://portfolio-python-entreprise.onrender.com/ventes/synchroniser
2026-09-11 08:31:36,428 - WARNING - Synchronisation différée: 422 Client Error: Unprocessable Entity for url: https://portfolio-python-entreprise.onrender.com/ventes/synchroniser
2026-09-11 08:32:06,037 - WARNING - Synchronisation différée: 422 Client Error: Unprocessable Entity for url: https://portfolio-python-entreprise.onrender.com/ventes/synchroniser
2026-09-11 08:32:36,189 - WARNING - Synchronisation différée: 422 Client Error: Unprocessable Entity for url: https://portfolio-python-entreprise.onrender.com/ventes/synchroniser
2026-09-11 08:33:08,651 - WARNING - Synchronisation différée: 422 Client Error: Unprocessable Entity for url: https://portfolio-python-entreprise.onrender.com/ventes/synchroniser
2026-09-11 08:33:35,142 - WARNING - Synchronisation différée: 422 Client Error: Unprocessable Entity for url: https://portfolio-python-entreprise.onrender.com/ventes/synchroniser
2026-09-12 10:46:00,340 - WARNING - Synchronisation différée: 422 Client Error: Unprocessable Entity for url: https://portfolio-python-entreprise.onrender.com/ventes/synchroniser
2026-09-12 10:46:29,925 - WARNING - Synchronisation différée: 422 Client Error: Unprocessable Entity for url: https://portfolio-python-entreprise.onrender.com/ventes/synchroniser
2026-09-12 10:46:59,727 - WARNING - Synchronisation différée: 422 Client Error: Unprocessable Entity for url: https://portfolio-python-entreprise.onrender.com/ventes/synchroniser
2026-09-12 10:47:29,896 - WARNING - Synchronisation différée: 422 Client Error: Unprocessable Entity for url: https://portfolio-python-entreprise.onrender.com/ventes/synchroniser
2026-09-12 10:47:46,752 - WARNING - Synchronisation différée: 422 Client Error: Unprocessable Entity for url: https://portfolio-python-entreprise.onrender.com/ventes/synchroniser
2026-09-12 10:48:17,018 - WARNING - Synchronisation différée: 422 Client Error: Unprocessable Entity for url: https://portfolio-python-entreprise.onrender.com/ventes/synchroniser
2026-09-12 10:48:45,012 - WARNING - Synchronisation différée: 422 Client Error: Unprocessable Entity for url: https://portfolio-python-entreprise.onrender.com/ventes/synchroniser
2026-09-12 10:48:46,527 - WARNING - Synchronisation différée: 422 Client Error: Unprocessable Entity for url: https://portfolio-python-entreprise.onrender.com/ventes/synchroniser
2026-09-12 10:49:22,078 - WARNING - Synchronisation différée: 422 Client Error: Unprocessable Entity for url: https://portfolio-python-entreprise.onrender.com/ventes/synchroniser
2026-09-12 10:49:47,858 - WARNING - Synchronisation différée: 422 Client Error: Unprocessable Entity for url: https://portfolio-python-entreprise.onrender.com/ventes/synchroniser
2026-09-12 10:50:18,477 - WARNING - Synchronisation différée: 422 Client Error: Unprocessable Entity for url: https://portfolio-python-entreprise.onrender.com/ventes/synchroniser
2026-09-12 10:50:48,613 - WARNING - Synchronisation différée: 422 Client Error: Unprocessable Entity for url: https://portfolio-python-entreprise.onrender.com/ventes/synchroniser
2026-09-12 10:51:16,964 - WARNING - Synchronisation différée: 422 Client Error: Unprocessable Entity for url: https://portfolio-python-entreprise.onrender.com/ventes/synchroniser
2026-09-12 10:51:49,925 - WARNING - Synchronisation différée: 422 Client Error: Unprocessable Entity for url: https://portfolio-python-entreprise.onrender.com/ventes/synchroniser
2026-09-12 10:52:18,069 - WARNING - Synchronisation différée: 422 Client Error: Unprocessable Entity for url: https://portfolio-python-entreprise.onrender.com/ventes/synchroniser
2026-09-12 10:52:51,371 - WARNING - Synchronisation différée: 422 Client Error: Unprocessable Entity for url: https://portfolio-python-entreprise.onrender.com/ventes/synchroniser
2026-09-12 10:53:16,682 - WARNING - Synchronisation différée: 422 Client Error: Unprocessable Entity for url: https://portfolio-python-entreprise.onrender.com/ventes/synchroniser
2026-09-12 10:53:51,194 - WARNING - Synchronisation différée: 422 Client Error: Unprocessable Entity for url: https://portfolio-python-entreprise.onrender.com/ventes/synchroniser
2026-09-12 10:54:16,671 - WARNING - Synchronisation différée: 422 Client Error: Unprocessable Entity for url: https://portfolio-python-entreprise.onrender.com/ventes/synchroniser
2026-09-12 10:54:46,772 - WARNING - Synchronisation différée: 422 Client Error: Unprocessable Entity for url: https://portfolio-python-entreprise.onrender.com/ventes/synchroniser
2026-09-12 10:55:18,757 - WARNING - Synchronisation différée: 422 Client Error: Unprocessable Entity for url: https://portfolio-python-entreprise.onrender.com/ventes/synchroniser
2026-09-12 10:55:53,253 - WARNING - Synchronisation différée: 422 Client Error: Unprocessable Entity for url: https://portfolio-python-entreprise.onrender.com/ventes/synchroniser
2026-09-12 10:56:16,645 - WARNING - Synchronisation différée: 422 Client Error: Unprocessable Entity for url: https://portfolio-python-entreprise.onrender.com/ventes/synchroniser
2026-09-12 10:56:46,883 - WARNING - Synchronisation différée: 422 Client Error: Unprocessable Entity for url: https://portfolio-python-entreprise.onrender.com/ventes/synchroniser
2026-09-12 10:57:16,716 - WARNING - Synchronisation différée: 422 Client Error: Unprocessable Entity for url: https://portfolio-python-entreprise.onrender.com/ventes/synchroniser
2026-09-12 10:57:46,779 - WARNING - Synchronisation différée: 422 Client Error: Unprocessable Entity for url: https://portfolio-python-entreprise.onrender.com/ventes/synchroniser
2026-09-12 10:58:16,763 - WARNING - Synchronisation différée: 422 Client Error: Unprocessable Entity for url: https://portfolio-python-entreprise.onrender.com/ventes/synchroniser
2026-09-12 10:58:48,496 - WARNING - Synchronisation différée: 422 Client Error: Unprocessable Entity for url: https://portfolio-python-entreprise.onrender.com/ventes/synchroniser
2026-09-12 10:59:17,625 - WARNING - Synchronisation différée: 422 Client Error: Unprocessable Entity for url: https://portfolio-python-entreprise.onrender.com/ventes/synchroniser
2026-09-12 10:59:47,403 - WARNING - Synchronisation différée: 422 Client Error: Unprocessable Entity for url: https://portfolio-python-entreprise.onrender.com/ventes/synchroniser
2026-09-12 11:00:17,797 - WARNING - Synchronisation différée: 422 Client Error: Unprocessable Entity for url: https://portfolio-python-entreprise.onrender.com/ventes/synchroniser
2026-09-12 11:00:47,284 - WARNING - Synchronisation différée: 422 Client Error: Unprocessable Entity for url: https://portfolio-python-entreprise.onrender.com/ventes/synchroniser
2026-09-12 11:01:17,667 - WARNING - Synchronisation différée: 422 Client Error: Unprocessable Entity for url: https://portfolio-python-entreprise.onrender.com/ventes/synchroniser
2026-09-12 11:01:46,918 - WARNING - Synchronisation différée: 422 Client Error: Unprocessable Entity for url: https://portfolio-python-entreprise.onrender.com/ventes/synchroniser
2026-09-12 11:02:19,645 - WARNING - Synchronisation différée: 422 Client Error: Unprocessable Entity for url: https://portfolio-python-entreprise.onrender.com/ventes/synchroniser
2026-09-12 11:02:47,505 - WARNING - Synchronisation différée: 422 Client Error: Unprocessable Entity for url: https://portfolio-python-entreprise.onrender.com/ventes/synchroniser
2026-09-12 11:03:18,191 - WARNING - Synchronisation différée: 422 Client Error: Unprocessable Entity for url: https://portfolio-python-entreprise.onrender.com/ventes/synchroniser
2026-09-12 13:28:29,247 - WARNING - Synchronisation différée: 422 Client Error: Unprocessable Entity for url: https://portfolio-python-entreprise.onrender.com/ventes/synchroniser
2026-09-12 13:28:58,822 - WARNING - Synchronisation différée: 422 Client Error: Unprocessable Entity for url: https://portfolio-python-entreprise.onrender.com/ventes/synchroniser
2026-09-12 13:29:15,632 - WARNING - Synchronisation différée: 422 Client Error: Unprocessable Entity for url: https://portfolio-python-entreprise.onrender.com/ventes/synchroniser
2026-09-12 13:29:46,586 - WARNING - Synchronisation différée: 422 Client Error: Unprocessable Entity for url: https://portfolio-python-entreprise.onrender.com/ventes/synchroniser
2026-09-12 13:30:04,028 - WARNING - Synchronisation différée: 422 Client Error: Unprocessable Entity for url: https://portfolio-python-entreprise.onrender.com/ventes/synchroniser
2026-09-12 13:30:15,385 - WARNING - Synchronisation différée: 422 Client Error: Unprocessable Entity for url: https://portfolio-python-entreprise.onrender.com/ventes/synchroniser
2026-09-12 13:30:32,486 - WARNING - Synchronisation différée: 422 Client Error: Unprocessable Entity for url: https://portfolio-python-entreprise.onrender.com/ventes/synchroniser
2026-09-12 13:31:00,770 - WARNING - Synchronisation différée: 422 Client Error: Unprocessable Entity for url: https://portfolio-python-entreprise.onrender.com/ventes/synchroniser
2026-09-12 13:31:31,373 - WARNING - Synchronisation différée: 422 Client Error: Unprocessable Entity for url: https://portfolio-python-entreprise.onrender.com/ventes/synchroniser
2026-09-12 13:32:01,711 - WARNING - Synchronisation différée: 422 Client Error: Unprocessable Entity for url: https://portfolio-python-entreprise.onrender.com/ventes/synchroniser
2026-09-12 13:32:09,382 - WARNING - Synchronisation différée: 422 Client Error: Unprocessable Entity for url: https://portfolio-python-entreprise.onrender.com/ventes/synchroniser
2026-09-12 13:32:30,868 - WARNING - Synchronisation différée: 422 Client Error: Unprocessable Entity for url: https://portfolio-python-entreprise.onrender.com/ventes/synchroniser
2026-09-12 13:33:01,342 - WARNING - Synchronisation différée: 422 Client Error: Unprocessable Entity for url: https://portfolio-python-entreprise.onrender.com/ventes/synchroniser
2026-09-12 13:33:30,452 - WARNING - Synchronisation différée: 422 Client Error: Unprocessable Entity for url: https://portfolio-python-entreprise.onrender.com/ventes/synchroniser
2026-09-12 13:34:00,336 - WARNING - Synchronisation différée: 422 Client Error: Unprocessable Entity for url: https://portfolio-python-entreprise.onrender.com/ventes/synchroniser
2026-09-12 13:34:30,532 - WARNING - Synchronisation différée: 422 Client Error: Unprocessable Entity for url: https://portfolio-python-entreprise.onrender.com/ventes/synchroniser
2026-09-12 13:35:01,586 - WARNING - Synchronisation différée: 422 Client Error: Unprocessable Entity for url: https://portfolio-python-entreprise.onrender.com/ventes/synchroniser
2026-09-12 13:35:31,268 - WARNING - Synchronisation différée: 422 Client Error: Unprocessable Entity for url: https://portfolio-python-entreprise.onrender.com/ventes/synchroniser
2026-09-12 13:36:00,617 - WARNING - Synchronisation différée: 422 Client Error: Unprocessable Entity for url: https://portfolio-python-entreprise.onrender.com/ventes/synchroniser
2026-09-12 13:36:30,989 - WARNING - Synchronisation différée: 422 Client Error: Unprocessable Entity for url: https://portfolio-python-entreprise.onrender.com/ventes/synchroniser
2026-09-12 13:37:01,140 - WARNING - Synchronisation différée: 422 Client Error: Unprocessable Entity for url: https://portfolio-python-entreprise.onrender.com/ventes/synchroniser
2026-09-12 13:37:30,050 - WARNING - Synchronisation différée: 422 Client Error: Unprocessable Entity for url: https://portfolio-python-entreprise.onrender.com/ventes/synchroniser
2026-09-12 13:38:00,869 - WARNING - Synchronisation différée: 422 Client Error: Unprocessable Entity for url: https://portfolio-python-entreprise.onrender.com/ventes/synchroniser
2026-09-12 13:38:31,853 - WARNING - Synchronisation différée: 422 Client Error: Unprocessable Entity for url: https://portfolio-python-entreprise.onrender.com/ventes/synchroniser
2026-09-12 13:39:01,186 - WARNING - Synchronisation différée: 422 Client Error: Unprocessable Entity for url: https://portfolio-python-entreprise.onrender.com/ventes/synchroniser
2026-09-12 13:39:30,112 - WARNING - Synchronisation différée: 422 Client Error: Unprocessable Entity for url: https://portfolio-python-entreprise.onrender.com/ventes/synchroniser
2026-09-12 13:40:00,354 - WARNING - Synchronisation différée: 422 Client Error: Unprocessable Entity for url: https://portfolio-python-entreprise.onrender.com/ventes/synchroniser
2026-09-12 13:40:31,489 - WARNING - Synchronisation différée: 422 Client Error: Unprocessable Entity for url: https://portfolio-python-entreprise.onrender.com/ventes/synchroniser
2026-09-12 13:41:02,490 - WARNING - Synchronisation différée: 422 Client Error: Unprocessable Entity for url: https://portfolio-python-entreprise.onrender.com/ventes/synchroniser
2026-09-12 13:41:30,388 - WARNING - Synchronisation différée: 422 Client Error: Unprocessable Entity for url: https://portfolio-python-entreprise.onrender.com/ventes/synchroniser
2026-09-12 13:42:00,656 - WARNING - Synchronisation différée: 422 Client Error: Unprocessable Entity for url: https://portfolio-python-entreprise.onrender.com/ventes/synchroniser
2026-09-12 13:42:30,756 - WARNING - Synchronisation différée: 422 Client Error: Unprocessable Entity for url: https://portfolio-python-entreprise.onrender.com/ventes/synchroniser
2026-09-12 13:43:02,334 - WARNING - Synchronisation différée: 422 Client Error: Unprocessable Entity for url: https://portfolio-python-entreprise.onrender.com/ventes/synchroniser
2026-09-12 13:43:32,243 - WARNING - Synchronisation différée: 422 Client Error: Unprocessable Entity for url: https://portfolio-python-entreprise.onrender.com/ventes/synchroniser
2026-09-12 13:44:01,333 - WARNING - Synchronisation différée: 422 Client Error: Unprocessable Entity for url: https://portfolio-python-entreprise.onrender.com/ventes/synchroniser
2026-09-12 13:44:31,422 - WARNING - Synchronisation différée: 422 Client Error: Unprocessable Entity for url: https://portfolio-python-entreprise.onrender.com/ventes/synchroniser
2026-09-12 13:45:00,456 - WARNING - Synchronisation différée: 422 Client Error: Unprocessable Entity for url: https://portfolio-python-entreprise.onrender.com/ventes/synchroniser
2026-09-12 13:45:32,346 - WARNING - Synchronisation différée: 422 Client Error: Unprocessable Entity for url: https://portfolio-python-entreprise.onrender.com/ventes/synchroniser
2026-09-12 13:46:06,819 - WARNING - Synchronisation différée: 422 Client Error: Unprocessable Entity for url: https://portfolio-python-entreprise.onrender.com/ventes/synchroniser
2026-09-12 13:46:38,400 - WARNING - Synchronisation différée: 422 Client Error: Unprocessable Entity for url: https://portfolio-python-entreprise.onrender.com/ventes/synchroniser
2026-09-12 13:47:00,859 - WARNING - Synchronisation différée: 422 Client Error: Unprocessable Entity for url: https://portfolio-python-entreprise.onrender.com/ventes/synchroniser
2026-09-12 13:47:31,162 - WARNING - Synchronisation différée: 422 Client Error: Unprocessable Entity for url: https://portfolio-python-entreprise.onrender.com/ventes/synchroniser
2026-09-12 13:48:01,328 - WARNING - Synchronisation différée: 422 Client Error: Unprocessable Entity for url: https://portfolio-python-entreprise.onrender.com/ventes/synchroniser
2026-09-12 13:48:30,721 - WARNING - Synchronisation différée: 422 Client Error: Unprocessable Entity for url: https://portfolio-python-entreprise.onrender.com/ventes/synchroniser
2026-09-12 13:49:00,474 - WARNING - Synchronisation différée: 422 Client Error: Unprocessable Entity for url: https://portfolio-python-entreprise.onrender.com/ventes/synchroniser
2026-09-12 13:49:31,832 - WARNING - Synchronisation différée: 422 Client Error: Unprocessable Entity for url: https://portfolio-python-entreprise.onrender.com/ventes/synchroniser
2026-09-12 13:50:01,692 - WARNING - Synchronisation différée: 422 Client Error: Unprocessable Entity for url: https://portfolio-python-entreprise.onrender.com/ventes/synchroniser
2026-09-12 13:50:32,119 - WARNING - Synchronisation différée: 422 Client Error: Unprocessable Entity for url: https://portfolio-python-entreprise.onrender.com/ventes/synchroniser
2026-09-12 13:51:00,921 - WARNING - Synchronisation différée: 422 Client Error: Unprocessable Entity for url: https://portfolio-python-entreprise.onrender.com/ventes/synchroniser
2026-09-12 13:51:30,430 - WARNING - Synchronisation différée: 422 Client Error: Unprocessable Entity for url: https://portfolio-python-entreprise.onrender.com/ventes/synchroniser
2026-09-13 17:39:56,146 - WARNING - Synchronisation différée: 422 Client Error: Unprocessable Entity for url: https://portfolio-python-entreprise.onrender.com/ventes/synchroniser
2026-09-13 17:40:25,388 - WARNING - Synchronisation différée: 422 Client Error: Unprocessable Entity for url: https://portfolio-python-entreprise.onrender.com/ventes/synchroniser
2026-09-13 17:40:59,966 - WARNING - Synchronisation différée: HTTPSConnectionPool(host='portfolio-python-entreprise.onrender.com', port=443): Read timed out. (read timeout=8)
2026-09-13 17:41:03,241 - WARNING - Synchronisation différée: HTTPSConnectionPool(host='portfolio-python-entreprise.onrender.com', port=443): Read timed out. (read timeout=8)
2026-09-13 17:41:26,043 - WARNING - Synchronisation différée: 422 Client Error: Unprocessable Entity for url: https://portfolio-python-entreprise.onrender.com/ventes/synchroniser
2026-09-13 17:41:55,900 - WARNING - Synchronisation différée: 422 Client Error: Unprocessable Entity for url: https://portfolio-python-entreprise.onrender.com/ventes/synchroniser
2026-09-13 17:42:32,862 - WARNING - Synchronisation différée: HTTPSConnectionPool(host='portfolio-python-entreprise.onrender.com', port=443): Read timed out. (read timeout=8)
2026-09-13 17:42:56,547 - WARNING - Synchronisation différée: 422 Client Error: Unprocessable Entity for url: https://portfolio-python-entreprise.onrender.com/ventes/synchroniser
2026-09-13 17:43:37,247 - WARNING - Synchronisation différée: 422 Client Error: Unprocessable Entity for url: https://portfolio-python-entreprise.onrender.com/ventes/synchroniser
2026-09-13 17:44:05,842 - WARNING - Synchronisation différée: 422 Client Error: Unprocessable Entity for url: https://portfolio-python-entreprise.onrender.com/ventes/synchroniser
2026-09-13 17:44:20,415 - WARNING - Synchronisation différée: 422 Client Error: Unprocessable Entity for url: https://portfolio-python-entreprise.onrender.com/ventes/synchroniser
2026-09-13 17:44:35,836 - WARNING - Synchronisation différée: 422 Client Error: Unprocessable Entity for url: https://portfolio-python-entreprise.onrender.com/ventes/synchroniser
2026-09-13 17:45:06,050 - WARNING - Synchronisation différée: 422 Client Error: Unprocessable Entity for url: https://portfolio-python-entreprise.onrender.com/ventes/synchroniser
2026-09-13 17:45:36,055 - WARNING - Synchronisation différée: 422 Client Error: Unprocessable Entity for url: https://portfolio-python-entreprise.onrender.com/ventes/synchroniser
2026-09-13 17:46:06,021 - WARNING - Synchronisation différée: 422 Client Error: Unprocessable Entity for url: https://portfolio-python-entreprise.onrender.com/ventes/synchroniser
2026-09-13 17:46:43,180 - WARNING - Synchronisation différée: 422 Client Error: Unprocessable Entity for url: https://portfolio-python-entreprise.onrender.com/ventes/synchroniser
2026-09-13 17:47:06,041 - WARNING - Synchronisation différée: 422 Client Error: Unprocessable Entity for url: https://portfolio-python-entreprise.onrender.com/ventes/synchroniser
2026-09-13 17:47:43,025 - WARNING - Synchronisation différée: 422 Client Error: Unprocessable Entity for url: https://portfolio-python-entreprise.onrender.com/ventes/synchroniser
2026-09-13 17:48:09,561 - WARNING - Synchronisation différée: 422 Client Error: Unprocessable Entity for url: https://portfolio-python-entreprise.onrender.com/ventes/synchroniser
2026-09-13 17:48:35,806 - WARNING - Synchronisation différée: 422 Client Error: Unprocessable Entity for url: https://portfolio-python-entreprise.onrender.com/ventes/synchroniser
2026-09-13 17:49:09,223 - WARNING - Synchronisation différée: 422 Client Error: Unprocessable Entity for url: https://portfolio-python-entreprise.onrender.com/ventes/synchroniser
2026-09-13 17:49:35,883 - WARNING - Synchronisation différée: 422 Client Error: Unprocessable Entity for url: https://portfolio-python-entreprise.onrender.com/ventes/synchroniser
2026-09-13 17:50:05,950 - WARNING - Synchronisation différée: 422 Client Error: Unprocessable Entity for url: https://portfolio-python-entreprise.onrender.com/ventes/synchroniser
2026-09-13 17:50:37,278 - WARNING - Synchronisation différée: 422 Client Error: Unprocessable Entity for url: https://portfolio-python-entreprise.onrender.com/ventes/synchroniser
2026-09-13 17:51:06,019 - WARNING - Synchronisation différée: 422 Client Error: Unprocessable Entity for url: https://portfolio-python-entreprise.onrender.com/ventes/synchroniser
2026-09-13 17:51:35,898 - WARNING - Synchronisation différée: 422 Client Error: Unprocessable Entity for url: https://portfolio-python-entreprise.onrender.com/ventes/synchroniser
2026-09-13 17:52:05,940 - WARNING - Synchronisation différée: 422 Client Error: Unprocessable Entity for url: https://portfolio-python-entreprise.onrender.com/ventes/synchroniser
2026-09-13 17:52:40,153 - WARNING - Synchronisation différée: 422 Client Error: Unprocessable Entity for url: https://portfolio-python-entreprise.onrender.com/ventes/synchroniser
2026-09-13 17:53:07,324 - WARNING - Synchronisation différée: 422 Client Error: Unprocessable Entity for url: https://portfolio-python-entreprise.onrender.com/ventes/synchroniser
2026-09-13 17:53:37,403 - WARNING - Synchronisation différée: 422 Client Error: Unprocessable Entity for url: https://portfolio-python-entreprise.onrender.com/ventes/synchroniser
2026-09-13 17:54:05,977 - WARNING - Synchronisation différée: 422 Client Error: Unprocessable Entity for url: https://portfolio-python-entreprise.onrender.com/ventes/synchroniser
2026-09-13 17:54:37,272 - WARNING - Synchronisation différée: 422 Client Error: Unprocessable Entity for url: https://portfolio-python-entreprise.onrender.com/ventes/synchroniser
2026-09-13 17:55:06,989 - WARNING - Synchronisation différée: 422 Client Error: Unprocessable Entity for url: https://portfolio-python-entreprise.onrender.com/ventes/synchroniser
2026-09-13 17:55:36,102 - WARNING - Synchronisation différée: 422 Client Error: Unprocessable Entity for url: https://portfolio-python-entreprise.onrender.com/ventes/synchroniser
2026-09-13 17:56:08,383 - WARNING - Synchronisation différée: 422 Client Error: Unprocessable Entity for url: https://portfolio-python-entreprise.onrender.com/ventes/synchroniser
2026-09-13 17:56:36,161 - WARNING - Synchronisation différée: 422 Client Error: Unprocessable Entity for url: https://portfolio-python-entreprise.onrender.com/ventes/synchroniser
2026-09-13 17:57:14,710 - WARNING - Synchronisation différée: 422 Client Error: Unprocessable Entity for url: https://portfolio-python-entreprise.onrender.com/ventes/synchroniser
2026-09-13 17:57:39,854 - WARNING - Synchronisation différée: 422 Client Error: Unprocessable Entity for url: https://portfolio-python-entreprise.onrender.com/ventes/synchroniser
2026-09-13 17:58:08,088 - WARNING - Synchronisation différée: 422 Client Error: Unprocessable Entity for url: https://portfolio-python-entreprise.onrender.com/ventes/synchroniser
2026-09-13 17:58:40,623 - WARNING - Synchronisation différée: 422 Client Error: Unprocessable Entity for url: https://portfolio-python-entreprise.onrender.com/ventes/synchroniser
2026-09-13 17:59:08,600 - WARNING - Synchronisation différée: 422 Client Error: Unprocessable Entity for url: https://portfolio-python-entreprise.onrender.com/ventes/synchroniser
2026-09-13 17:59:36,946 - WARNING - Synchronisation différée: 422 Client Error: Unprocessable Entity for url: https://portfolio-python-entreprise.onrender.com/ventes/synchroniser
2026-09-13 18:00:06,160 - WARNING - Synchronisation différée: 422 Client Error: Unprocessable Entity for url: https://portfolio-python-entreprise.onrender.com/ventes/synchroniser
2026-09-13 18:00:39,796 - WARNING - Synchronisation différée: 422 Client Error: Unprocessable Entity for url: https://portfolio-python-entreprise.onrender.com/ventes/synchroniser
2026-09-13 18:01:06,372 - WARNING - Synchronisation différée: 422 Client Error: Unprocessable Entity for url: https://portfolio-python-entreprise.onrender.com/ventes/synchroniser
2026-09-13 18:01:38,361 - WARNING - Synchronisation différée: 422 Client Error: Unprocessable Entity for url: https://portfolio-python-entreprise.onrender.com/ventes/synchroniser
2026-09-13 18:02:06,175 - WARNING - Synchronisation différée: 422 Client Error: Unprocessable Entity for url: https://portfolio-python-entreprise.onrender.com/ventes/synchroniser
2026-09-13 18:02:36,110 - WARNING - Synchronisation différée: 422 Client Error: Unprocessable Entity for url: https://portfolio-python-entreprise.onrender.com/ventes/synchroniser
2026-09-13 18:03:10,147 - WARNING - Synchronisation différée: 422 Client Error: Unprocessable Entity for url: https://portfolio-python-entreprise.onrender.com/ventes/synchroniser
2026-09-13 18:03:36,813 - WARNING - Synchronisation différée: 422 Client Error: Unprocessable Entity for url: https://portfolio-python-entreprise.onrender.com/ventes/synchroniser
2026-09-13 18:04:07,192 - WARNING - Synchronisation différée: 422 Client Error: Unprocessable Entity for url: https://portfolio-python-entreprise.onrender.com/ventes/synchroniser
2026-09-13 18:04:37,190 - WARNING - Synchronisation différée: 422 Client Error: Unprocessable Entity for url: https://portfolio-python-entreprise.onrender.com/ventes/synchroniser
2026-09-13 18:05:07,086 - WARNING - Synchronisation différée: 422 Client Error: Unprocessable Entity for url: https://portfolio-python-entreprise.onrender.com/ventes/synchroniser
2026-09-13 18:05:38,718 - WARNING - Synchronisation différée: 422 Client Error: Unprocessable Entity for url: https://portfolio-python-entreprise.onrender.com/ventes/synchroniser
2026-09-13 18:06:06,989 - WARNING - Synchronisation différée: 422 Client Error: Unprocessable Entity for url: https://portfolio-python-entreprise.onrender.com/ventes/synchroniser
2026-09-13 18:06:38,414 - WARNING - Synchronisation différée: 422 Client Error: Unprocessable Entity for url: https://portfolio-python-entreprise.onrender.com/ventes/synchroniser
2026-09-13 18:07:06,250 - WARNING - Synchronisation différée: 422 Client Error: Unprocessable Entity for url: https://portfolio-python-entreprise.onrender.com/ventes/synchroniser
2026-09-13 18:07:40,320 - WARNING - Synchronisation différée: 422 Client Error: Unprocessable Entity for url: https://portfolio-python-entreprise.onrender.com/ventes/synchroniser
2026-09-13 18:08:09,761 - WARNING - Synchronisation différée: 422 Client Error: Unprocessable Entity for url: https://portfolio-python-entreprise.onrender.com/ventes/synchroniser
2026-09-13 18:09:02,522 - WARNING - Synchronisation différée: 401 Client Error: Unauthorized for url: https://portfolio-python-entreprise.onrender.com/ventes/synchroniser
2026-09-13 18:09:31,631 - WARNING - Synchronisation différée: 401 Client Error: Unauthorized for url: https://portfolio-python-entreprise.onrender.com/ventes/synchroniser
2026-09-13 18:09:32,256 - WARNING - Synchronisation différée: 401 Client Error: Unauthorized for url: https://portfolio-python-entreprise.onrender.com/ventes/synchroniser
2026-09-13 18:10:02,834 - WARNING - Synchronisation différée: 401 Client Error: Unauthorized for url: https://portfolio-python-entreprise.onrender.com/ventes/synchroniser
2026-09-13 18:10:30,319 - WARNING - Synchronisation différée: 401 Client Error: Unauthorized for url: https://portfolio-python-entreprise.onrender.com/ventes/synchroniser
2026-09-13 18:11:00,419 - WARNING - Synchronisation différée: 401 Client Error: Unauthorized for url: https://portfolio-python-entreprise.onrender.com/ventes/synchroniser
2026-09-13 18:11:30,672 - WARNING - Synchronisation différée: 401 Client Error: Unauthorized for url: https://portfolio-python-entreprise.onrender.com/ventes/synchroniser
2026-09-14 08:11:38,652 - WARNING - Synchronisation différée: 401 Client Error: Unauthorized for url: https://portfolio-python-entreprise.onrender.com/ventes/synchroniser
2026-09-14 08:12:06,066 - WARNING - Synchronisation différée: 401 Client Error: Unauthorized for url: https://portfolio-python-entreprise.onrender.com/ventes/synchroniser
2026-09-14 08:12:24,430 - WARNING - Synchronisation différée: 401 Client Error: Unauthorized for url: https://portfolio-python-entreprise.onrender.com/ventes/synchroniser
2026-09-14 08:12:36,938 - WARNING - Synchronisation différée: 401 Client Error: Unauthorized for url: https://portfolio-python-entreprise.onrender.com/ventes/synchroniser
2026-09-14 08:13:04,715 - WARNING - Synchronisation différée: 401 Client Error: Unauthorized for url: https://portfolio-python-entreprise.onrender.com/ventes/synchroniser
2026-09-14 08:13:36,331 - WARNING - Synchronisation différée: 401 Client Error: Unauthorized for url: https://portfolio-python-entreprise.onrender.com/ventes/synchroniser
2026-09-14 08:14:08,483 - WARNING - Synchronisation différée: 401 Client Error: Unauthorized for url: https://portfolio-python-entreprise.onrender.com/ventes/synchroniser
2026-09-14 08:14:37,117 - WARNING - Synchronisation différée: 401 Client Error: Unauthorized for url: https://portfolio-python-entreprise.onrender.com/ventes/synchroniser
2026-09-14 08:15:06,203 - WARNING - Synchronisation différée: 401 Client Error: Unauthorized for url: https://portfolio-python-entreprise.onrender.com/ventes/synchroniser
2026-09-14 08:15:36,373 - WARNING - Synchronisation différée: 401 Client Error: Unauthorized for url: https://portfolio-python-entreprise.onrender.com/ventes/synchroniser
2026-09-14 08:16:04,522 - WARNING - Synchronisation différée: 401 Client Error: Unauthorized for url: https://portfolio-python-entreprise.onrender.com/ventes/synchroniser
2026-09-14 08:16:34,757 - WARNING - Synchronisation différée: 401 Client Error: Unauthorized for url: https://portfolio-python-entreprise.onrender.com/ventes/synchroniser
2026-09-14 08:17:08,045 - WARNING - Synchronisation différée: 401 Client Error: Unauthorized for url: https://portfolio-python-entreprise.onrender.com/ventes/synchroniser
2026-09-14 08:17:36,127 - WARNING - Synchronisation différée: 401 Client Error: Unauthorized for url: https://portfolio-python-entreprise.onrender.com/ventes/synchroniser
2026-09-14 08:18:05,320 - WARNING - Synchronisation différée: 401 Client Error: Unauthorized for url: https://portfolio-python-entreprise.onrender.com/ventes/synchroniser
2026-09-14 08:18:35,822 - WARNING - Synchronisation différée: 401 Client Error: Unauthorized for url: https://portfolio-python-entreprise.onrender.com/ventes/synchroniser
2026-09-14 08:19:12,290 - WARNING - Synchronisation différée: HTTPSConnectionPool(host='portfolio-python-entreprise.onrender.com', port=443): Read timed out. (read timeout=8)
2026-09-14 08:19:42,685 - WARNING - Synchronisation différée: 401 Client Error: Unauthorized for url: https://portfolio-python-entreprise.onrender.com/ventes/synchroniser
2026-09-14 08:20:07,620 - WARNING - Synchronisation différée: 401 Client Error: Unauthorized for url: https://portfolio-python-entreprise.onrender.com/ventes/synchroniser
2026-09-14 08:20:36,510 - WARNING - Synchronisation différée: 401 Client Error: Unauthorized for url: https://portfolio-python-entreprise.onrender.com/ventes/synchroniser
2026-09-14 08:21:12,571 - WARNING - Synchronisation différée: 401 Client Error: Unauthorized for url: https://portfolio-python-entreprise.onrender.com/ventes/synchroniser
2026-09-14 08:21:35,157 - WARNING - Synchronisation différée: 401 Client Error: Unauthorized for url: https://portfolio-python-entreprise.onrender.com/ventes/synchroniser
2026-09-14 08:22:07,526 - WARNING - Synchronisation différée: 401 Client Error: Unauthorized for url: https://portfolio-python-entreprise.onrender.com/ventes/synchroniser
2026-09-14 08:22:38,118 - WARNING - Synchronisation différée: 401 Client Error: Unauthorized for url: https://portfolio-python-entreprise.onrender.com/ventes/synchroniser
2026-09-14 08:23:05,535 - WARNING - Synchronisation différée: 401 Client Error: Unauthorized for url: https://portfolio-python-entreprise.onrender.com/ventes/synchroniser
2026-09-14 08:23:35,298 - WARNING - Synchronisation différée: 401 Client Error: Unauthorized for url: https://portfolio-python-entreprise.onrender.com/ventes/synchroniser
2026-09-14 08:24:06,457 - WARNING - Synchronisation différée: 401 Client Error: Unauthorized for url: https://portfolio-python-entreprise.onrender.com/ventes/synchroniser
2026-09-14 08:24:36,375 - WARNING - Synchronisation différée: 401 Client Error: Unauthorized for url: https://portfolio-python-entreprise.onrender.com/ventes/synchroniser
2026-09-14 08:25:07,105 - WARNING - Synchronisation différée: 401 Client Error: Unauthorized for url: https://portfolio-python-entreprise.onrender.com/ventes/synchroniser
2026-09-14 08:25:34,844 - WARNING - Synchronisation différée: 401 Client Error: Unauthorized for url: https://portfolio-python-entreprise.onrender.com/ventes/synchroniser
2026-09-14 08:26:06,127 - WARNING - Synchronisation différée: 401 Client Error: Unauthorized for url: https://portfolio-python-entreprise.onrender.com/ventes/synchroniser
2026-09-14 08:26:35,071 - WARNING - Synchronisation différée: 401 Client Error: Unauthorized for url: https://portfolio-python-entreprise.onrender.com/ventes/synchroniser
2026-09-14 08:27:12,539 - WARNING - Synchronisation différée: HTTPSConnectionPool(host='portfolio-python-entreprise.onrender.com', port=443): Read timed out. (read timeout=8)
2026-09-14 08:27:39,023 - WARNING - Synchronisation différée: 401 Client Error: Unauthorized for url: https://portfolio-python-entreprise.onrender.com/ventes/synchroniser
2026-09-14 08:28:05,234 - WARNING - Synchronisation différée: 401 Client Error: Unauthorized for url: https://portfolio-python-entreprise.onrender.com/ventes/synchroniser
2026-09-14 08:28:44,179 - WARNING - Synchronisation différée: 401 Client Error: Unauthorized for url: https://portfolio-python-entreprise.onrender.com/ventes/synchroniser
2026-09-14 08:29:05,522 - WARNING - Synchronisation différée: 401 Client Error: Unauthorized for url: https://portfolio-python-entreprise.onrender.com/ventes/synchroniser
2026-09-14 08:29:36,816 - WARNING - Synchronisation différée: 401 Client Error: Unauthorized for url: https://portfolio-python-entreprise.onrender.com/ventes/synchroniser
2026-09-14 08:30:07,127 - WARNING - Synchronisation différée: 401 Client Error: Unauthorized for url: https://portfolio-python-entreprise.onrender.com/ventes/synchroniser
2026-09-14 08:30:34,474 - WARNING - Synchronisation différée: HTTPSConnectionPool(host='portfolio-python-entreprise.onrender.com', port=443): Max retries exceeded with url: /ventes/synchroniser (Caused by NameResolutionError("HTTPSConnection(host='portfolio-python-entreprise.onrender.com', port=443): Failed to resolve 'portfolio-python-entreprise.onrender.com' ([Errno 11001] getaddrinfo failed)"))
2026-09-14 08:31:03,536 - WARNING - Synchronisation différée: HTTPSConnectionPool(host='portfolio-python-entreprise.onrender.com', port=443): Max retries exceeded with url: /ventes/synchroniser (Caused by NameResolutionError("HTTPSConnection(host='portfolio-python-entreprise.onrender.com', port=443): Failed to resolve 'portfolio-python-entreprise.onrender.com' ([Errno 11001] getaddrinfo failed)"))
2026-09-14 08:31:33,648 - WARNING - Synchronisation différée: HTTPSConnectionPool(host='portfolio-python-entreprise.onrender.com', port=443): Max retries exceeded with url: /ventes/synchroniser (Caused by NameResolutionError("HTTPSConnection(host='portfolio-python-entreprise.onrender.com', port=443): Failed to resolve 'portfolio-python-entreprise.onrender.com' ([Errno 11001] getaddrinfo failed)"))
2026-09-14 08:32:03,565 - WARNING - Synchronisation différée: HTTPSConnectionPool(host='portfolio-python-entreprise.onrender.com', port=443): Max retries exceeded with url: /ventes/synchroniser (Caused by NameResolutionError("HTTPSConnection(host='portfolio-python-entreprise.onrender.com', port=443): Failed to resolve 'portfolio-python-entreprise.onrender.com' ([Errno 11001] getaddrinfo failed)"))
2026-09-14 08:32:33,684 - WARNING - Synchronisation différée: HTTPSConnectionPool(host='portfolio-python-entreprise.onrender.com', port=443): Max retries exceeded with url: /ventes/synchroniser (Caused by NameResolutionError("HTTPSConnection(host='portfolio-python-entreprise.onrender.com', port=443): Failed to resolve 'portfolio-python-entreprise.onrender.com' ([Errno 11001] getaddrinfo failed)"))
2026-09-14 08:33:03,567 - WARNING - Synchronisation différée: HTTPSConnectionPool(host='portfolio-python-entreprise.onrender.com', port=443): Max retries exceeded with url: /ventes/synchroniser (Caused by NameResolutionError("HTTPSConnection(host='portfolio-python-entreprise.onrender.com', port=443): Failed to resolve 'portfolio-python-entreprise.onrender.com' ([Errno 11001] getaddrinfo failed)"))
2026-09-14 08:33:34,015 - WARNING - Synchronisation différée: HTTPSConnectionPool(host='portfolio-python-entreprise.onrender.com', port=443): Max retries exceeded with url: /ventes/synchroniser (Caused by NameResolutionError("HTTPSConnection(host='portfolio-python-entreprise.onrender.com', port=443): Failed to resolve 'portfolio-python-entreprise.onrender.com' ([Errno 11001] getaddrinfo failed)"))
2026-09-14 08:34:03,824 - WARNING - Synchronisation différée: HTTPSConnectionPool(host='portfolio-python-entreprise.onrender.com', port=443): Max retries exceeded with url: /ventes/synchroniser (Caused by NameResolutionError("HTTPSConnection(host='portfolio-python-entreprise.onrender.com', port=443): Failed to resolve 'portfolio-python-entreprise.onrender.com' ([Errno 11001] getaddrinfo failed)"))
2026-09-14 08:34:33,645 - WARNING - Synchronisation différée: HTTPSConnectionPool(host='portfolio-python-entreprise.onrender.com', port=443): Max retries exceeded with url: /ventes/synchroniser (Caused by NameResolutionError("HTTPSConnection(host='portfolio-python-entreprise.onrender.com', port=443): Failed to resolve 'portfolio-python-entreprise.onrender.com' ([Errno 11001] getaddrinfo failed)"))
2026-09-14 08:35:03,579 - WARNING - Synchronisation différée: HTTPSConnectionPool(host='portfolio-python-entreprise.onrender.com', port=443): Max retries exceeded with url: /ventes/synchroniser (Caused by NameResolutionError("HTTPSConnection(host='portfolio-python-entreprise.onrender.com', port=443): Failed to resolve 'portfolio-python-entreprise.onrender.com' ([Errno 11001] getaddrinfo failed)"))
2026-09-14 08:35:33,582 - WARNING - Synchronisation différée: HTTPSConnectionPool(host='portfolio-python-entreprise.onrender.com', port=443): Max retries exceeded with url: /ventes/synchroniser (Caused by NameResolutionError("HTTPSConnection(host='portfolio-python-entreprise.onrender.com', port=443): Failed to resolve 'portfolio-python-entreprise.onrender.com' ([Errno 11001] getaddrinfo failed)"))
2026-09-14 08:36:03,633 - WARNING - Synchronisation différée: HTTPSConnectionPool(host='portfolio-python-entreprise.onrender.com', port=443): Max retries exceeded with url: /ventes/synchroniser (Caused by NameResolutionError("HTTPSConnection(host='portfolio-python-entreprise.onrender.com', port=443): Failed to resolve 'portfolio-python-entreprise.onrender.com' ([Errno 11001] getaddrinfo failed)"))
2026-09-14 08:36:33,577 - WARNING - Synchronisation différée: HTTPSConnectionPool(host='portfolio-python-entreprise.onrender.com', port=443): Max retries exceeded with url: /ventes/synchroniser (Caused by NameResolutionError("HTTPSConnection(host='portfolio-python-entreprise.onrender.com', port=443): Failed to resolve 'portfolio-python-entreprise.onrender.com' ([Errno 11001] getaddrinfo failed)"))
2026-09-14 08:37:03,579 - WARNING - Synchronisation différée: HTTPSConnectionPool(host='portfolio-python-entreprise.onrender.com', port=443): Max retries exceeded with url: /ventes/synchroniser (Caused by NameResolutionError("HTTPSConnection(host='portfolio-python-entreprise.onrender.com', port=443): Failed to resolve 'portfolio-python-entreprise.onrender.com' ([Errno 11001] getaddrinfo failed)"))
2026-09-14 08:37:33,681 - WARNING - Synchronisation différée: HTTPSConnectionPool(host='portfolio-python-entreprise.onrender.com', port=443): Max retries exceeded with url: /ventes/synchroniser (Caused by NameResolutionError("HTTPSConnection(host='portfolio-python-entreprise.onrender.com', port=443): Failed to resolve 'portfolio-python-entreprise.onrender.com' ([Errno 11001] getaddrinfo failed)"))
2026-09-14 08:38:03,621 - WARNING - Synchronisation différée: HTTPSConnectionPool(host='portfolio-python-entreprise.onrender.com', port=443): Max retries exceeded with url: /ventes/synchroniser (Caused by NameResolutionError("HTTPSConnection(host='portfolio-python-entreprise.onrender.com', port=443): Failed to resolve 'portfolio-python-entreprise.onrender.com' ([Errno 11001] getaddrinfo failed)"))
2026-09-14 08:38:33,733 - WARNING - Synchronisation différée: HTTPSConnectionPool(host='portfolio-python-entreprise.onrender.com', port=443): Max retries exceeded with url: /ventes/synchroniser (Caused by NameResolutionError("HTTPSConnection(host='portfolio-python-entreprise.onrender.com', port=443): Failed to resolve 'portfolio-python-entreprise.onrender.com' ([Errno 11001] getaddrinfo failed)"))
2026-09-14 08:39:03,659 - WARNING - Synchronisation différée: HTTPSConnectionPool(host='portfolio-python-entreprise.onrender.com', port=443): Max retries exceeded with url: /ventes/synchroniser (Caused by NameResolutionError("HTTPSConnection(host='portfolio-python-entreprise.onrender.com', port=443): Failed to resolve 'portfolio-python-entreprise.onrender.com' ([Errno 11001] getaddrinfo failed)"))
2026-09-14 08:39:33,681 - WARNING - Synchronisation différée: HTTPSConnectionPool(host='portfolio-python-entreprise.onrender.com', port=443): Max retries exceeded with url: /ventes/synchroniser (Caused by NameResolutionError("HTTPSConnection(host='portfolio-python-entreprise.onrender.com', port=443): Failed to resolve 'portfolio-python-entreprise.onrender.com' ([Errno 11001] getaddrinfo failed)"))
2026-09-14 08:40:03,662 - WARNING - Synchronisation différée: HTTPSConnectionPool(host='portfolio-python-entreprise.onrender.com', port=443): Max retries exceeded with url: /ventes/synchroniser (Caused by NameResolutionError("HTTPSConnection(host='portfolio-python-entreprise.onrender.com', port=443): Failed to resolve 'portfolio-python-entreprise.onrender.com' ([Errno 11001] getaddrinfo failed)"))
2026-09-14 08:40:33,645 - WARNING - Synchronisation différée: HTTPSConnectionPool(host='portfolio-python-entreprise.onrender.com', port=443): Max retries exceeded with url: /ventes/synchroniser (Caused by NameResolutionError("HTTPSConnection(host='portfolio-python-entreprise.onrender.com', port=443): Failed to resolve 'portfolio-python-entreprise.onrender.com' ([Errno 11001] getaddrinfo failed)"))
2026-09-14 08:41:03,691 - WARNING - Synchronisation différée: HTTPSConnectionPool(host='portfolio-python-entreprise.onrender.com', port=443): Max retries exceeded with url: /ventes/synchroniser (Caused by NameResolutionError("HTTPSConnection(host='portfolio-python-entreprise.onrender.com', port=443): Failed to resolve 'portfolio-python-entreprise.onrender.com' ([Errno 11001] getaddrinfo failed)"))
2026-09-14 08:41:33,806 - WARNING - Synchronisation différée: HTTPSConnectionPool(host='portfolio-python-entreprise.onrender.com', port=443): Max retries exceeded with url: /ventes/synchroniser (Caused by NameResolutionError("HTTPSConnection(host='portfolio-python-entreprise.onrender.com', port=443): Failed to resolve 'portfolio-python-entreprise.onrender.com' ([Errno 11001] getaddrinfo failed)"))
2026-09-14 08:42:03,744 - WARNING - Synchronisation différée: HTTPSConnectionPool(host='portfolio-python-entreprise.onrender.com', port=443): Max retries exceeded with url: /ventes/synchroniser (Caused by NameResolutionError("HTTPSConnection(host='portfolio-python-entreprise.onrender.com', port=443): Failed to resolve 'portfolio-python-entreprise.onrender.com' ([Errno 11001] getaddrinfo failed)"))
2026-09-14 08:42:33,678 - WARNING - Synchronisation différée: HTTPSConnectionPool(host='portfolio-python-entreprise.onrender.com', port=443): Max retries exceeded with url: /ventes/synchroniser (Caused by NameResolutionError("HTTPSConnection(host='portfolio-python-entreprise.onrender.com', port=443): Failed to resolve 'portfolio-python-entreprise.onrender.com' ([Errno 11001] getaddrinfo failed)"))
2026-09-14 08:43:03,688 - WARNING - Synchronisation différée: HTTPSConnectionPool(host='portfolio-python-entreprise.onrender.com', port=443): Max retries exceeded with url: /ventes/synchroniser (Caused by NameResolutionError("HTTPSConnection(host='portfolio-python-entreprise.onrender.com', port=443): Failed to resolve 'portfolio-python-entreprise.onrender.com' ([Errno 11001] getaddrinfo failed)"))
2026-09-14 08:43:33,715 - WARNING - Synchronisation différée: HTTPSConnectionPool(host='portfolio-python-entreprise.onrender.com', port=443): Max retries exceeded with url: /ventes/synchroniser (Caused by NameResolutionError("HTTPSConnection(host='portfolio-python-entreprise.onrender.com', port=443): Failed to resolve 'portfolio-python-entreprise.onrender.com' ([Errno 11001] getaddrinfo failed)"))
2026-09-14 08:44:03,714 - WARNING - Synchronisation différée: HTTPSConnectionPool(host='portfolio-python-entreprise.onrender.com', port=443): Max retries exceeded with url: /ventes/synchroniser (Caused by NameResolutionError("HTTPSConnection(host='portfolio-python-entreprise.onrender.com', port=443): Failed to resolve 'portfolio-python-entreprise.onrender.com' ([Errno 11001] getaddrinfo failed)"))
2026-09-14 08:44:33,784 - WARNING - Synchronisation différée: HTTPSConnectionPool(host='portfolio-python-entreprise.onrender.com', port=443): Max retries exceeded with url: /ventes/synchroniser (Caused by NameResolutionError("HTTPSConnection(host='portfolio-python-entreprise.onrender.com', port=443): Failed to resolve 'portfolio-python-entreprise.onrender.com' ([Errno 11001] getaddrinfo failed)"))
2026-09-14 08:45:03,710 - WARNING - Synchronisation différée: HTTPSConnectionPool(host='portfolio-python-entreprise.onrender.com', port=443): Max retries exceeded with url: /ventes/synchroniser (Caused by NameResolutionError("HTTPSConnection(host='portfolio-python-entreprise.onrender.com', port=443): Failed to resolve 'portfolio-python-entreprise.onrender.com' ([Errno 11001] getaddrinfo failed)"))
2026-09-14 08:45:33,671 - WARNING - Synchronisation différée: HTTPSConnectionPool(host='portfolio-python-entreprise.onrender.com', port=443): Max retries exceeded with url: /ventes/synchroniser (Caused by NameResolutionError("HTTPSConnection(host='portfolio-python-entreprise.onrender.com', port=443): Failed to resolve 'portfolio-python-entreprise.onrender.com' ([Errno 11001] getaddrinfo failed)"))
2026-09-14 08:46:03,722 - WARNING - Synchronisation différée: HTTPSConnectionPool(host='portfolio-python-entreprise.onrender.com', port=443): Max retries exceeded with url: /ventes/synchroniser (Caused by NameResolutionError("HTTPSConnection(host='portfolio-python-entreprise.onrender.com', port=443): Failed to resolve 'portfolio-python-entreprise.onrender.com' ([Errno 11001] getaddrinfo failed)"))
2026-09-14 08:46:33,782 - WARNING - Synchronisation différée: HTTPSConnectionPool(host='portfolio-python-entreprise.onrender.com', port=443): Max retries exceeded with url: /ventes/synchroniser (Caused by NameResolutionError("HTTPSConnection(host='portfolio-python-entreprise.onrender.com', port=443): Failed to resolve 'portfolio-python-entreprise.onrender.com' ([Errno 11001] getaddrinfo failed)"))
2026-09-14 08:47:03,714 - WARNING - Synchronisation différée: HTTPSConnectionPool(host='portfolio-python-entreprise.onrender.com', port=443): Max retries exceeded with url: /ventes/synchroniser (Caused by NameResolutionError("HTTPSConnection(host='portfolio-python-entreprise.onrender.com', port=443): Failed to resolve 'portfolio-python-entreprise.onrender.com' ([Errno 11001] getaddrinfo failed)"))
2026-09-14 08:47:33,825 - WARNING - Synchronisation différée: HTTPSConnectionPool(host='portfolio-python-entreprise.onrender.com', port=443): Max retries exceeded with url: /ventes/synchroniser (Caused by NameResolutionError("HTTPSConnection(host='portfolio-python-entreprise.onrender.com', port=443): Failed to resolve 'portfolio-python-entreprise.onrender.com' ([Errno 11001] getaddrinfo failed)"))
2026-09-14 08:48:03,761 - WARNING - Synchronisation différée: HTTPSConnectionPool(host='portfolio-python-entreprise.onrender.com', port=443): Max retries exceeded with url: /ventes/synchroniser (Caused by NameResolutionError("HTTPSConnection(host='portfolio-python-entreprise.onrender.com', port=443): Failed to resolve 'portfolio-python-entreprise.onrender.com' ([Errno 11001] getaddrinfo failed)"))
2026-09-14 08:48:33,754 - WARNING - Synchronisation différée: HTTPSConnectionPool(host='portfolio-python-entreprise.onrender.com', port=443): Max retries exceeded with url: /ventes/synchroniser (Caused by NameResolutionError("HTTPSConnection(host='portfolio-python-entreprise.onrender.com', port=443): Failed to resolve 'portfolio-python-entreprise.onrender.com' ([Errno 11001] getaddrinfo failed)"))
2026-09-14 08:49:03,856 - WARNING - Synchronisation différée: HTTPSConnectionPool(host='portfolio-python-entreprise.onrender.com', port=443): Max retries exceeded with url: /ventes/synchroniser (Caused by NameResolutionError("HTTPSConnection(host='portfolio-python-entreprise.onrender.com', port=443): Failed to resolve 'portfolio-python-entreprise.onrender.com' ([Errno 11001] getaddrinfo failed)"))
2026-09-14 08:49:33,755 - WARNING - Synchronisation différée: HTTPSConnectionPool(host='portfolio-python-entreprise.onrender.com', port=443): Max retries exceeded with url: /ventes/synchroniser (Caused by NameResolutionError("HTTPSConnection(host='portfolio-python-entreprise.onrender.com', port=443): Failed to resolve 'portfolio-python-entreprise.onrender.com' ([Errno 11001] getaddrinfo failed)"))
2026-09-14 08:50:03,742 - WARNING - Synchronisation différée: HTTPSConnectionPool(host='portfolio-python-entreprise.onrender.com', port=443): Max retries exceeded with url: /ventes/synchroniser (Caused by NameResolutionError("HTTPSConnection(host='portfolio-python-entreprise.onrender.com', port=443): Failed to resolve 'portfolio-python-entreprise.onrender.com' ([Errno 11001] getaddrinfo failed)"))
2026-09-14 08:50:33,810 - WARNING - Synchronisation différée: HTTPSConnectionPool(host='portfolio-python-entreprise.onrender.com', port=443): Max retries exceeded with url: /ventes/synchroniser (Caused by NameResolutionError("HTTPSConnection(host='portfolio-python-entreprise.onrender.com', port=443): Failed to resolve 'portfolio-python-entreprise.onrender.com' ([Errno 11001] getaddrinfo failed)"))
2026-09-14 08:51:03,787 - WARNING - Synchronisation différée: HTTPSConnectionPool(host='portfolio-python-entreprise.onrender.com', port=443): Max retries exceeded with url: /ventes/synchroniser (Caused by NameResolutionError("HTTPSConnection(host='portfolio-python-entreprise.onrender.com', port=443): Failed to resolve 'portfolio-python-entreprise.onrender.com' ([Errno 11001] getaddrinfo failed)"))
2026-09-14 08:51:33,788 - WARNING - Synchronisation différée: HTTPSConnectionPool(host='portfolio-python-entreprise.onrender.com', port=443): Max retries exceeded with url: /ventes/synchroniser (Caused by NameResolutionError("HTTPSConnection(host='portfolio-python-entreprise.onrender.com', port=443): Failed to resolve 'portfolio-python-entreprise.onrender.com' ([Errno 11001] getaddrinfo failed)"))
2026-09-14 08:52:03,773 - WARNING - Synchronisation différée: HTTPSConnectionPool(host='portfolio-python-entreprise.onrender.com', port=443): Max retries exceeded with url: /ventes/synchroniser (Caused by NameResolutionError("HTTPSConnection(host='portfolio-python-entreprise.onrender.com', port=443): Failed to resolve 'portfolio-python-entreprise.onrender.com' ([Errno 11001] getaddrinfo failed)"))
2026-09-14 08:52:33,783 - WARNING - Synchronisation différée: HTTPSConnectionPool(host='portfolio-python-entreprise.onrender.com', port=443): Max retries exceeded with url: /ventes/synchroniser (Caused by NameResolutionError("HTTPSConnection(host='portfolio-python-entreprise.onrender.com', port=443): Failed to resolve 'portfolio-python-entreprise.onrender.com' ([Errno 11001] getaddrinfo failed)"))
2026-09-14 08:53:03,805 - WARNING - Synchronisation différée: HTTPSConnectionPool(host='portfolio-python-entreprise.onrender.com', port=443): Max retries exceeded with url: /ventes/synchroniser (Caused by NameResolutionError("HTTPSConnection(host='portfolio-python-entreprise.onrender.com', port=443): Failed to resolve 'portfolio-python-entreprise.onrender.com' ([Errno 11001] getaddrinfo failed)"))
2026-09-14 08:53:33,777 - WARNING - Synchronisation différée: HTTPSConnectionPool(host='portfolio-python-entreprise.onrender.com', port=443): Max retries exceeded with url: /ventes/synchroniser (Caused by NameResolutionError("HTTPSConnection(host='portfolio-python-entreprise.onrender.com', port=443): Failed to resolve 'portfolio-python-entreprise.onrender.com' ([Errno 11001] getaddrinfo failed)"))
2026-09-14 08:54:03,787 - WARNING - Synchronisation différée: HTTPSConnectionPool(host='portfolio-python-entreprise.onrender.com', port=443): Max retries exceeded with url: /ventes/synchroniser (Caused by NameResolutionError("HTTPSConnection(host='portfolio-python-entreprise.onrender.com', port=443): Failed to resolve 'portfolio-python-entreprise.onrender.com' ([Errno 11001] getaddrinfo failed)"))
2026-09-14 08:54:33,781 - WARNING - Synchronisation différée: HTTPSConnectionPool(host='portfolio-python-entreprise.onrender.com', port=443): Max retries exceeded with url: /ventes/synchroniser (Caused by NameResolutionError("HTTPSConnection(host='portfolio-python-entreprise.onrender.com', port=443): Failed to resolve 'portfolio-python-entreprise.onrender.com' ([Errno 11001] getaddrinfo failed)"))
2026-09-14 08:55:03,765 - WARNING - Synchronisation différée: HTTPSConnectionPool(host='portfolio-python-entreprise.onrender.com', port=443): Max retries exceeded with url: /ventes/synchroniser (Caused by NameResolutionError("HTTPSConnection(host='portfolio-python-entreprise.onrender.com', port=443): Failed to resolve 'portfolio-python-entreprise.onrender.com' ([Errno 11001] getaddrinfo failed)"))
2026-09-14 08:55:33,766 - WARNING - Synchronisation différée: HTTPSConnectionPool(host='portfolio-python-entreprise.onrender.com', port=443): Max retries exceeded with url: /ventes/synchroniser (Caused by NameResolutionError("HTTPSConnection(host='portfolio-python-entreprise.onrender.com', port=443): Failed to resolve 'portfolio-python-entreprise.onrender.com' ([Errno 11001] getaddrinfo failed)"))
2026-09-14 08:56:03,793 - WARNING - Synchronisation différée: HTTPSConnectionPool(host='portfolio-python-entreprise.onrender.com', port=443): Max retries exceeded with url: /ventes/synchroniser (Caused by NameResolutionError("HTTPSConnection(host='portfolio-python-entreprise.onrender.com', port=443): Failed to resolve 'portfolio-python-entreprise.onrender.com' ([Errno 11001] getaddrinfo failed)"))
2026-09-14 08:56:33,795 - WARNING - Synchronisation différée: HTTPSConnectionPool(host='portfolio-python-entreprise.onrender.com', port=443): Max retries exceeded with url: /ventes/synchroniser (Caused by NameResolutionError("HTTPSConnection(host='portfolio-python-entreprise.onrender.com', port=443): Failed to resolve 'portfolio-python-entreprise.onrender.com' ([Errno 11001] getaddrinfo failed)"))
2026-09-14 08:57:03,794 - WARNING - Synchronisation différée: HTTPSConnectionPool(host='portfolio-python-entreprise.onrender.com', port=443): Max retries exceeded with url: /ventes/synchroniser (Caused by NameResolutionError("HTTPSConnection(host='portfolio-python-entreprise.onrender.com', port=443): Failed to resolve 'portfolio-python-entreprise.onrender.com' ([Errno 11001] getaddrinfo failed)"))
2026-09-14 08:57:33,823 - WARNING - Synchronisation différée: HTTPSConnectionPool(host='portfolio-python-entreprise.onrender.com', port=443): Max retries exceeded with url: /ventes/synchroniser (Caused by NameResolutionError("HTTPSConnection(host='portfolio-python-entreprise.onrender.com', port=443): Failed to resolve 'portfolio-python-entreprise.onrender.com' ([Errno 11001] getaddrinfo failed)"))
2026-09-14 08:58:03,882 - WARNING - Synchronisation différée: HTTPSConnectionPool(host='portfolio-python-entreprise.onrender.com', port=443): Max retries exceeded with url: /ventes/synchroniser (Caused by NameResolutionError("HTTPSConnection(host='portfolio-python-entreprise.onrender.com', port=443): Failed to resolve 'portfolio-python-entreprise.onrender.com' ([Errno 11001] getaddrinfo failed)"))
2026-09-14 08:58:33,818 - WARNING - Synchronisation différée: HTTPSConnectionPool(host='portfolio-python-entreprise.onrender.com', port=443): Max retries exceeded with url: /ventes/synchroniser (Caused by NameResolutionError("HTTPSConnection(host='portfolio-python-entreprise.onrender.com', port=443): Failed to resolve 'portfolio-python-entreprise.onrender.com' ([Errno 11001] getaddrinfo failed)"))
2026-09-14 08:59:03,835 - WARNING - Synchronisation différée: HTTPSConnectionPool(host='portfolio-python-entreprise.onrender.com', port=443): Max retries exceeded with url: /ventes/synchroniser (Caused by NameResolutionError("HTTPSConnection(host='portfolio-python-entreprise.onrender.com', port=443): Failed to resolve 'portfolio-python-entreprise.onrender.com' ([Errno 11001] getaddrinfo failed)"))
2026-09-14 08:59:33,828 - WARNING - Synchronisation différée: HTTPSConnectionPool(host='portfolio-python-entreprise.onrender.com', port=443): Max retries exceeded with url: /ventes/synchroniser (Caused by NameResolutionError("HTTPSConnection(host='portfolio-python-entreprise.onrender.com', port=443): Failed to resolve 'portfolio-python-entreprise.onrender.com' ([Errno 11001] getaddrinfo failed)"))
2026-09-14 09:00:03,804 - WARNING - Synchronisation différée: HTTPSConnectionPool(host='portfolio-python-entreprise.onrender.com', port=443): Max retries exceeded with url: /ventes/synchroniser (Caused by NameResolutionError("HTTPSConnection(host='portfolio-python-entreprise.onrender.com', port=443): Failed to resolve 'portfolio-python-entreprise.onrender.com' ([Errno 11001] getaddrinfo failed)"))
2026-09-14 09:00:33,812 - WARNING - Synchronisation différée: HTTPSConnectionPool(host='portfolio-python-entreprise.onrender.com', port=443): Max retries exceeded with url: /ventes/synchroniser (Caused by NameResolutionError("HTTPSConnection(host='portfolio-python-entreprise.onrender.com', port=443): Failed to resolve 'portfolio-python-entreprise.onrender.com' ([Errno 11001] getaddrinfo failed)"))
2026-09-14 09:01:03,900 - WARNING - Synchronisation différée: HTTPSConnectionPool(host='portfolio-python-entreprise.onrender.com', port=443): Max retries exceeded with url: /ventes/synchroniser (Caused by NameResolutionError("HTTPSConnection(host='portfolio-python-entreprise.onrender.com', port=443): Failed to resolve 'portfolio-python-entreprise.onrender.com' ([Errno 11001] getaddrinfo failed)"))
2026-09-14 09:01:33,859 - WARNING - Synchronisation différée: HTTPSConnectionPool(host='portfolio-python-entreprise.onrender.com', port=443): Max retries exceeded with url: /ventes/synchroniser (Caused by NameResolutionError("HTTPSConnection(host='portfolio-python-entreprise.onrender.com', port=443): Failed to resolve 'portfolio-python-entreprise.onrender.com' ([Errno 11001] getaddrinfo failed)"))
2026-09-14 09:02:03,899 - WARNING - Synchronisation différée: HTTPSConnectionPool(host='portfolio-python-entreprise.onrender.com', port=443): Max retries exceeded with url: /ventes/synchroniser (Caused by NameResolutionError("HTTPSConnection(host='portfolio-python-entreprise.onrender.com', port=443): Failed to resolve 'portfolio-python-entreprise.onrender.com' ([Errno 11001] getaddrinfo failed)"))
2026-09-14 09:02:33,829 - WARNING - Synchronisation différée: HTTPSConnectionPool(host='portfolio-python-entreprise.onrender.com', port=443): Max retries exceeded with url: /ventes/synchroniser (Caused by NameResolutionError("HTTPSConnection(host='portfolio-python-entreprise.onrender.com', port=443): Failed to resolve 'portfolio-python-entreprise.onrender.com' ([Errno 11001] getaddrinfo failed)"))
2026-09-14 09:03:03,888 - WARNING - Synchronisation différée: HTTPSConnectionPool(host='portfolio-python-entreprise.onrender.com', port=443): Max retries exceeded with url: /ventes/synchroniser (Caused by NameResolutionError("HTTPSConnection(host='portfolio-python-entreprise.onrender.com', port=443): Failed to resolve 'portfolio-python-entreprise.onrender.com' ([Errno 11001] getaddrinfo failed)"))
2026-09-14 09:03:33,848 - WARNING - Synchronisation différée: HTTPSConnectionPool(host='portfolio-python-entreprise.onrender.com', port=443): Max retries exceeded with url: /ventes/synchroniser (Caused by NameResolutionError("HTTPSConnection(host='portfolio-python-entreprise.onrender.com', port=443): Failed to resolve 'portfolio-python-entreprise.onrender.com' ([Errno 11001] getaddrinfo failed)"))
2026-09-14 09:04:03,839 - WARNING - Synchronisation différée: HTTPSConnectionPool(host='portfolio-python-entreprise.onrender.com', port=443): Max retries exceeded with url: /ventes/synchroniser (Caused by NameResolutionError("HTTPSConnection(host='portfolio-python-entreprise.onrender.com', port=443): Failed to resolve 'portfolio-python-entreprise.onrender.com' ([Errno 11001] getaddrinfo failed)"))
2026-09-14 09:04:33,851 - WARNING - Synchronisation différée: HTTPSConnectionPool(host='portfolio-python-entreprise.onrender.com', port=443): Max retries exceeded with url: /ventes/synchroniser (Caused by NameResolutionError("HTTPSConnection(host='portfolio-python-entreprise.onrender.com', port=443): Failed to resolve 'portfolio-python-entreprise.onrender.com' ([Errno 11001] getaddrinfo failed)"))
2026-09-14 09:05:03,869 - WARNING - Synchronisation différée: HTTPSConnectionPool(host='portfolio-python-entreprise.onrender.com', port=443): Max retries exceeded with url: /ventes/synchroniser (Caused by NameResolutionError("HTTPSConnection(host='portfolio-python-entreprise.onrender.com', port=443): Failed to resolve 'portfolio-python-entreprise.onrender.com' ([Errno 11001] getaddrinfo failed)"))
2026-09-14 09:05:33,871 - WARNING - Synchronisation différée: HTTPSConnectionPool(host='portfolio-python-entreprise.onrender.com', port=443): Max retries exceeded with url: /ventes/synchroniser (Caused by NameResolutionError("HTTPSConnection(host='portfolio-python-entreprise.onrender.com', port=443): Failed to resolve 'portfolio-python-entreprise.onrender.com' ([Errno 11001] getaddrinfo failed)"))
2026-09-14 09:06:03,938 - WARNING - Synchronisation différée: HTTPSConnectionPool(host='portfolio-python-entreprise.onrender.com', port=443): Max retries exceeded with url: /ventes/synchroniser (Caused by NameResolutionError("HTTPSConnection(host='portfolio-python-entreprise.onrender.com', port=443): Failed to resolve 'portfolio-python-entreprise.onrender.com' ([Errno 11001] getaddrinfo failed)"))
2026-09-14 09:06:33,891 - WARNING - Synchronisation différée: HTTPSConnectionPool(host='portfolio-python-entreprise.onrender.com', port=443): Max retries exceeded with url: /ventes/synchroniser (Caused by NameResolutionError("HTTPSConnection(host='portfolio-python-entreprise.onrender.com', port=443): Failed to resolve 'portfolio-python-entreprise.onrender.com' ([Errno 11001] getaddrinfo failed)"))
2026-09-14 09:07:03,992 - WARNING - Synchronisation différée: HTTPSConnectionPool(host='portfolio-python-entreprise.onrender.com', port=443): Max retries exceeded with url: /ventes/synchroniser (Caused by NameResolutionError("HTTPSConnection(host='portfolio-python-entreprise.onrender.com', port=443): Failed to resolve 'portfolio-python-entreprise.onrender.com' ([Errno 11001] getaddrinfo failed)"))
2026-09-14 09:07:33,858 - WARNING - Synchronisation différée: HTTPSConnectionPool(host='portfolio-python-entreprise.onrender.com', port=443): Max retries exceeded with url: /ventes/synchroniser (Caused by NameResolutionError("HTTPSConnection(host='portfolio-python-entreprise.onrender.com', port=443): Failed to resolve 'portfolio-python-entreprise.onrender.com' ([Errno 11001] getaddrinfo failed)"))
2026-09-14 09:08:03,953 - WARNING - Synchronisation différée: HTTPSConnectionPool(host='portfolio-python-entreprise.onrender.com', port=443): Max retries exceeded with url: /ventes/synchroniser (Caused by NameResolutionError("HTTPSConnection(host='portfolio-python-entreprise.onrender.com', port=443): Failed to resolve 'portfolio-python-entreprise.onrender.com' ([Errno 11001] getaddrinfo failed)"))
2026-09-14 09:08:33,880 - WARNING - Synchronisation différée: HTTPSConnectionPool(host='portfolio-python-entreprise.onrender.com', port=443): Max retries exceeded with url: /ventes/synchroniser (Caused by NameResolutionError("HTTPSConnection(host='portfolio-python-entreprise.onrender.com', port=443): Failed to resolve 'portfolio-python-entreprise.onrender.com' ([Errno 11001] getaddrinfo failed)"))
2026-09-14 09:09:03,889 - WARNING - Synchronisation différée: HTTPSConnectionPool(host='portfolio-python-entreprise.onrender.com', port=443): Max retries exceeded with url: /ventes/synchroniser (Caused by NameResolutionError("HTTPSConnection(host='portfolio-python-entreprise.onrender.com', port=443): Failed to resolve 'portfolio-python-entreprise.onrender.com' ([Errno 11001] getaddrinfo failed)"))
2026-09-14 09:09:33,951 - WARNING - Synchronisation différée: HTTPSConnectionPool(host='portfolio-python-entreprise.onrender.com', port=443): Max retries exceeded with url: /ventes/synchroniser (Caused by NameResolutionError("HTTPSConnection(host='portfolio-python-entreprise.onrender.com', port=443): Failed to resolve 'portfolio-python-entreprise.onrender.com' ([Errno 11001] getaddrinfo failed)"))
2026-09-14 09:10:03,911 - WARNING - Synchronisation différée: HTTPSConnectionPool(host='portfolio-python-entreprise.onrender.com', port=443): Max retries exceeded with url: /ventes/synchroniser (Caused by NameResolutionError("HTTPSConnection(host='portfolio-python-entreprise.onrender.com', port=443): Failed to resolve 'portfolio-python-entreprise.onrender.com' ([Errno 11001] getaddrinfo failed)"))
2026-09-14 09:10:33,894 - WARNING - Synchronisation différée: HTTPSConnectionPool(host='portfolio-python-entreprise.onrender.com', port=443): Max retries exceeded with url: /ventes/synchroniser (Caused by NameResolutionError("HTTPSConnection(host='portfolio-python-entreprise.onrender.com', port=443): Failed to resolve 'portfolio-python-entreprise.onrender.com' ([Errno 11001] getaddrinfo failed)"))
2026-09-14 09:11:03,895 - WARNING - Synchronisation différée: HTTPSConnectionPool(host='portfolio-python-entreprise.onrender.com', port=443): Max retries exceeded with url: /ventes/synchroniser (Caused by NameResolutionError("HTTPSConnection(host='portfolio-python-entreprise.onrender.com', port=443): Failed to resolve 'portfolio-python-entreprise.onrender.com' ([Errno 11001] getaddrinfo failed)"))
2026-09-14 09:11:33,907 - WARNING - Synchronisation différée: HTTPSConnectionPool(host='portfolio-python-entreprise.onrender.com', port=443): Max retries exceeded with url: /ventes/synchroniser (Caused by NameResolutionError("HTTPSConnection(host='portfolio-python-entreprise.onrender.com', port=443): Failed to resolve 'portfolio-python-entreprise.onrender.com' ([Errno 11001] getaddrinfo failed)"))
2026-09-14 09:12:03,924 - WARNING - Synchronisation différée: HTTPSConnectionPool(host='portfolio-python-entreprise.onrender.com', port=443): Max retries exceeded with url: /ventes/synchroniser (Caused by NameResolutionError("HTTPSConnection(host='portfolio-python-entreprise.onrender.com', port=443): Failed to resolve 'portfolio-python-entreprise.onrender.com' ([Errno 11001] getaddrinfo failed)"))
2026-09-14 09:12:33,925 - WARNING - Synchronisation différée: HTTPSConnectionPool(host='portfolio-python-entreprise.onrender.com', port=443): Max retries exceeded with url: /ventes/synchroniser (Caused by NameResolutionError("HTTPSConnection(host='portfolio-python-entreprise.onrender.com', port=443): Failed to resolve 'portfolio-python-entreprise.onrender.com' ([Errno 11001] getaddrinfo failed)"))
2026-09-14 09:13:03,959 - WARNING - Synchronisation différée: HTTPSConnectionPool(host='portfolio-python-entreprise.onrender.com', port=443): Max retries exceeded with url: /ventes/synchroniser (Caused by NameResolutionError("HTTPSConnection(host='portfolio-python-entreprise.onrender.com', port=443): Failed to resolve 'portfolio-python-entreprise.onrender.com' ([Errno 11001] getaddrinfo failed)"))
2026-09-14 09:13:33,961 - WARNING - Synchronisation différée: HTTPSConnectionPool(host='portfolio-python-entreprise.onrender.com', port=443): Max retries exceeded with url: /ventes/synchroniser (Caused by NameResolutionError("HTTPSConnection(host='portfolio-python-entreprise.onrender.com', port=443): Failed to resolve 'portfolio-python-entreprise.onrender.com' ([Errno 11001] getaddrinfo failed)"))
2026-09-14 09:14:03,963 - WARNING - Synchronisation différée: HTTPSConnectionPool(host='portfolio-python-entreprise.onrender.com', port=443): Max retries exceeded with url: /ventes/synchroniser (Caused by NameResolutionError("HTTPSConnection(host='portfolio-python-entreprise.onrender.com', port=443): Failed to resolve 'portfolio-python-entreprise.onrender.com' ([Errno 11001] getaddrinfo failed)"))
2026-09-14 09:14:33,990 - WARNING - Synchronisation différée: HTTPSConnectionPool(host='portfolio-python-entreprise.onrender.com', port=443): Max retries exceeded with url: /ventes/synchroniser (Caused by NameResolutionError("HTTPSConnection(host='portfolio-python-entreprise.onrender.com', port=443): Failed to resolve 'portfolio-python-entreprise.onrender.com' ([Errno 11001] getaddrinfo failed)"))
2026-09-14 09:15:03,933 - WARNING - Synchronisation différée: HTTPSConnectionPool(host='portfolio-python-entreprise.onrender.com', port=443): Max retries exceeded with url: /ventes/synchroniser (Caused by NameResolutionError("HTTPSConnection(host='portfolio-python-entreprise.onrender.com', port=443): Failed to resolve 'portfolio-python-entreprise.onrender.com' ([Errno 11001] getaddrinfo failed)"))
2026-09-14 09:15:33,958 - WARNING - Synchronisation différée: HTTPSConnectionPool(host='portfolio-python-entreprise.onrender.com', port=443): Max retries exceeded with url: /ventes/synchroniser (Caused by NameResolutionError("HTTPSConnection(host='portfolio-python-entreprise.onrender.com', port=443): Failed to resolve 'portfolio-python-entreprise.onrender.com' ([Errno 11001] getaddrinfo failed)"))
2026-09-14 09:16:04,160 - WARNING - Synchronisation différée: HTTPSConnectionPool(host='portfolio-python-entreprise.onrender.com', port=443): Max retries exceeded with url: /ventes/synchroniser (Caused by NameResolutionError("HTTPSConnection(host='portfolio-python-entreprise.onrender.com', port=443): Failed to resolve 'portfolio-python-entreprise.onrender.com' ([Errno 11001] getaddrinfo failed)"))
2026-09-14 09:16:33,961 - WARNING - Synchronisation différée: HTTPSConnectionPool(host='portfolio-python-entreprise.onrender.com', port=443): Max retries exceeded with url: /ventes/synchroniser (Caused by NameResolutionError("HTTPSConnection(host='portfolio-python-entreprise.onrender.com', port=443): Failed to resolve 'portfolio-python-entreprise.onrender.com' ([Errno 11001] getaddrinfo failed)"))
2026-09-14 09:17:03,963 - WARNING - Synchronisation différée: HTTPSConnectionPool(host='portfolio-python-entreprise.onrender.com', port=443): Max retries exceeded with url: /ventes/synchroniser (Caused by NameResolutionError("HTTPSConnection(host='portfolio-python-entreprise.onrender.com', port=443): Failed to resolve 'portfolio-python-entreprise.onrender.com' ([Errno 11001] getaddrinfo failed)"))
2026-09-14 09:17:33,939 - WARNING - Synchronisation différée: HTTPSConnectionPool(host='portfolio-python-entreprise.onrender.com', port=443): Max retries exceeded with url: /ventes/synchroniser (Caused by NameResolutionError("HTTPSConnection(host='portfolio-python-entreprise.onrender.com', port=443): Failed to resolve 'portfolio-python-entreprise.onrender.com' ([Errno 11001] getaddrinfo failed)"))
2026-09-14 09:18:03,940 - WARNING - Synchronisation différée: HTTPSConnectionPool(host='portfolio-python-entreprise.onrender.com', port=443): Max retries exceeded with url: /ventes/synchroniser (Caused by NameResolutionError("HTTPSConnection(host='portfolio-python-entreprise.onrender.com', port=443): Failed to resolve 'portfolio-python-entreprise.onrender.com' ([Errno 11001] getaddrinfo failed)"))
2026-09-14 09:18:33,951 - WARNING - Synchronisation différée: HTTPSConnectionPool(host='portfolio-python-entreprise.onrender.com', port=443): Max retries exceeded with url: /ventes/synchroniser (Caused by NameResolutionError("HTTPSConnection(host='portfolio-python-entreprise.onrender.com', port=443): Failed to resolve 'portfolio-python-entreprise.onrender.com' ([Errno 11001] getaddrinfo failed)"))
2026-09-14 09:19:03,944 - WARNING - Synchronisation différée: HTTPSConnectionPool(host='portfolio-python-entreprise.onrender.com', port=443): Max retries exceeded with url: /ventes/synchroniser (Caused by NameResolutionError("HTTPSConnection(host='portfolio-python-entreprise.onrender.com', port=443): Failed to resolve 'portfolio-python-entreprise.onrender.com' ([Errno 11001] getaddrinfo failed)"))
2026-09-14 09:19:33,918 - WARNING - Synchronisation différée: HTTPSConnectionPool(host='portfolio-python-entreprise.onrender.com', port=443): Max retries exceeded with url: /ventes/synchroniser (Caused by NameResolutionError("HTTPSConnection(host='portfolio-python-entreprise.onrender.com', port=443): Failed to resolve 'portfolio-python-entreprise.onrender.com' ([Errno 11001] getaddrinfo failed)"))
2026-09-14 09:20:04,013 - WARNING - Synchronisation différée: HTTPSConnectionPool(host='portfolio-python-entreprise.onrender.com', port=443): Max retries exceeded with url: /ventes/synchroniser (Caused by NameResolutionError("HTTPSConnection(host='portfolio-python-entreprise.onrender.com', port=443): Failed to resolve 'portfolio-python-entreprise.onrender.com' ([Errno 11001] getaddrinfo failed)"))
2026-09-14 09:20:34,065 - WARNING - Synchronisation différée: HTTPSConnectionPool(host='portfolio-python-entreprise.onrender.com', port=443): Max retries exceeded with url: /ventes/synchroniser (Caused by NameResolutionError("HTTPSConnection(host='portfolio-python-entreprise.onrender.com', port=443): Failed to resolve 'portfolio-python-entreprise.onrender.com' ([Errno 11001] getaddrinfo failed)"))
2026-09-14 09:21:03,991 - WARNING - Synchronisation différée: HTTPSConnectionPool(host='portfolio-python-entreprise.onrender.com', port=443): Max retries exceeded with url: /ventes/synchroniser (Caused by NameResolutionError("HTTPSConnection(host='portfolio-python-entreprise.onrender.com', port=443): Failed to resolve 'portfolio-python-entreprise.onrender.com' ([Errno 11001] getaddrinfo failed)"))
2026-09-14 09:21:34,085 - WARNING - Synchronisation différée: HTTPSConnectionPool(host='portfolio-python-entreprise.onrender.com', port=443): Max retries exceeded with url: /ventes/synchroniser (Caused by NameResolutionError("HTTPSConnection(host='portfolio-python-entreprise.onrender.com', port=443): Failed to resolve 'portfolio-python-entreprise.onrender.com' ([Errno 11001] getaddrinfo failed)"))
2026-09-14 09:22:04,077 - WARNING - Synchronisation différée: HTTPSConnectionPool(host='portfolio-python-entreprise.onrender.com', port=443): Max retries exceeded with url: /ventes/synchroniser (Caused by NameResolutionError("HTTPSConnection(host='portfolio-python-entreprise.onrender.com', port=443): Failed to resolve 'portfolio-python-entreprise.onrender.com' ([Errno 11001] getaddrinfo failed)"))
2026-09-14 09:22:33,997 - WARNING - Synchronisation différée: HTTPSConnectionPool(host='portfolio-python-entreprise.onrender.com', port=443): Max retries exceeded with url: /ventes/synchroniser (Caused by NameResolutionError("HTTPSConnection(host='portfolio-python-entreprise.onrender.com', port=443): Failed to resolve 'portfolio-python-entreprise.onrender.com' ([Errno 11001] getaddrinfo failed)"))
2026-09-14 09:23:03,995 - WARNING - Synchronisation différée: HTTPSConnectionPool(host='portfolio-python-entreprise.onrender.com', port=443): Max retries exceeded with url: /ventes/synchroniser (Caused by NameResolutionError("HTTPSConnection(host='portfolio-python-entreprise.onrender.com', port=443): Failed to resolve 'portfolio-python-entreprise.onrender.com' ([Errno 11001] getaddrinfo failed)"))
2026-09-14 09:23:33,990 - WARNING - Synchronisation différée: HTTPSConnectionPool(host='portfolio-python-entreprise.onrender.com', port=443): Max retries exceeded with url: /ventes/synchroniser (Caused by NameResolutionError("HTTPSConnection(host='portfolio-python-entreprise.onrender.com', port=443): Failed to resolve 'portfolio-python-entreprise.onrender.com' ([Errno 11001] getaddrinfo failed)"))
2026-09-14 09:24:04,008 - WARNING - Synchronisation différée: HTTPSConnectionPool(host='portfolio-python-entreprise.onrender.com', port=443): Max retries exceeded with url: /ventes/synchroniser (Caused by NameResolutionError("HTTPSConnection(host='portfolio-python-entreprise.onrender.com', port=443): Failed to resolve 'portfolio-python-entreprise.onrender.com' ([Errno 11001] getaddrinfo failed)"))
2026-09-14 09:24:34,002 - WARNING - Synchronisation différée: HTTPSConnectionPool(host='portfolio-python-entreprise.onrender.com', port=443): Max retries exceeded with url: /ventes/synchroniser (Caused by NameResolutionError("HTTPSConnection(host='portfolio-python-entreprise.onrender.com', port=443): Failed to resolve 'portfolio-python-entreprise.onrender.com' ([Errno 11001] getaddrinfo failed)"))
2026-09-14 09:25:04,061 - WARNING - Synchronisation différée: HTTPSConnectionPool(host='portfolio-python-entreprise.onrender.com', port=443): Max retries exceeded with url: /ventes/synchroniser (Caused by NameResolutionError("HTTPSConnection(host='portfolio-python-entreprise.onrender.com', port=443): Failed to resolve 'portfolio-python-entreprise.onrender.com' ([Errno 11001] getaddrinfo failed)"))
2026-09-14 09:25:33,996 - WARNING - Synchronisation différée: HTTPSConnectionPool(host='portfolio-python-entreprise.onrender.com', port=443): Max retries exceeded with url: /ventes/synchroniser (Caused by NameResolutionError("HTTPSConnection(host='portfolio-python-entreprise.onrender.com', port=443): Failed to resolve 'portfolio-python-entreprise.onrender.com' ([Errno 11001] getaddrinfo failed)"))
2026-09-14 09:26:04,145 - WARNING - Synchronisation différée: HTTPSConnectionPool(host='portfolio-python-entreprise.onrender.com', port=443): Max retries exceeded with url: /ventes/synchroniser (Caused by NameResolutionError("HTTPSConnection(host='portfolio-python-entreprise.onrender.com', port=443): Failed to resolve 'portfolio-python-entreprise.onrender.com' ([Errno 11001] getaddrinfo failed)"))
2026-09-14 09:26:33,997 - WARNING - Synchronisation différée: HTTPSConnectionPool(host='portfolio-python-entreprise.onrender.com', port=443): Max retries exceeded with url: /ventes/synchroniser (Caused by NameResolutionError("HTTPSConnection(host='portfolio-python-entreprise.onrender.com', port=443): Failed to resolve 'portfolio-python-entreprise.onrender.com' ([Errno 11001] getaddrinfo failed)"))
2026-09-14 09:27:04,017 - WARNING - Synchronisation différée: HTTPSConnectionPool(host='portfolio-python-entreprise.onrender.com', port=443): Max retries exceeded with url: /ventes/synchroniser (Caused by NameResolutionError("HTTPSConnection(host='portfolio-python-entreprise.onrender.com', port=443): Failed to resolve 'portfolio-python-entreprise.onrender.com' ([Errno 11001] getaddrinfo failed)"))
2026-09-14 09:27:34,034 - WARNING - Synchronisation différée: HTTPSConnectionPool(host='portfolio-python-entreprise.onrender.com', port=443): Max retries exceeded with url: /ventes/synchroniser (Caused by NameResolutionError("HTTPSConnection(host='portfolio-python-entreprise.onrender.com', port=443): Failed to resolve 'portfolio-python-entreprise.onrender.com' ([Errno 11001] getaddrinfo failed)"))
2026-09-14 09:28:03,986 - WARNING - Synchronisation différée: HTTPSConnectionPool(host='portfolio-python-entreprise.onrender.com', port=443): Max retries exceeded with url: /ventes/synchroniser (Caused by NameResolutionError("HTTPSConnection(host='portfolio-python-entreprise.onrender.com', port=443): Failed to resolve 'portfolio-python-entreprise.onrender.com' ([Errno 11001] getaddrinfo failed)"))
2026-09-14 09:28:34,047 - WARNING - Synchronisation différée: HTTPSConnectionPool(host='portfolio-python-entreprise.onrender.com', port=443): Max retries exceeded with url: /ventes/synchroniser (Caused by NameResolutionError("HTTPSConnection(host='portfolio-python-entreprise.onrender.com', port=443): Failed to resolve 'portfolio-python-entreprise.onrender.com' ([Errno 11001] getaddrinfo failed)"))
2026-09-14 09:29:04,030 - WARNING - Synchronisation différée: HTTPSConnectionPool(host='portfolio-python-entreprise.onrender.com', port=443): Max retries exceeded with url: /ventes/synchroniser (Caused by NameResolutionError("HTTPSConnection(host='portfolio-python-entreprise.onrender.com', port=443): Failed to resolve 'portfolio-python-entreprise.onrender.com' ([Errno 11001] getaddrinfo failed)"))
2026-09-14 09:29:34,041 - WARNING - Synchronisation différée: HTTPSConnectionPool(host='portfolio-python-entreprise.onrender.com', port=443): Max retries exceeded with url: /ventes/synchroniser (Caused by NameResolutionError("HTTPSConnection(host='portfolio-python-entreprise.onrender.com', port=443): Failed to resolve 'portfolio-python-entreprise.onrender.com' ([Errno 11001] getaddrinfo failed)"))
2026-09-14 09:30:04,049 - WARNING - Synchronisation différée: HTTPSConnectionPool(host='portfolio-python-entreprise.onrender.com', port=443): Max retries exceeded with url: /ventes/synchroniser (Caused by NameResolutionError("HTTPSConnection(host='portfolio-python-entreprise.onrender.com', port=443): Failed to resolve 'portfolio-python-entreprise.onrender.com' ([Errno 11001] getaddrinfo failed)"))
2026-09-14 09:30:34,060 - WARNING - Synchronisation différée: HTTPSConnectionPool(host='portfolio-python-entreprise.onrender.com', port=443): Max retries exceeded with url: /ventes/synchroniser (Caused by NameResolutionError("HTTPSConnection(host='portfolio-python-entreprise.onrender.com', port=443): Failed to resolve 'portfolio-python-entreprise.onrender.com' ([Errno 11001] getaddrinfo failed)"))
2026-09-14 09:31:04,096 - WARNING - Synchronisation différée: HTTPSConnectionPool(host='portfolio-python-entreprise.onrender.com', port=443): Max retries exceeded with url: /ventes/synchroniser (Caused by NameResolutionError("HTTPSConnection(host='portfolio-python-entreprise.onrender.com', port=443): Failed to resolve 'portfolio-python-entreprise.onrender.com' ([Errno 11001] getaddrinfo failed)"))
2026-09-14 09:31:34,080 - WARNING - Synchronisation différée: HTTPSConnectionPool(host='portfolio-python-entreprise.onrender.com', port=443): Max retries exceeded with url: /ventes/synchroniser (Caused by NameResolutionError("HTTPSConnection(host='portfolio-python-entreprise.onrender.com', port=443): Failed to resolve 'portfolio-python-entreprise.onrender.com' ([Errno 11001] getaddrinfo failed)"))
2026-09-14 09:32:04,080 - WARNING - Synchronisation différée: HTTPSConnectionPool(host='portfolio-python-entreprise.onrender.com', port=443): Max retries exceeded with url: /ventes/synchroniser (Caused by NameResolutionError("HTTPSConnection(host='portfolio-python-entreprise.onrender.com', port=443): Failed to resolve 'portfolio-python-entreprise.onrender.com' ([Errno 11001] getaddrinfo failed)"))
2026-09-14 09:32:34,073 - WARNING - Synchronisation différée: HTTPSConnectionPool(host='portfolio-python-entreprise.onrender.com', port=443): Max retries exceeded with url: /ventes/synchroniser (Caused by NameResolutionError("HTTPSConnection(host='portfolio-python-entreprise.onrender.com', port=443): Failed to resolve 'portfolio-python-entreprise.onrender.com' ([Errno 11001] getaddrinfo failed)"))
2026-09-14 09:33:04,076 - WARNING - Synchronisation différée: HTTPSConnectionPool(host='portfolio-python-entreprise.onrender.com', port=443): Max retries exceeded with url: /ventes/synchroniser (Caused by NameResolutionError("HTTPSConnection(host='portfolio-python-entreprise.onrender.com', port=443): Failed to resolve 'portfolio-python-entreprise.onrender.com' ([Errno 11001] getaddrinfo failed)"))
2026-09-14 09:33:34,034 - WARNING - Synchronisation différée: HTTPSConnectionPool(host='portfolio-python-entreprise.onrender.com', port=443): Max retries exceeded with url: /ventes/synchroniser (Caused by NameResolutionError("HTTPSConnection(host='portfolio-python-entreprise.onrender.com', port=443): Failed to resolve 'portfolio-python-entreprise.onrender.com' ([Errno 11001] getaddrinfo failed)"))
2026-09-14 09:34:04,087 - WARNING - Synchronisation différée: HTTPSConnectionPool(host='portfolio-python-entreprise.onrender.com', port=443): Max retries exceeded with url: /ventes/synchroniser (Caused by NameResolutionError("HTTPSConnection(host='portfolio-python-entreprise.onrender.com', port=443): Failed to resolve 'portfolio-python-entreprise.onrender.com' ([Errno 11001] getaddrinfo failed)"))
2026-09-14 09:34:34,097 - WARNING - Synchronisation différée: HTTPSConnectionPool(host='portfolio-python-entreprise.onrender.com', port=443): Max retries exceeded with url: /ventes/synchroniser (Caused by NameResolutionError("HTTPSConnection(host='portfolio-python-entreprise.onrender.com', port=443): Failed to resolve 'portfolio-python-entreprise.onrender.com' ([Errno 11001] getaddrinfo failed)"))
2026-09-14 09:35:04,107 - WARNING - Synchronisation différée: HTTPSConnectionPool(host='portfolio-python-entreprise.onrender.com', port=443): Max retries exceeded with url: /ventes/synchroniser (Caused by NameResolutionError("HTTPSConnection(host='portfolio-python-entreprise.onrender.com', port=443): Failed to resolve 'portfolio-python-entreprise.onrender.com' ([Errno 11001] getaddrinfo failed)"))
2026-09-14 09:35:34,107 - WARNING - Synchronisation différée: HTTPSConnectionPool(host='portfolio-python-entreprise.onrender.com', port=443): Max retries exceeded with url: /ventes/synchroniser (Caused by NameResolutionError("HTTPSConnection(host='portfolio-python-entreprise.onrender.com', port=443): Failed to resolve 'portfolio-python-entreprise.onrender.com' ([Errno 11001] getaddrinfo failed)"))
2026-09-14 09:36:04,119 - WARNING - Synchronisation différée: HTTPSConnectionPool(host='portfolio-python-entreprise.onrender.com', port=443): Max retries exceeded with url: /ventes/synchroniser (Caused by NameResolutionError("HTTPSConnection(host='portfolio-python-entreprise.onrender.com', port=443): Failed to resolve 'portfolio-python-entreprise.onrender.com' ([Errno 11001] getaddrinfo failed)"))
2026-09-14 09:36:34,120 - WARNING - Synchronisation différée: HTTPSConnectionPool(host='portfolio-python-entreprise.onrender.com', port=443): Max retries exceeded with url: /ventes/synchroniser (Caused by NameResolutionError("HTTPSConnection(host='portfolio-python-entreprise.onrender.com', port=443): Failed to resolve 'portfolio-python-entreprise.onrender.com' ([Errno 11001] getaddrinfo failed)"))
2026-09-14 09:37:04,088 - WARNING - Synchronisation différée: HTTPSConnectionPool(host='portfolio-python-entreprise.onrender.com', port=443): Max retries exceeded with url: /ventes/synchroniser (Caused by NameResolutionError("HTTPSConnection(host='portfolio-python-entreprise.onrender.com', port=443): Failed to resolve 'portfolio-python-entreprise.onrender.com' ([Errno 11001] getaddrinfo failed)"))
2026-09-14 09:37:34,106 - WARNING - Synchronisation différée: HTTPSConnectionPool(host='portfolio-python-entreprise.onrender.com', port=443): Max retries exceeded with url: /ventes/synchroniser (Caused by NameResolutionError("HTTPSConnection(host='portfolio-python-entreprise.onrender.com', port=443): Failed to resolve 'portfolio-python-entreprise.onrender.com' ([Errno 11001] getaddrinfo failed)"))
2026-09-14 09:38:04,091 - WARNING - Synchronisation différée: HTTPSConnectionPool(host='portfolio-python-entreprise.onrender.com', port=443): Max retries exceeded with url: /ventes/synchroniser (Caused by NameResolutionError("HTTPSConnection(host='portfolio-python-entreprise.onrender.com', port=443): Failed to resolve 'portfolio-python-entreprise.onrender.com' ([Errno 11001] getaddrinfo failed)"))
2026-09-14 09:38:34,132 - WARNING - Synchronisation différée: HTTPSConnectionPool(host='portfolio-python-entreprise.onrender.com', port=443): Max retries exceeded with url: /ventes/synchroniser (Caused by NameResolutionError("HTTPSConnection(host='portfolio-python-entreprise.onrender.com', port=443): Failed to resolve 'portfolio-python-entreprise.onrender.com' ([Errno 11001] getaddrinfo failed)"))
2026-09-14 09:39:04,136 - WARNING - Synchronisation différée: HTTPSConnectionPool(host='portfolio-python-entreprise.onrender.com', port=443): Max retries exceeded with url: /ventes/synchroniser (Caused by NameResolutionError("HTTPSConnection(host='portfolio-python-entreprise.onrender.com', port=443): Failed to resolve 'portfolio-python-entreprise.onrender.com' ([Errno 11001] getaddrinfo failed)"))
2026-09-14 09:39:34,112 - WARNING - Synchronisation différée: HTTPSConnectionPool(host='portfolio-python-entreprise.onrender.com', port=443): Max retries exceeded with url: /ventes/synchroniser (Caused by NameResolutionError("HTTPSConnection(host='portfolio-python-entreprise.onrender.com', port=443): Failed to resolve 'portfolio-python-entreprise.onrender.com' ([Errno 11001] getaddrinfo failed)"))
2026-09-14 09:40:04,146 - WARNING - Synchronisation différée: HTTPSConnectionPool(host='portfolio-python-entreprise.onrender.com', port=443): Max retries exceeded with url: /ventes/synchroniser (Caused by NameResolutionError("HTTPSConnection(host='portfolio-python-entreprise.onrender.com', port=443): Failed to resolve 'portfolio-python-entreprise.onrender.com' ([Errno 11001] getaddrinfo failed)"))
2026-09-14 09:40:34,137 - WARNING - Synchronisation différée: HTTPSConnectionPool(host='portfolio-python-entreprise.onrender.com', port=443): Max retries exceeded with url: /ventes/synchroniser (Caused by NameResolutionError("HTTPSConnection(host='portfolio-python-entreprise.onrender.com', port=443): Failed to resolve 'portfolio-python-entreprise.onrender.com' ([Errno 11001] getaddrinfo failed)"))
2026-09-14 09:41:04,141 - WARNING - Synchronisation différée: HTTPSConnectionPool(host='portfolio-python-entreprise.onrender.com', port=443): Max retries exceeded with url: /ventes/synchroniser (Caused by NameResolutionError("HTTPSConnection(host='portfolio-python-entreprise.onrender.com', port=443): Failed to resolve 'portfolio-python-entreprise.onrender.com' ([Errno 11001] getaddrinfo failed)"))
2026-09-14 09:41:34,151 - WARNING - Synchronisation différée: HTTPSConnectionPool(host='portfolio-python-entreprise.onrender.com', port=443): Max retries exceeded with url: /ventes/synchroniser (Caused by NameResolutionError("HTTPSConnection(host='portfolio-python-entreprise.onrender.com', port=443): Failed to resolve 'portfolio-python-entreprise.onrender.com' ([Errno 11001] getaddrinfo failed)"))
2026-09-14 09:42:04,169 - WARNING - Synchronisation différée: HTTPSConnectionPool(host='portfolio-python-entreprise.onrender.com', port=443): Max retries exceeded with url: /ventes/synchroniser (Caused by NameResolutionError("HTTPSConnection(host='portfolio-python-entreprise.onrender.com', port=443): Failed to resolve 'portfolio-python-entreprise.onrender.com' ([Errno 11001] getaddrinfo failed)"))
2026-09-14 09:42:34,146 - WARNING - Synchronisation différée: HTTPSConnectionPool(host='portfolio-python-entreprise.onrender.com', port=443): Max retries exceeded with url: /ventes/synchroniser (Caused by NameResolutionError("HTTPSConnection(host='portfolio-python-entreprise.onrender.com', port=443): Failed to resolve 'portfolio-python-entreprise.onrender.com' ([Errno 11001] getaddrinfo failed)"))
2026-09-14 09:43:04,155 - WARNING - Synchronisation différée: HTTPSConnectionPool(host='portfolio-python-entreprise.onrender.com', port=443): Max retries exceeded with url: /ventes/synchroniser (Caused by NameResolutionError("HTTPSConnection(host='portfolio-python-entreprise.onrender.com', port=443): Failed to resolve 'portfolio-python-entreprise.onrender.com' ([Errno 11001] getaddrinfo failed)"))
2026-09-14 09:43:34,154 - WARNING - Synchronisation différée: HTTPSConnectionPool(host='portfolio-python-entreprise.onrender.com', port=443): Max retries exceeded with url: /ventes/synchroniser (Caused by NameResolutionError("HTTPSConnection(host='portfolio-python-entreprise.onrender.com', port=443): Failed to resolve 'portfolio-python-entreprise.onrender.com' ([Errno 11001] getaddrinfo failed)"))
2026-09-14 09:44:04,159 - WARNING - Synchronisation différée: HTTPSConnectionPool(host='portfolio-python-entreprise.onrender.com', port=443): Max retries exceeded with url: /ventes/synchroniser (Caused by NameResolutionError("HTTPSConnection(host='portfolio-python-entreprise.onrender.com', port=443): Failed to resolve 'portfolio-python-entreprise.onrender.com' ([Errno 11001] getaddrinfo failed)"))
2026-09-14 09:44:34,316 - WARNING - Synchronisation différée: HTTPSConnectionPool(host='portfolio-python-entreprise.onrender.com', port=443): Max retries exceeded with url: /ventes/synchroniser (Caused by NameResolutionError("HTTPSConnection(host='portfolio-python-entreprise.onrender.com', port=443): Failed to resolve 'portfolio-python-entreprise.onrender.com' ([Errno 11001] getaddrinfo failed)"))
2026-09-14 09:45:04,228 - WARNING - Synchronisation différée: HTTPSConnectionPool(host='portfolio-python-entreprise.onrender.com', port=443): Max retries exceeded with url: /ventes/synchroniser (Caused by NameResolutionError("HTTPSConnection(host='portfolio-python-entreprise.onrender.com', port=443): Failed to resolve 'portfolio-python-entreprise.onrender.com' ([Errno 11001] getaddrinfo failed)"))
2026-09-14 09:45:34,179 - WARNING - Synchronisation différée: HTTPSConnectionPool(host='portfolio-python-entreprise.onrender.com', port=443): Max retries exceeded with url: /ventes/synchroniser (Caused by NameResolutionError("HTTPSConnection(host='portfolio-python-entreprise.onrender.com', port=443): Failed to resolve 'portfolio-python-entreprise.onrender.com' ([Errno 11001] getaddrinfo failed)"))
2026-09-14 09:46:04,189 - WARNING - Synchronisation différée: HTTPSConnectionPool(host='portfolio-python-entreprise.onrender.com', port=443): Max retries exceeded with url: /ventes/synchroniser (Caused by NameResolutionError("HTTPSConnection(host='portfolio-python-entreprise.onrender.com', port=443): Failed to resolve 'portfolio-python-entreprise.onrender.com' ([Errno 11001] getaddrinfo failed)"))
2026-09-14 09:46:34,165 - WARNING - Synchronisation différée: HTTPSConnectionPool(host='portfolio-python-entreprise.onrender.com', port=443): Max retries exceeded with url: /ventes/synchroniser (Caused by NameResolutionError("HTTPSConnection(host='portfolio-python-entreprise.onrender.com', port=443): Failed to resolve 'portfolio-python-entreprise.onrender.com' ([Errno 11001] getaddrinfo failed)"))
2026-09-14 09:47:04,149 - WARNING - Synchronisation différée: HTTPSConnectionPool(host='portfolio-python-entreprise.onrender.com', port=443): Max retries exceeded with url: /ventes/synchroniser (Caused by NameResolutionError("HTTPSConnection(host='portfolio-python-entreprise.onrender.com', port=443): Failed to resolve 'portfolio-python-entreprise.onrender.com' ([Errno 11001] getaddrinfo failed)"))
2026-09-14 09:47:34,177 - WARNING - Synchronisation différée: HTTPSConnectionPool(host='portfolio-python-entreprise.onrender.com', port=443): Max retries exceeded with url: /ventes/synchroniser (Caused by NameResolutionError("HTTPSConnection(host='portfolio-python-entreprise.onrender.com', port=443): Failed to resolve 'portfolio-python-entreprise.onrender.com' ([Errno 11001] getaddrinfo failed)"))
2026-09-14 09:48:04,176 - WARNING - Synchronisation différée: HTTPSConnectionPool(host='portfolio-python-entreprise.onrender.com', port=443): Max retries exceeded with url: /ventes/synchroniser (Caused by NameResolutionError("HTTPSConnection(host='portfolio-python-entreprise.onrender.com', port=443): Failed to resolve 'portfolio-python-entreprise.onrender.com' ([Errno 11001] getaddrinfo failed)"))
2026-09-14 09:48:34,228 - WARNING - Synchronisation différée: HTTPSConnectionPool(host='portfolio-python-entreprise.onrender.com', port=443): Max retries exceeded with url: /ventes/synchroniser (Caused by NameResolutionError("HTTPSConnection(host='portfolio-python-entreprise.onrender.com', port=443): Failed to resolve 'portfolio-python-entreprise.onrender.com' ([Errno 11001] getaddrinfo failed)"))
2026-09-14 09:49:04,210 - WARNING - Synchronisation différée: HTTPSConnectionPool(host='portfolio-python-entreprise.onrender.com', port=443): Max retries exceeded with url: /ventes/synchroniser (Caused by NameResolutionError("HTTPSConnection(host='portfolio-python-entreprise.onrender.com', port=443): Failed to resolve 'portfolio-python-entreprise.onrender.com' ([Errno 11001] getaddrinfo failed)"))
2026-09-14 09:49:34,220 - WARNING - Synchronisation différée: HTTPSConnectionPool(host='portfolio-python-entreprise.onrender.com', port=443): Max retries exceeded with url: /ventes/synchroniser (Caused by NameResolutionError("HTTPSConnection(host='portfolio-python-entreprise.onrender.com', port=443): Failed to resolve 'portfolio-python-entreprise.onrender.com' ([Errno 11001] getaddrinfo failed)"))
2026-09-14 09:50:04,167 - WARNING - Synchronisation différée: HTTPSConnectionPool(host='portfolio-python-entreprise.onrender.com', port=443): Max retries exceeded with url: /ventes/synchroniser (Caused by NameResolutionError("HTTPSConnection(host='portfolio-python-entreprise.onrender.com', port=443): Failed to resolve 'portfolio-python-entreprise.onrender.com' ([Errno 11001] getaddrinfo failed)"))
2026-09-14 09:50:34,219 - WARNING - Synchronisation différée: HTTPSConnectionPool(host='portfolio-python-entreprise.onrender.com', port=443): Max retries exceeded with url: /ventes/synchroniser (Caused by NameResolutionError("HTTPSConnection(host='portfolio-python-entreprise.onrender.com', port=443): Failed to resolve 'portfolio-python-entreprise.onrender.com' ([Errno 11001] getaddrinfo failed)"))
2026-09-14 09:51:04,320 - WARNING - Synchronisation différée: HTTPSConnectionPool(host='portfolio-python-entreprise.onrender.com', port=443): Max retries exceeded with url: /ventes/synchroniser (Caused by NameResolutionError("HTTPSConnection(host='portfolio-python-entreprise.onrender.com', port=443): Failed to resolve 'portfolio-python-entreprise.onrender.com' ([Errno 11001] getaddrinfo failed)"))
2026-09-14 09:51:34,239 - WARNING - Synchronisation différée: HTTPSConnectionPool(host='portfolio-python-entreprise.onrender.com', port=443): Max retries exceeded with url: /ventes/synchroniser (Caused by NameResolutionError("HTTPSConnection(host='portfolio-python-entreprise.onrender.com', port=443): Failed to resolve 'portfolio-python-entreprise.onrender.com' ([Errno 11001] getaddrinfo failed)"))
2026-09-14 09:52:04,273 - WARNING - Synchronisation différée: HTTPSConnectionPool(host='portfolio-python-entreprise.onrender.com', port=443): Max retries exceeded with url: /ventes/synchroniser (Caused by NameResolutionError("HTTPSConnection(host='portfolio-python-entreprise.onrender.com', port=443): Failed to resolve 'portfolio-python-entreprise.onrender.com' ([Errno 11001] getaddrinfo failed)"))
2026-09-14 09:52:34,222 - WARNING - Synchronisation différée: HTTPSConnectionPool(host='portfolio-python-entreprise.onrender.com', port=443): Max retries exceeded with url: /ventes/synchroniser (Caused by NameResolutionError("HTTPSConnection(host='portfolio-python-entreprise.onrender.com', port=443): Failed to resolve 'portfolio-python-entreprise.onrender.com' ([Errno 11001] getaddrinfo failed)"))
2026-09-14 09:53:04,242 - WARNING - Synchronisation différée: HTTPSConnectionPool(host='portfolio-python-entreprise.onrender.com', port=443): Max retries exceeded with url: /ventes/synchroniser (Caused by NameResolutionError("HTTPSConnection(host='portfolio-python-entreprise.onrender.com', port=443): Failed to resolve 'portfolio-python-entreprise.onrender.com' ([Errno 11001] getaddrinfo failed)"))
2026-09-14 09:53:34,235 - WARNING - Synchronisation différée: HTTPSConnectionPool(host='portfolio-python-entreprise.onrender.com', port=443): Max retries exceeded with url: /ventes/synchroniser (Caused by NameResolutionError("HTTPSConnection(host='portfolio-python-entreprise.onrender.com', port=443): Failed to resolve 'portfolio-python-entreprise.onrender.com' ([Errno 11001] getaddrinfo failed)"))
2026-09-14 09:54:04,254 - WARNING - Synchronisation différée: HTTPSConnectionPool(host='portfolio-python-entreprise.onrender.com', port=443): Max retries exceeded with url: /ventes/synchroniser (Caused by NameResolutionError("HTTPSConnection(host='portfolio-python-entreprise.onrender.com', port=443): Failed to resolve 'portfolio-python-entreprise.onrender.com' ([Errno 11001] getaddrinfo failed)"))
2026-09-14 09:54:34,230 - WARNING - Synchronisation différée: HTTPSConnectionPool(host='portfolio-python-entreprise.onrender.com', port=443): Max retries exceeded with url: /ventes/synchroniser (Caused by NameResolutionError("HTTPSConnection(host='portfolio-python-entreprise.onrender.com', port=443): Failed to resolve 'portfolio-python-entreprise.onrender.com' ([Errno 11001] getaddrinfo failed)"))
2026-09-14 09:55:04,231 - WARNING - Synchronisation différée: HTTPSConnectionPool(host='portfolio-python-entreprise.onrender.com', port=443): Max retries exceeded with url: /ventes/synchroniser (Caused by NameResolutionError("HTTPSConnection(host='portfolio-python-entreprise.onrender.com', port=443): Failed to resolve 'portfolio-python-entreprise.onrender.com' ([Errno 11001] getaddrinfo failed)"))
2026-09-14 09:55:34,199 - WARNING - Synchronisation différée: HTTPSConnectionPool(host='portfolio-python-entreprise.onrender.com', port=443): Max retries exceeded with url: /ventes/synchroniser (Caused by NameResolutionError("HTTPSConnection(host='portfolio-python-entreprise.onrender.com', port=443): Failed to resolve 'portfolio-python-entreprise.onrender.com' ([Errno 11001] getaddrinfo failed)"))
2026-09-14 09:56:04,354 - WARNING - Synchronisation différée: HTTPSConnectionPool(host='portfolio-python-entreprise.onrender.com', port=443): Max retries exceeded with url: /ventes/synchroniser (Caused by NameResolutionError("HTTPSConnection(host='portfolio-python-entreprise.onrender.com', port=443): Failed to resolve 'portfolio-python-entreprise.onrender.com' ([Errno 11001] getaddrinfo failed)"))
2026-09-14 09:56:34,276 - WARNING - Synchronisation différée: HTTPSConnectionPool(host='portfolio-python-entreprise.onrender.com', port=443): Max retries exceeded with url: /ventes/synchroniser (Caused by NameResolutionError("HTTPSConnection(host='portfolio-python-entreprise.onrender.com', port=443): Failed to resolve 'portfolio-python-entreprise.onrender.com' ([Errno 11001] getaddrinfo failed)"))
2026-09-14 09:57:04,212 - WARNING - Synchronisation différée: HTTPSConnectionPool(host='portfolio-python-entreprise.onrender.com', port=443): Max retries exceeded with url: /ventes/synchroniser (Caused by NameResolutionError("HTTPSConnection(host='portfolio-python-entreprise.onrender.com', port=443): Failed to resolve 'portfolio-python-entreprise.onrender.com' ([Errno 11001] getaddrinfo failed)"))
2026-09-14 09:57:34,231 - WARNING - Synchronisation différée: HTTPSConnectionPool(host='portfolio-python-entreprise.onrender.com', port=443): Max retries exceeded with url: /ventes/synchroniser (Caused by NameResolutionError("HTTPSConnection(host='portfolio-python-entreprise.onrender.com', port=443): Failed to resolve 'portfolio-python-entreprise.onrender.com' ([Errno 11001] getaddrinfo failed)"))
2026-09-14 09:58:04,233 - WARNING - Synchronisation différée: HTTPSConnectionPool(host='portfolio-python-entreprise.onrender.com', port=443): Max retries exceeded with url: /ventes/synchroniser (Caused by NameResolutionError("HTTPSConnection(host='portfolio-python-entreprise.onrender.com', port=443): Failed to resolve 'portfolio-python-entreprise.onrender.com' ([Errno 11001] getaddrinfo failed)"))
2026-09-14 09:58:34,251 - WARNING - Synchronisation différée: HTTPSConnectionPool(host='portfolio-python-entreprise.onrender.com', port=443): Max retries exceeded with url: /ventes/synchroniser (Caused by NameResolutionError("HTTPSConnection(host='portfolio-python-entreprise.onrender.com', port=443): Failed to resolve 'portfolio-python-entreprise.onrender.com' ([Errno 11001] getaddrinfo failed)"))
2026-09-14 09:59:04,276 - WARNING - Synchronisation différée: HTTPSConnectionPool(host='portfolio-python-entreprise.onrender.com', port=443): Max retries exceeded with url: /ventes/synchroniser (Caused by NameResolutionError("HTTPSConnection(host='portfolio-python-entreprise.onrender.com', port=443): Failed to resolve 'portfolio-python-entreprise.onrender.com' ([Errno 11001] getaddrinfo failed)"))
2026-09-14 09:59:34,260 - WARNING - Synchronisation différée: HTTPSConnectionPool(host='portfolio-python-entreprise.onrender.com', port=443): Max retries exceeded with url: /ventes/synchroniser (Caused by NameResolutionError("HTTPSConnection(host='portfolio-python-entreprise.onrender.com', port=443): Failed to resolve 'portfolio-python-entreprise.onrender.com' ([Errno 11001] getaddrinfo failed)"))
2026-09-14 10:00:04,272 - WARNING - Synchronisation différée: HTTPSConnectionPool(host='portfolio-python-entreprise.onrender.com', port=443): Max retries exceeded with url: /ventes/synchroniser (Caused by NameResolutionError("HTTPSConnection(host='portfolio-python-entreprise.onrender.com', port=443): Failed to resolve 'portfolio-python-entreprise.onrender.com' ([Errno 11001] getaddrinfo failed)"))
2026-09-14 10:00:34,298 - WARNING - Synchronisation différée: HTTPSConnectionPool(host='portfolio-python-entreprise.onrender.com', port=443): Max retries exceeded with url: /ventes/synchroniser (Caused by NameResolutionError("HTTPSConnection(host='portfolio-python-entreprise.onrender.com', port=443): Failed to resolve 'portfolio-python-entreprise.onrender.com' ([Errno 11001] getaddrinfo failed)"))
2026-09-14 10:01:04,291 - WARNING - Synchronisation différée: HTTPSConnectionPool(host='portfolio-python-entreprise.onrender.com', port=443): Max retries exceeded with url: /ventes/synchroniser (Caused by NameResolutionError("HTTPSConnection(host='portfolio-python-entreprise.onrender.com', port=443): Failed to resolve 'portfolio-python-entreprise.onrender.com' ([Errno 11001] getaddrinfo failed)"))
2026-09-14 10:01:34,259 - WARNING - Synchronisation différée: HTTPSConnectionPool(host='portfolio-python-entreprise.onrender.com', port=443): Max retries exceeded with url: /ventes/synchroniser (Caused by NameResolutionError("HTTPSConnection(host='portfolio-python-entreprise.onrender.com', port=443): Failed to resolve 'portfolio-python-entreprise.onrender.com' ([Errno 11001] getaddrinfo failed)"))
2026-09-14 10:02:04,278 - WARNING - Synchronisation différée: HTTPSConnectionPool(host='portfolio-python-entreprise.onrender.com', port=443): Max retries exceeded with url: /ventes/synchroniser (Caused by NameResolutionError("HTTPSConnection(host='portfolio-python-entreprise.onrender.com', port=443): Failed to resolve 'portfolio-python-entreprise.onrender.com' ([Errno 11001] getaddrinfo failed)"))
2026-09-14 10:02:34,286 - WARNING - Synchronisation différée: HTTPSConnectionPool(host='portfolio-python-entreprise.onrender.com', port=443): Max retries exceeded with url: /ventes/synchroniser (Caused by NameResolutionError("HTTPSConnection(host='portfolio-python-entreprise.onrender.com', port=443): Failed to resolve 'portfolio-python-entreprise.onrender.com' ([Errno 11001] getaddrinfo failed)"))
2026-09-14 10:03:04,286 - WARNING - Synchronisation différée: HTTPSConnectionPool(host='portfolio-python-entreprise.onrender.com', port=443): Max retries exceeded with url: /ventes/synchroniser (Caused by NameResolutionError("HTTPSConnection(host='portfolio-python-entreprise.onrender.com', port=443): Failed to resolve 'portfolio-python-entreprise.onrender.com' ([Errno 11001] getaddrinfo failed)"))
2026-09-14 10:03:34,381 - WARNING - Synchronisation différée: HTTPSConnectionPool(host='portfolio-python-entreprise.onrender.com', port=443): Max retries exceeded with url: /ventes/synchroniser (Caused by NameResolutionError("HTTPSConnection(host='portfolio-python-entreprise.onrender.com', port=443): Failed to resolve 'portfolio-python-entreprise.onrender.com' ([Errno 11001] getaddrinfo failed)"))
2026-09-14 10:04:04,317 - WARNING - Synchronisation différée: HTTPSConnectionPool(host='portfolio-python-entreprise.onrender.com', port=443): Max retries exceeded with url: /ventes/synchroniser (Caused by NameResolutionError("HTTPSConnection(host='portfolio-python-entreprise.onrender.com', port=443): Failed to resolve 'portfolio-python-entreprise.onrender.com' ([Errno 11001] getaddrinfo failed)"))
2026-09-14 10:04:34,334 - WARNING - Synchronisation différée: HTTPSConnectionPool(host='portfolio-python-entreprise.onrender.com', port=443): Max retries exceeded with url: /ventes/synchroniser (Caused by NameResolutionError("HTTPSConnection(host='portfolio-python-entreprise.onrender.com', port=443): Failed to resolve 'portfolio-python-entreprise.onrender.com' ([Errno 11001] getaddrinfo failed)"))
2026-09-14 10:05:04,336 - WARNING - Synchronisation différée: HTTPSConnectionPool(host='portfolio-python-entreprise.onrender.com', port=443): Max retries exceeded with url: /ventes/synchroniser (Caused by NameResolutionError("HTTPSConnection(host='portfolio-python-entreprise.onrender.com', port=443): Failed to resolve 'portfolio-python-entreprise.onrender.com' ([Errno 11001] getaddrinfo failed)"))
2026-09-14 10:05:34,346 - WARNING - Synchronisation différée: HTTPSConnectionPool(host='portfolio-python-entreprise.onrender.com', port=443): Max retries exceeded with url: /ventes/synchroniser (Caused by NameResolutionError("HTTPSConnection(host='portfolio-python-entreprise.onrender.com', port=443): Failed to resolve 'portfolio-python-entreprise.onrender.com' ([Errno 11001] getaddrinfo failed)"))
2026-09-14 10:06:04,505 - WARNING - Synchronisation différée: HTTPSConnectionPool(host='portfolio-python-entreprise.onrender.com', port=443): Max retries exceeded with url: /ventes/synchroniser (Caused by NameResolutionError("HTTPSConnection(host='portfolio-python-entreprise.onrender.com', port=443): Failed to resolve 'portfolio-python-entreprise.onrender.com' ([Errno 11001] getaddrinfo failed)"))
2026-09-14 10:06:34,323 - WARNING - Synchronisation différée: HTTPSConnectionPool(host='portfolio-python-entreprise.onrender.com', port=443): Max retries exceeded with url: /ventes/synchroniser (Caused by NameResolutionError("HTTPSConnection(host='portfolio-python-entreprise.onrender.com', port=443): Failed to resolve 'portfolio-python-entreprise.onrender.com' ([Errno 11001] getaddrinfo failed)"))
2026-09-14 10:07:07,393 - WARNING - Synchronisation différée: HTTPSConnectionPool(host='portfolio-python-entreprise.onrender.com', port=443): Max retries exceeded with url: /ventes/synchroniser (Caused by NameResolutionError("HTTPSConnection(host='portfolio-python-entreprise.onrender.com', port=443): Failed to resolve 'portfolio-python-entreprise.onrender.com' ([Errno 11001] getaddrinfo failed)"))
2026-09-14 10:07:34,360 - WARNING - Synchronisation différée: HTTPSConnectionPool(host='portfolio-python-entreprise.onrender.com', port=443): Max retries exceeded with url: /ventes/synchroniser (Caused by NameResolutionError("HTTPSConnection(host='portfolio-python-entreprise.onrender.com', port=443): Failed to resolve 'portfolio-python-entreprise.onrender.com' ([Errno 11001] getaddrinfo failed)"))
2026-09-14 10:08:04,478 - WARNING - Synchronisation différée: HTTPSConnectionPool(host='portfolio-python-entreprise.onrender.com', port=443): Max retries exceeded with url: /ventes/synchroniser (Caused by NameResolutionError("HTTPSConnection(host='portfolio-python-entreprise.onrender.com', port=443): Failed to resolve 'portfolio-python-entreprise.onrender.com' ([Errno 11001] getaddrinfo failed)"))
2026-09-14 10:08:34,371 - WARNING - Synchronisation différée: HTTPSConnectionPool(host='portfolio-python-entreprise.onrender.com', port=443): Max retries exceeded with url: /ventes/synchroniser (Caused by NameResolutionError("HTTPSConnection(host='portfolio-python-entreprise.onrender.com', port=443): Failed to resolve 'portfolio-python-entreprise.onrender.com' ([Errno 11001] getaddrinfo failed)"))
2026-09-14 10:09:04,356 - WARNING - Synchronisation différée: HTTPSConnectionPool(host='portfolio-python-entreprise.onrender.com', port=443): Max retries exceeded with url: /ventes/synchroniser (Caused by NameResolutionError("HTTPSConnection(host='portfolio-python-entreprise.onrender.com', port=443): Failed to resolve 'portfolio-python-entreprise.onrender.com' ([Errno 11001] getaddrinfo failed)"))
2026-09-14 10:09:34,383 - WARNING - Synchronisation différée: HTTPSConnectionPool(host='portfolio-python-entreprise.onrender.com', port=443): Max retries exceeded with url: /ventes/synchroniser (Caused by NameResolutionError("HTTPSConnection(host='portfolio-python-entreprise.onrender.com', port=443): Failed to resolve 'portfolio-python-entreprise.onrender.com' ([Errno 11001] getaddrinfo failed)"))
2026-09-14 10:10:04,384 - WARNING - Synchronisation différée: HTTPSConnectionPool(host='portfolio-python-entreprise.onrender.com', port=443): Max retries exceeded with url: /ventes/synchroniser (Caused by NameResolutionError("HTTPSConnection(host='portfolio-python-entreprise.onrender.com', port=443): Failed to resolve 'portfolio-python-entreprise.onrender.com' ([Errno 11001] getaddrinfo failed)"))
2026-09-14 10:10:34,386 - WARNING - Synchronisation différée: HTTPSConnectionPool(host='portfolio-python-entreprise.onrender.com', port=443): Max retries exceeded with url: /ventes/synchroniser (Caused by NameResolutionError("HTTPSConnection(host='portfolio-python-entreprise.onrender.com', port=443): Failed to resolve 'portfolio-python-entreprise.onrender.com' ([Errno 11001] getaddrinfo failed)"))
2026-09-14 10:11:04,379 - WARNING - Synchronisation différée: HTTPSConnectionPool(host='portfolio-python-entreprise.onrender.com', port=443): Max retries exceeded with url: /ventes/synchroniser (Caused by NameResolutionError("HTTPSConnection(host='portfolio-python-entreprise.onrender.com', port=443): Failed to resolve 'portfolio-python-entreprise.onrender.com' ([Errno 11001] getaddrinfo failed)"))
2026-09-14 10:11:34,439 - WARNING - Synchronisation différée: HTTPSConnectionPool(host='portfolio-python-entreprise.onrender.com', port=443): Max retries exceeded with url: /ventes/synchroniser (Caused by NameResolutionError("HTTPSConnection(host='portfolio-python-entreprise.onrender.com', port=443): Failed to resolve 'portfolio-python-entreprise.onrender.com' ([Errno 11001] getaddrinfo failed)"))
2026-09-14 10:12:04,398 - WARNING - Synchronisation différée: HTTPSConnectionPool(host='portfolio-python-entreprise.onrender.com', port=443): Max retries exceeded with url: /ventes/synchroniser (Caused by NameResolutionError("HTTPSConnection(host='portfolio-python-entreprise.onrender.com', port=443): Failed to resolve 'portfolio-python-entreprise.onrender.com' ([Errno 11001] getaddrinfo failed)"))
2026-09-14 10:12:34,400 - WARNING - Synchronisation différée: HTTPSConnectionPool(host='portfolio-python-entreprise.onrender.com', port=443): Max retries exceeded with url: /ventes/synchroniser (Caused by NameResolutionError("HTTPSConnection(host='portfolio-python-entreprise.onrender.com', port=443): Failed to resolve 'portfolio-python-entreprise.onrender.com' ([Errno 11001] getaddrinfo failed)"))
2026-09-14 10:13:04,393 - WARNING - Synchronisation différée: HTTPSConnectionPool(host='portfolio-python-entreprise.onrender.com', port=443): Max retries exceeded with url: /ventes/synchroniser (Caused by NameResolutionError("HTTPSConnection(host='portfolio-python-entreprise.onrender.com', port=443): Failed to resolve 'portfolio-python-entreprise.onrender.com' ([Errno 11001] getaddrinfo failed)"))
2026-09-14 10:13:34,392 - WARNING - Synchronisation différée: HTTPSConnectionPool(host='portfolio-python-entreprise.onrender.com', port=443): Max retries exceeded with url: /ventes/synchroniser (Caused by NameResolutionError("HTTPSConnection(host='portfolio-python-entreprise.onrender.com', port=443): Failed to resolve 'portfolio-python-entreprise.onrender.com' ([Errno 11001] getaddrinfo failed)"))
2026-09-14 10:14:04,396 - WARNING - Synchronisation différée: HTTPSConnectionPool(host='portfolio-python-entreprise.onrender.com', port=443): Max retries exceeded with url: /ventes/synchroniser (Caused by NameResolutionError("HTTPSConnection(host='portfolio-python-entreprise.onrender.com', port=443): Failed to resolve 'portfolio-python-entreprise.onrender.com' ([Errno 11001] getaddrinfo failed)"))
2026-09-14 10:14:34,381 - WARNING - Synchronisation différée: HTTPSConnectionPool(host='portfolio-python-entreprise.onrender.com', port=443): Max retries exceeded with url: /ventes/synchroniser (Caused by NameResolutionError("HTTPSConnection(host='portfolio-python-entreprise.onrender.com', port=443): Failed to resolve 'portfolio-python-entreprise.onrender.com' ([Errno 11001] getaddrinfo failed)"))
2026-09-14 10:15:04,407 - WARNING - Synchronisation différée: HTTPSConnectionPool(host='portfolio-python-entreprise.onrender.com', port=443): Max retries exceeded with url: /ventes/synchroniser (Caused by NameResolutionError("HTTPSConnection(host='portfolio-python-entreprise.onrender.com', port=443): Failed to resolve 'portfolio-python-entreprise.onrender.com' ([Errno 11001] getaddrinfo failed)"))
2026-09-14 10:15:34,439 - WARNING - Synchronisation différée: HTTPSConnectionPool(host='portfolio-python-entreprise.onrender.com', port=443): Max retries exceeded with url: /ventes/synchroniser (Caused by NameResolutionError("HTTPSConnection(host='portfolio-python-entreprise.onrender.com', port=443): Failed to resolve 'portfolio-python-entreprise.onrender.com' ([Errno 11001] getaddrinfo failed)"))
2026-09-14 10:16:04,452 - WARNING - Synchronisation différée: HTTPSConnectionPool(host='portfolio-python-entreprise.onrender.com', port=443): Max retries exceeded with url: /ventes/synchroniser (Caused by NameResolutionError("HTTPSConnection(host='portfolio-python-entreprise.onrender.com', port=443): Failed to resolve 'portfolio-python-entreprise.onrender.com' ([Errno 11001] getaddrinfo failed)"))
2026-09-14 10:16:34,411 - WARNING - Synchronisation différée: HTTPSConnectionPool(host='portfolio-python-entreprise.onrender.com', port=443): Max retries exceeded with url: /ventes/synchroniser (Caused by NameResolutionError("HTTPSConnection(host='portfolio-python-entreprise.onrender.com', port=443): Failed to resolve 'portfolio-python-entreprise.onrender.com' ([Errno 11001] getaddrinfo failed)"))
2026-09-14 10:17:04,452 - WARNING - Synchronisation différée: HTTPSConnectionPool(host='portfolio-python-entreprise.onrender.com', port=443): Max retries exceeded with url: /ventes/synchroniser (Caused by NameResolutionError("HTTPSConnection(host='portfolio-python-entreprise.onrender.com', port=443): Failed to resolve 'portfolio-python-entreprise.onrender.com' ([Errno 11001] getaddrinfo failed)"))
2026-09-14 10:17:34,440 - WARNING - Synchronisation différée: HTTPSConnectionPool(host='portfolio-python-entreprise.onrender.com', port=443): Max retries exceeded with url: /ventes/synchroniser (Caused by NameResolutionError("HTTPSConnection(host='portfolio-python-entreprise.onrender.com', port=443): Failed to resolve 'portfolio-python-entreprise.onrender.com' ([Errno 11001] getaddrinfo failed)"))
2026-09-14 10:18:04,442 - WARNING - Synchronisation différée: HTTPSConnectionPool(host='portfolio-python-entreprise.onrender.com', port=443): Max retries exceeded with url: /ventes/synchroniser (Caused by NameResolutionError("HTTPSConnection(host='portfolio-python-entreprise.onrender.com', port=443): Failed to resolve 'portfolio-python-entreprise.onrender.com' ([Errno 11001] getaddrinfo failed)"))
2026-09-14 10:18:34,442 - WARNING - Synchronisation différée: HTTPSConnectionPool(host='portfolio-python-entreprise.onrender.com', port=443): Max retries exceeded with url: /ventes/synchroniser (Caused by NameResolutionError("HTTPSConnection(host='portfolio-python-entreprise.onrender.com', port=443): Failed to resolve 'portfolio-python-entreprise.onrender.com' ([Errno 11001] getaddrinfo failed)"))
2026-09-14 10:19:04,425 - WARNING - Synchronisation différée: HTTPSConnectionPool(host='portfolio-python-entreprise.onrender.com', port=443): Max retries exceeded with url: /ventes/synchroniser (Caused by NameResolutionError("HTTPSConnection(host='portfolio-python-entreprise.onrender.com', port=443): Failed to resolve 'portfolio-python-entreprise.onrender.com' ([Errno 11001] getaddrinfo failed)"))
2026-09-14 10:19:34,503 - WARNING - Synchronisation différée: HTTPSConnectionPool(host='portfolio-python-entreprise.onrender.com', port=443): Max retries exceeded with url: /ventes/synchroniser (Caused by NameResolutionError("HTTPSConnection(host='portfolio-python-entreprise.onrender.com', port=443): Failed to resolve 'portfolio-python-entreprise.onrender.com' ([Errno 11001] getaddrinfo failed)"))
2026-09-14 10:20:04,455 - WARNING - Synchronisation différée: HTTPSConnectionPool(host='portfolio-python-entreprise.onrender.com', port=443): Max retries exceeded with url: /ventes/synchroniser (Caused by NameResolutionError("HTTPSConnection(host='portfolio-python-entreprise.onrender.com', port=443): Failed to resolve 'portfolio-python-entreprise.onrender.com' ([Errno 11001] getaddrinfo failed)"))
2026-09-14 10:20:34,464 - WARNING - Synchronisation différée: HTTPSConnectionPool(host='portfolio-python-entreprise.onrender.com', port=443): Max retries exceeded with url: /ventes/synchroniser (Caused by NameResolutionError("HTTPSConnection(host='portfolio-python-entreprise.onrender.com', port=443): Failed to resolve 'portfolio-python-entreprise.onrender.com' ([Errno 11001] getaddrinfo failed)"))
2026-09-14 10:21:04,466 - WARNING - Synchronisation différée: HTTPSConnectionPool(host='portfolio-python-entreprise.onrender.com', port=443): Max retries exceeded with url: /ventes/synchroniser (Caused by NameResolutionError("HTTPSConnection(host='portfolio-python-entreprise.onrender.com', port=443): Failed to resolve 'portfolio-python-entreprise.onrender.com' ([Errno 11001] getaddrinfo failed)"))
2026-09-14 10:21:34,467 - WARNING - Synchronisation différée: HTTPSConnectionPool(host='portfolio-python-entreprise.onrender.com', port=443): Max retries exceeded with url: /ventes/synchroniser (Caused by NameResolutionError("HTTPSConnection(host='portfolio-python-entreprise.onrender.com', port=443): Failed to resolve 'portfolio-python-entreprise.onrender.com' ([Errno 11001] getaddrinfo failed)"))
2026-09-14 10:22:04,485 - WARNING - Synchronisation différée: HTTPSConnectionPool(host='portfolio-python-entreprise.onrender.com', port=443): Max retries exceeded with url: /ventes/synchroniser (Caused by NameResolutionError("HTTPSConnection(host='portfolio-python-entreprise.onrender.com', port=443): Failed to resolve 'portfolio-python-entreprise.onrender.com' ([Errno 11001] getaddrinfo failed)"))
2026-09-14 10:22:34,470 - WARNING - Synchronisation différée: HTTPSConnectionPool(host='portfolio-python-entreprise.onrender.com', port=443): Max retries exceeded with url: /ventes/synchroniser (Caused by NameResolutionError("HTTPSConnection(host='portfolio-python-entreprise.onrender.com', port=443): Failed to resolve 'portfolio-python-entreprise.onrender.com' ([Errno 11001] getaddrinfo failed)"))
2026-09-14 10:23:04,472 - WARNING - Synchronisation différée: HTTPSConnectionPool(host='portfolio-python-entreprise.onrender.com', port=443): Max retries exceeded with url: /ventes/synchroniser (Caused by NameResolutionError("HTTPSConnection(host='portfolio-python-entreprise.onrender.com', port=443): Failed to resolve 'portfolio-python-entreprise.onrender.com' ([Errno 11001] getaddrinfo failed)"))
2026-09-14 10:23:34,547 - WARNING - Synchronisation différée: HTTPSConnectionPool(host='portfolio-python-entreprise.onrender.com', port=443): Max retries exceeded with url: /ventes/synchroniser (Caused by NameResolutionError("HTTPSConnection(host='portfolio-python-entreprise.onrender.com', port=443): Failed to resolve 'portfolio-python-entreprise.onrender.com' ([Errno 11001] getaddrinfo failed)"))
2026-09-14 10:24:04,491 - WARNING - Synchronisation différée: HTTPSConnectionPool(host='portfolio-python-entreprise.onrender.com', port=443): Max retries exceeded with url: /ventes/synchroniser (Caused by NameResolutionError("HTTPSConnection(host='portfolio-python-entreprise.onrender.com', port=443): Failed to resolve 'portfolio-python-entreprise.onrender.com' ([Errno 11001] getaddrinfo failed)"))
2026-09-14 10:24:34,501 - WARNING - Synchronisation différée: HTTPSConnectionPool(host='portfolio-python-entreprise.onrender.com', port=443): Max retries exceeded with url: /ventes/synchroniser (Caused by NameResolutionError("HTTPSConnection(host='portfolio-python-entreprise.onrender.com', port=443): Failed to resolve 'portfolio-python-entreprise.onrender.com' ([Errno 11001] getaddrinfo failed)"))
2026-09-14 10:25:04,519 - WARNING - Synchronisation différée: HTTPSConnectionPool(host='portfolio-python-entreprise.onrender.com', port=443): Max retries exceeded with url: /ventes/synchroniser (Caused by NameResolutionError("HTTPSConnection(host='portfolio-python-entreprise.onrender.com', port=443): Failed to resolve 'portfolio-python-entreprise.onrender.com' ([Errno 11001] getaddrinfo failed)"))
2026-09-14 10:25:34,504 - WARNING - Synchronisation différée: HTTPSConnectionPool(host='portfolio-python-entreprise.onrender.com', port=443): Max retries exceeded with url: /ventes/synchroniser (Caused by NameResolutionError("HTTPSConnection(host='portfolio-python-entreprise.onrender.com', port=443): Failed to resolve 'portfolio-python-entreprise.onrender.com' ([Errno 11001] getaddrinfo failed)"))
2026-09-14 10:26:04,555 - WARNING - Synchronisation différée: HTTPSConnectionPool(host='portfolio-python-entreprise.onrender.com', port=443): Max retries exceeded with url: /ventes/synchroniser (Caused by NameResolutionError("HTTPSConnection(host='portfolio-python-entreprise.onrender.com', port=443): Failed to resolve 'portfolio-python-entreprise.onrender.com' ([Errno 11001] getaddrinfo failed)"))
2026-09-14 10:26:34,508 - WARNING - Synchronisation différée: HTTPSConnectionPool(host='portfolio-python-entreprise.onrender.com', port=443): Max retries exceeded with url: /ventes/synchroniser (Caused by NameResolutionError("HTTPSConnection(host='portfolio-python-entreprise.onrender.com', port=443): Failed to resolve 'portfolio-python-entreprise.onrender.com' ([Errno 11001] getaddrinfo failed)"))
2026-09-14 10:27:04,517 - WARNING - Synchronisation différée: HTTPSConnectionPool(host='portfolio-python-entreprise.onrender.com', port=443): Max retries exceeded with url: /ventes/synchroniser (Caused by NameResolutionError("HTTPSConnection(host='portfolio-python-entreprise.onrender.com', port=443): Failed to resolve 'portfolio-python-entreprise.onrender.com' ([Errno 11001] getaddrinfo failed)"))
2026-09-14 10:27:34,526 - WARNING - Synchronisation différée: HTTPSConnectionPool(host='portfolio-python-entreprise.onrender.com', port=443): Max retries exceeded with url: /ventes/synchroniser (Caused by NameResolutionError("HTTPSConnection(host='portfolio-python-entreprise.onrender.com', port=443): Failed to resolve 'portfolio-python-entreprise.onrender.com' ([Errno 11001] getaddrinfo failed)"))
2026-09-14 10:28:04,511 - WARNING - Synchronisation différée: HTTPSConnectionPool(host='portfolio-python-entreprise.onrender.com', port=443): Max retries exceeded with url: /ventes/synchroniser (Caused by NameResolutionError("HTTPSConnection(host='portfolio-python-entreprise.onrender.com', port=443): Failed to resolve 'portfolio-python-entreprise.onrender.com' ([Errno 11001] getaddrinfo failed)"))
2026-09-14 10:28:34,521 - WARNING - Synchronisation différée: HTTPSConnectionPool(host='portfolio-python-entreprise.onrender.com', port=443): Max retries exceeded with url: /ventes/synchroniser (Caused by NameResolutionError("HTTPSConnection(host='portfolio-python-entreprise.onrender.com', port=443): Failed to resolve 'portfolio-python-entreprise.onrender.com' ([Errno 11001] getaddrinfo failed)"))
2026-09-14 10:29:04,530 - WARNING - Synchronisation différée: HTTPSConnectionPool(host='portfolio-python-entreprise.onrender.com', port=443): Max retries exceeded with url: /ventes/synchroniser (Caused by NameResolutionError("HTTPSConnection(host='portfolio-python-entreprise.onrender.com', port=443): Failed to resolve 'portfolio-python-entreprise.onrender.com' ([Errno 11001] getaddrinfo failed)"))
2026-09-14 10:29:34,525 - WARNING - Synchronisation différée: HTTPSConnectionPool(host='portfolio-python-entreprise.onrender.com', port=443): Max retries exceeded with url: /ventes/synchroniser (Caused by NameResolutionError("HTTPSConnection(host='portfolio-python-entreprise.onrender.com', port=443): Failed to resolve 'portfolio-python-entreprise.onrender.com' ([Errno 11001] getaddrinfo failed)"))
2026-09-14 10:30:04,559 - WARNING - Synchronisation différée: HTTPSConnectionPool(host='portfolio-python-entreprise.onrender.com', port=443): Max retries exceeded with url: /ventes/synchroniser (Caused by NameResolutionError("HTTPSConnection(host='portfolio-python-entreprise.onrender.com', port=443): Failed to resolve 'portfolio-python-entreprise.onrender.com' ([Errno 11001] getaddrinfo failed)"))
2026-09-14 10:30:34,502 - WARNING - Synchronisation différée: HTTPSConnectionPool(host='portfolio-python-entreprise.onrender.com', port=443): Max retries exceeded with url: /ventes/synchroniser (Caused by NameResolutionError("HTTPSConnection(host='portfolio-python-entreprise.onrender.com', port=443): Failed to resolve 'portfolio-python-entreprise.onrender.com' ([Errno 11001] getaddrinfo failed)"))
2026-09-14 10:31:04,518 - WARNING - Synchronisation différée: HTTPSConnectionPool(host='portfolio-python-entreprise.onrender.com', port=443): Max retries exceeded with url: /ventes/synchroniser (Caused by NameResolutionError("HTTPSConnection(host='portfolio-python-entreprise.onrender.com', port=443): Failed to resolve 'portfolio-python-entreprise.onrender.com' ([Errno 11001] getaddrinfo failed)"))
2026-09-14 10:31:34,605 - WARNING - Synchronisation différée: HTTPSConnectionPool(host='portfolio-python-entreprise.onrender.com', port=443): Max retries exceeded with url: /ventes/synchroniser (Caused by NameResolutionError("HTTPSConnection(host='portfolio-python-entreprise.onrender.com', port=443): Failed to resolve 'portfolio-python-entreprise.onrender.com' ([Errno 11001] getaddrinfo failed)"))
2026-09-14 10:32:04,548 - WARNING - Synchronisation différée: HTTPSConnectionPool(host='portfolio-python-entreprise.onrender.com', port=443): Max retries exceeded with url: /ventes/synchroniser (Caused by NameResolutionError("HTTPSConnection(host='portfolio-python-entreprise.onrender.com', port=443): Failed to resolve 'portfolio-python-entreprise.onrender.com' ([Errno 11001] getaddrinfo failed)"))
2026-09-14 10:32:34,558 - WARNING - Synchronisation différée: HTTPSConnectionPool(host='portfolio-python-entreprise.onrender.com', port=443): Max retries exceeded with url: /ventes/synchroniser (Caused by NameResolutionError("HTTPSConnection(host='portfolio-python-entreprise.onrender.com', port=443): Failed to resolve 'portfolio-python-entreprise.onrender.com' ([Errno 11001] getaddrinfo failed)"))
2026-09-14 10:33:04,551 - WARNING - Synchronisation différée: HTTPSConnectionPool(host='portfolio-python-entreprise.onrender.com', port=443): Max retries exceeded with url: /ventes/synchroniser (Caused by NameResolutionError("HTTPSConnection(host='portfolio-python-entreprise.onrender.com', port=443): Failed to resolve 'portfolio-python-entreprise.onrender.com' ([Errno 11001] getaddrinfo failed)"))
2026-09-14 10:33:34,594 - WARNING - Synchronisation différée: HTTPSConnectionPool(host='portfolio-python-entreprise.onrender.com', port=443): Max retries exceeded with url: /ventes/synchroniser (Caused by NameResolutionError("HTTPSConnection(host='portfolio-python-entreprise.onrender.com', port=443): Failed to resolve 'portfolio-python-entreprise.onrender.com' ([Errno 11001] getaddrinfo failed)"))
2026-09-14 10:34:04,547 - WARNING - Synchronisation différée: HTTPSConnectionPool(host='portfolio-python-entreprise.onrender.com', port=443): Max retries exceeded with url: /ventes/synchroniser (Caused by NameResolutionError("HTTPSConnection(host='portfolio-python-entreprise.onrender.com', port=443): Failed to resolve 'portfolio-python-entreprise.onrender.com' ([Errno 11001] getaddrinfo failed)"))
2026-09-14 10:34:34,572 - WARNING - Synchronisation différée: HTTPSConnectionPool(host='portfolio-python-entreprise.onrender.com', port=443): Max retries exceeded with url: /ventes/synchroniser (Caused by NameResolutionError("HTTPSConnection(host='portfolio-python-entreprise.onrender.com', port=443): Failed to resolve 'portfolio-python-entreprise.onrender.com' ([Errno 11001] getaddrinfo failed)"))
2026-09-14 10:35:04,574 - WARNING - Synchronisation différée: HTTPSConnectionPool(host='portfolio-python-entreprise.onrender.com', port=443): Max retries exceeded with url: /ventes/synchroniser (Caused by NameResolutionError("HTTPSConnection(host='portfolio-python-entreprise.onrender.com', port=443): Failed to resolve 'portfolio-python-entreprise.onrender.com' ([Errno 11001] getaddrinfo failed)"))
2026-09-14 10:35:34,559 - WARNING - Synchronisation différée: HTTPSConnectionPool(host='portfolio-python-entreprise.onrender.com', port=443): Max retries exceeded with url: /ventes/synchroniser (Caused by NameResolutionError("HTTPSConnection(host='portfolio-python-entreprise.onrender.com', port=443): Failed to resolve 'portfolio-python-entreprise.onrender.com' ([Errno 11001] getaddrinfo failed)"))
2026-09-14 10:36:04,726 - WARNING - Synchronisation différée: HTTPSConnectionPool(host='portfolio-python-entreprise.onrender.com', port=443): Max retries exceeded with url: /ventes/synchroniser (Caused by NameResolutionError("HTTPSConnection(host='portfolio-python-entreprise.onrender.com', port=443): Failed to resolve 'portfolio-python-entreprise.onrender.com' ([Errno 11001] getaddrinfo failed)"))
2026-09-14 10:36:34,662 - WARNING - Synchronisation différée: HTTPSConnectionPool(host='portfolio-python-entreprise.onrender.com', port=443): Max retries exceeded with url: /ventes/synchroniser (Caused by NameResolutionError("HTTPSConnection(host='portfolio-python-entreprise.onrender.com', port=443): Failed to resolve 'portfolio-python-entreprise.onrender.com' ([Errno 11001] getaddrinfo failed)"))
2026-09-14 10:37:04,596 - WARNING - Synchronisation différée: HTTPSConnectionPool(host='portfolio-python-entreprise.onrender.com', port=443): Max retries exceeded with url: /ventes/synchroniser (Caused by NameResolutionError("HTTPSConnection(host='portfolio-python-entreprise.onrender.com', port=443): Failed to resolve 'portfolio-python-entreprise.onrender.com' ([Errno 11001] getaddrinfo failed)"))
2026-09-14 10:37:34,590 - WARNING - Synchronisation différée: HTTPSConnectionPool(host='portfolio-python-entreprise.onrender.com', port=443): Max retries exceeded with url: /ventes/synchroniser (Caused by NameResolutionError("HTTPSConnection(host='portfolio-python-entreprise.onrender.com', port=443): Failed to resolve 'portfolio-python-entreprise.onrender.com' ([Errno 11001] getaddrinfo failed)"))
2026-09-14 10:38:04,600 - WARNING - Synchronisation différée: HTTPSConnectionPool(host='portfolio-python-entreprise.onrender.com', port=443): Max retries exceeded with url: /ventes/synchroniser (Caused by NameResolutionError("HTTPSConnection(host='portfolio-python-entreprise.onrender.com', port=443): Failed to resolve 'portfolio-python-entreprise.onrender.com' ([Errno 11001] getaddrinfo failed)"))
2026-09-14 10:38:34,667 - WARNING - Synchronisation différée: HTTPSConnectionPool(host='portfolio-python-entreprise.onrender.com', port=443): Max retries exceeded with url: /ventes/synchroniser (Caused by NameResolutionError("HTTPSConnection(host='portfolio-python-entreprise.onrender.com', port=443): Failed to resolve 'portfolio-python-entreprise.onrender.com' ([Errno 11001] getaddrinfo failed)"))
2026-09-14 10:39:04,635 - WARNING - Synchronisation différée: HTTPSConnectionPool(host='portfolio-python-entreprise.onrender.com', port=443): Max retries exceeded with url: /ventes/synchroniser (Caused by NameResolutionError("HTTPSConnection(host='portfolio-python-entreprise.onrender.com', port=443): Failed to resolve 'portfolio-python-entreprise.onrender.com' ([Errno 11001] getaddrinfo failed)"))
2026-09-14 10:39:34,611 - WARNING - Synchronisation différée: HTTPSConnectionPool(host='portfolio-python-entreprise.onrender.com', port=443): Max retries exceeded with url: /ventes/synchroniser (Caused by NameResolutionError("HTTPSConnection(host='portfolio-python-entreprise.onrender.com', port=443): Failed to resolve 'portfolio-python-entreprise.onrender.com' ([Errno 11001] getaddrinfo failed)"))
2026-09-14 10:40:04,613 - WARNING - Synchronisation différée: HTTPSConnectionPool(host='portfolio-python-entreprise.onrender.com', port=443): Max retries exceeded with url: /ventes/synchroniser (Caused by NameResolutionError("HTTPSConnection(host='portfolio-python-entreprise.onrender.com', port=443): Failed to resolve 'portfolio-python-entreprise.onrender.com' ([Errno 11001] getaddrinfo failed)"))
2026-09-14 10:40:34,681 - WARNING - Synchronisation différée: HTTPSConnectionPool(host='portfolio-python-entreprise.onrender.com', port=443): Max retries exceeded with url: /ventes/synchroniser (Caused by NameResolutionError("HTTPSConnection(host='portfolio-python-entreprise.onrender.com', port=443): Failed to resolve 'portfolio-python-entreprise.onrender.com' ([Errno 11001] getaddrinfo failed)"))
2026-09-14 10:41:04,658 - WARNING - Synchronisation différée: HTTPSConnectionPool(host='portfolio-python-entreprise.onrender.com', port=443): Max retries exceeded with url: /ventes/synchroniser (Caused by NameResolutionError("HTTPSConnection(host='portfolio-python-entreprise.onrender.com', port=443): Failed to resolve 'portfolio-python-entreprise.onrender.com' ([Errno 11001] getaddrinfo failed)"))
2026-09-14 10:41:34,640 - WARNING - Synchronisation différée: HTTPSConnectionPool(host='portfolio-python-entreprise.onrender.com', port=443): Max retries exceeded with url: /ventes/synchroniser (Caused by NameResolutionError("HTTPSConnection(host='portfolio-python-entreprise.onrender.com', port=443): Failed to resolve 'portfolio-python-entreprise.onrender.com' ([Errno 11001] getaddrinfo failed)"))
2026-09-14 10:42:04,628 - WARNING - Synchronisation différée: HTTPSConnectionPool(host='portfolio-python-entreprise.onrender.com', port=443): Max retries exceeded with url: /ventes/synchroniser (Caused by NameResolutionError("HTTPSConnection(host='portfolio-python-entreprise.onrender.com', port=443): Failed to resolve 'portfolio-python-entreprise.onrender.com' ([Errno 11001] getaddrinfo failed)"))
2026-09-14 10:42:34,653 - WARNING - Synchronisation différée: HTTPSConnectionPool(host='portfolio-python-entreprise.onrender.com', port=443): Max retries exceeded with url: /ventes/synchroniser (Caused by NameResolutionError("HTTPSConnection(host='portfolio-python-entreprise.onrender.com', port=443): Failed to resolve 'portfolio-python-entreprise.onrender.com' ([Errno 11001] getaddrinfo failed)"))
2026-09-14 10:43:04,636 - WARNING - Synchronisation différée: HTTPSConnectionPool(host='portfolio-python-entreprise.onrender.com', port=443): Max retries exceeded with url: /ventes/synchroniser (Caused by NameResolutionError("HTTPSConnection(host='portfolio-python-entreprise.onrender.com', port=443): Failed to resolve 'portfolio-python-entreprise.onrender.com' ([Errno 11001] getaddrinfo failed)"))
2026-09-14 10:43:34,739 - WARNING - Synchronisation différée: HTTPSConnectionPool(host='portfolio-python-entreprise.onrender.com', port=443): Max retries exceeded with url: /ventes/synchroniser (Caused by NameResolutionError("HTTPSConnection(host='portfolio-python-entreprise.onrender.com', port=443): Failed to resolve 'portfolio-python-entreprise.onrender.com' ([Errno 11001] getaddrinfo failed)"))
2026-09-14 10:44:04,632 - WARNING - Synchronisation différée: HTTPSConnectionPool(host='portfolio-python-entreprise.onrender.com', port=443): Max retries exceeded with url: /ventes/synchroniser (Caused by NameResolutionError("HTTPSConnection(host='portfolio-python-entreprise.onrender.com', port=443): Failed to resolve 'portfolio-python-entreprise.onrender.com' ([Errno 11001] getaddrinfo failed)"))
2026-09-14 10:44:34,643 - WARNING - Synchronisation différée: HTTPSConnectionPool(host='portfolio-python-entreprise.onrender.com', port=443): Max retries exceeded with url: /ventes/synchroniser (Caused by NameResolutionError("HTTPSConnection(host='portfolio-python-entreprise.onrender.com', port=443): Failed to resolve 'portfolio-python-entreprise.onrender.com' ([Errno 11001] getaddrinfo failed)"))
2026-09-14 10:45:04,702 - WARNING - Synchronisation différée: HTTPSConnectionPool(host='portfolio-python-entreprise.onrender.com', port=443): Max retries exceeded with url: /ventes/synchroniser (Caused by NameResolutionError("HTTPSConnection(host='portfolio-python-entreprise.onrender.com', port=443): Failed to resolve 'portfolio-python-entreprise.onrender.com' ([Errno 11001] getaddrinfo failed)"))
2026-09-14 10:45:34,677 - WARNING - Synchronisation différée: HTTPSConnectionPool(host='portfolio-python-entreprise.onrender.com', port=443): Max retries exceeded with url: /ventes/synchroniser (Caused by NameResolutionError("HTTPSConnection(host='portfolio-python-entreprise.onrender.com', port=443): Failed to resolve 'portfolio-python-entreprise.onrender.com' ([Errno 11001] getaddrinfo failed)"))
2026-09-14 10:46:04,746 - WARNING - Synchronisation différée: HTTPSConnectionPool(host='portfolio-python-entreprise.onrender.com', port=443): Max retries exceeded with url: /ventes/synchroniser (Caused by NameResolutionError("HTTPSConnection(host='portfolio-python-entreprise.onrender.com', port=443): Failed to resolve 'portfolio-python-entreprise.onrender.com' ([Errno 11001] getaddrinfo failed)"))
2026-09-14 10:46:34,704 - WARNING - Synchronisation différée: HTTPSConnectionPool(host='portfolio-python-entreprise.onrender.com', port=443): Max retries exceeded with url: /ventes/synchroniser (Caused by NameResolutionError("HTTPSConnection(host='portfolio-python-entreprise.onrender.com', port=443): Failed to resolve 'portfolio-python-entreprise.onrender.com' ([Errno 11001] getaddrinfo failed)"))
2026-09-14 10:47:04,683 - WARNING - Synchronisation différée: HTTPSConnectionPool(host='portfolio-python-entreprise.onrender.com', port=443): Max retries exceeded with url: /ventes/synchroniser (Caused by NameResolutionError("HTTPSConnection(host='portfolio-python-entreprise.onrender.com', port=443): Failed to resolve 'portfolio-python-entreprise.onrender.com' ([Errno 11001] getaddrinfo failed)"))
2026-09-14 10:47:34,684 - WARNING - Synchronisation différée: HTTPSConnectionPool(host='portfolio-python-entreprise.onrender.com', port=443): Max retries exceeded with url: /ventes/synchroniser (Caused by NameResolutionError("HTTPSConnection(host='portfolio-python-entreprise.onrender.com', port=443): Failed to resolve 'portfolio-python-entreprise.onrender.com' ([Errno 11001] getaddrinfo failed)"))
2026-09-14 10:48:04,703 - WARNING - Synchronisation différée: HTTPSConnectionPool(host='portfolio-python-entreprise.onrender.com', port=443): Max retries exceeded with url: /ventes/synchroniser (Caused by NameResolutionError("HTTPSConnection(host='portfolio-python-entreprise.onrender.com', port=443): Failed to resolve 'portfolio-python-entreprise.onrender.com' ([Errno 11001] getaddrinfo failed)"))
2026-09-14 10:48:34,745 - WARNING - Synchronisation différée: HTTPSConnectionPool(host='portfolio-python-entreprise.onrender.com', port=443): Max retries exceeded with url: /ventes/synchroniser (Caused by NameResolutionError("HTTPSConnection(host='portfolio-python-entreprise.onrender.com', port=443): Failed to resolve 'portfolio-python-entreprise.onrender.com' ([Errno 11001] getaddrinfo failed)"))
2026-09-14 10:49:04,706 - WARNING - Synchronisation différée: HTTPSConnectionPool(host='portfolio-python-entreprise.onrender.com', port=443): Max retries exceeded with url: /ventes/synchroniser (Caused by NameResolutionError("HTTPSConnection(host='portfolio-python-entreprise.onrender.com', port=443): Failed to resolve 'portfolio-python-entreprise.onrender.com' ([Errno 11001] getaddrinfo failed)"))
2026-09-14 10:49:34,785 - WARNING - Synchronisation différée: HTTPSConnectionPool(host='portfolio-python-entreprise.onrender.com', port=443): Max retries exceeded with url: /ventes/synchroniser (Caused by NameResolutionError("HTTPSConnection(host='portfolio-python-entreprise.onrender.com', port=443): Failed to resolve 'portfolio-python-entreprise.onrender.com' ([Errno 11001] getaddrinfo failed)"))
2026-09-14 10:50:04,707 - WARNING - Synchronisation différée: HTTPSConnectionPool(host='portfolio-python-entreprise.onrender.com', port=443): Max retries exceeded with url: /ventes/synchroniser (Caused by NameResolutionError("HTTPSConnection(host='portfolio-python-entreprise.onrender.com', port=443): Failed to resolve 'portfolio-python-entreprise.onrender.com' ([Errno 11001] getaddrinfo failed)"))
2026-09-14 10:50:34,695 - WARNING - Synchronisation différée: HTTPSConnectionPool(host='portfolio-python-entreprise.onrender.com', port=443): Max retries exceeded with url: /ventes/synchroniser (Caused by NameResolutionError("HTTPSConnection(host='portfolio-python-entreprise.onrender.com', port=443): Failed to resolve 'portfolio-python-entreprise.onrender.com' ([Errno 11001] getaddrinfo failed)"))
2026-09-14 10:51:04,748 - WARNING - Synchronisation différée: HTTPSConnectionPool(host='portfolio-python-entreprise.onrender.com', port=443): Max retries exceeded with url: /ventes/synchroniser (Caused by NameResolutionError("HTTPSConnection(host='portfolio-python-entreprise.onrender.com', port=443): Failed to resolve 'portfolio-python-entreprise.onrender.com' ([Errno 11001] getaddrinfo failed)"))
2026-09-14 10:51:34,713 - WARNING - Synchronisation différée: HTTPSConnectionPool(host='portfolio-python-entreprise.onrender.com', port=443): Max retries exceeded with url: /ventes/synchroniser (Caused by NameResolutionError("HTTPSConnection(host='portfolio-python-entreprise.onrender.com', port=443): Failed to resolve 'portfolio-python-entreprise.onrender.com' ([Errno 11001] getaddrinfo failed)"))
2026-09-14 10:52:04,723 - WARNING - Synchronisation différée: HTTPSConnectionPool(host='portfolio-python-entreprise.onrender.com', port=443): Max retries exceeded with url: /ventes/synchroniser (Caused by NameResolutionError("HTTPSConnection(host='portfolio-python-entreprise.onrender.com', port=443): Failed to resolve 'portfolio-python-entreprise.onrender.com' ([Errno 11001] getaddrinfo failed)"))
2026-09-14 10:52:34,757 - WARNING - Synchronisation différée: HTTPSConnectionPool(host='portfolio-python-entreprise.onrender.com', port=443): Max retries exceeded with url: /ventes/synchroniser (Caused by NameResolutionError("HTTPSConnection(host='portfolio-python-entreprise.onrender.com', port=443): Failed to resolve 'portfolio-python-entreprise.onrender.com' ([Errno 11001] getaddrinfo failed)"))
2026-09-14 10:53:04,767 - WARNING - Synchronisation différée: HTTPSConnectionPool(host='portfolio-python-entreprise.onrender.com', port=443): Max retries exceeded with url: /ventes/synchroniser (Caused by NameResolutionError("HTTPSConnection(host='portfolio-python-entreprise.onrender.com', port=443): Failed to resolve 'portfolio-python-entreprise.onrender.com' ([Errno 11001] getaddrinfo failed)"))
2026-09-14 10:53:34,752 - WARNING - Synchronisation différée: HTTPSConnectionPool(host='portfolio-python-entreprise.onrender.com', port=443): Max retries exceeded with url: /ventes/synchroniser (Caused by NameResolutionError("HTTPSConnection(host='portfolio-python-entreprise.onrender.com', port=443): Failed to resolve 'portfolio-python-entreprise.onrender.com' ([Errno 11001] getaddrinfo failed)"))
2026-09-14 10:54:04,762 - WARNING - Synchronisation différée: HTTPSConnectionPool(host='portfolio-python-entreprise.onrender.com', port=443): Max retries exceeded with url: /ventes/synchroniser (Caused by NameResolutionError("HTTPSConnection(host='portfolio-python-entreprise.onrender.com', port=443): Failed to resolve 'portfolio-python-entreprise.onrender.com' ([Errno 11001] getaddrinfo failed)"))
2026-09-14 10:54:34,696 - WARNING - Synchronisation différée: HTTPSConnectionPool(host='portfolio-python-entreprise.onrender.com', port=443): Max retries exceeded with url: /ventes/synchroniser (Caused by NameResolutionError("HTTPSConnection(host='portfolio-python-entreprise.onrender.com', port=443): Failed to resolve 'portfolio-python-entreprise.onrender.com' ([Errno 11001] getaddrinfo failed)"))
2026-09-14 10:55:04,687 - WARNING - Synchronisation différée: HTTPSConnectionPool(host='portfolio-python-entreprise.onrender.com', port=443): Max retries exceeded with url: /ventes/synchroniser (Caused by NameResolutionError("HTTPSConnection(host='portfolio-python-entreprise.onrender.com', port=443): Failed to resolve 'portfolio-python-entreprise.onrender.com' ([Errno 11001] getaddrinfo failed)"))
2026-09-14 10:55:34,741 - WARNING - Synchronisation différée: HTTPSConnectionPool(host='portfolio-python-entreprise.onrender.com', port=443): Max retries exceeded with url: /ventes/synchroniser (Caused by NameResolutionError("HTTPSConnection(host='portfolio-python-entreprise.onrender.com', port=443): Failed to resolve 'portfolio-python-entreprise.onrender.com' ([Errno 11001] getaddrinfo failed)"))
2026-09-14 10:56:04,799 - WARNING - Synchronisation différée: HTTPSConnectionPool(host='portfolio-python-entreprise.onrender.com', port=443): Max retries exceeded with url: /ventes/synchroniser (Caused by NameResolutionError("HTTPSConnection(host='portfolio-python-entreprise.onrender.com', port=443): Failed to resolve 'portfolio-python-entreprise.onrender.com' ([Errno 11001] getaddrinfo failed)"))
2026-09-14 10:56:34,736 - WARNING - Synchronisation différée: HTTPSConnectionPool(host='portfolio-python-entreprise.onrender.com', port=443): Max retries exceeded with url: /ventes/synchroniser (Caused by NameResolutionError("HTTPSConnection(host='portfolio-python-entreprise.onrender.com', port=443): Failed to resolve 'portfolio-python-entreprise.onrender.com' ([Errno 11001] getaddrinfo failed)"))
2026-09-14 10:57:04,704 - WARNING - Synchronisation différée: HTTPSConnectionPool(host='portfolio-python-entreprise.onrender.com', port=443): Max retries exceeded with url: /ventes/synchroniser (Caused by NameResolutionError("HTTPSConnection(host='portfolio-python-entreprise.onrender.com', port=443): Failed to resolve 'portfolio-python-entreprise.onrender.com' ([Errno 11001] getaddrinfo failed)"))
2026-09-14 10:57:34,747 - WARNING - Synchronisation différée: HTTPSConnectionPool(host='portfolio-python-entreprise.onrender.com', port=443): Max retries exceeded with url: /ventes/synchroniser (Caused by NameResolutionError("HTTPSConnection(host='portfolio-python-entreprise.onrender.com', port=443): Failed to resolve 'portfolio-python-entreprise.onrender.com' ([Errno 11001] getaddrinfo failed)"))
2026-09-14 10:58:04,748 - WARNING - Synchronisation différée: HTTPSConnectionPool(host='portfolio-python-entreprise.onrender.com', port=443): Max retries exceeded with url: /ventes/synchroniser (Caused by NameResolutionError("HTTPSConnection(host='portfolio-python-entreprise.onrender.com', port=443): Failed to resolve 'portfolio-python-entreprise.onrender.com' ([Errno 11001] getaddrinfo failed)"))
2026-09-14 10:58:34,755 - WARNING - Synchronisation différée: HTTPSConnectionPool(host='portfolio-python-entreprise.onrender.com', port=443): Max retries exceeded with url: /ventes/synchroniser (Caused by NameResolutionError("HTTPSConnection(host='portfolio-python-entreprise.onrender.com', port=443): Failed to resolve 'portfolio-python-entreprise.onrender.com' ([Errno 11001] getaddrinfo failed)"))
2026-09-14 10:59:04,743 - WARNING - Synchronisation différée: HTTPSConnectionPool(host='portfolio-python-entreprise.onrender.com', port=443): Max retries exceeded with url: /ventes/synchroniser (Caused by NameResolutionError("HTTPSConnection(host='portfolio-python-entreprise.onrender.com', port=443): Failed to resolve 'portfolio-python-entreprise.onrender.com' ([Errno 11001] getaddrinfo failed)"))
2026-09-14 10:59:34,802 - WARNING - Synchronisation différée: HTTPSConnectionPool(host='portfolio-python-entreprise.onrender.com', port=443): Max retries exceeded with url: /ventes/synchroniser (Caused by NameResolutionError("HTTPSConnection(host='portfolio-python-entreprise.onrender.com', port=443): Failed to resolve 'portfolio-python-entreprise.onrender.com' ([Errno 11001] getaddrinfo failed)"))
2026-09-14 11:00:04,761 - WARNING - Synchronisation différée: HTTPSConnectionPool(host='portfolio-python-entreprise.onrender.com', port=443): Max retries exceeded with url: /ventes/synchroniser (Caused by NameResolutionError("HTTPSConnection(host='portfolio-python-entreprise.onrender.com', port=443): Failed to resolve 'portfolio-python-entreprise.onrender.com' ([Errno 11001] getaddrinfo failed)"))
2026-09-14 11:00:34,763 - WARNING - Synchronisation différée: HTTPSConnectionPool(host='portfolio-python-entreprise.onrender.com', port=443): Max retries exceeded with url: /ventes/synchroniser (Caused by NameResolutionError("HTTPSConnection(host='portfolio-python-entreprise.onrender.com', port=443): Failed to resolve 'portfolio-python-entreprise.onrender.com' ([Errno 11001] getaddrinfo failed)"))
2026-09-14 11:01:04,782 - WARNING - Synchronisation différée: HTTPSConnectionPool(host='portfolio-python-entreprise.onrender.com', port=443): Max retries exceeded with url: /ventes/synchroniser (Caused by NameResolutionError("HTTPSConnection(host='portfolio-python-entreprise.onrender.com', port=443): Failed to resolve 'portfolio-python-entreprise.onrender.com' ([Errno 11001] getaddrinfo failed)"))
2026-09-14 11:01:34,742 - WARNING - Synchronisation différée: HTTPSConnectionPool(host='portfolio-python-entreprise.onrender.com', port=443): Max retries exceeded with url: /ventes/synchroniser (Caused by NameResolutionError("HTTPSConnection(host='portfolio-python-entreprise.onrender.com', port=443): Failed to resolve 'portfolio-python-entreprise.onrender.com' ([Errno 11001] getaddrinfo failed)"))
2026-09-14 11:02:04,743 - WARNING - Synchronisation différée: HTTPSConnectionPool(host='portfolio-python-entreprise.onrender.com', port=443): Max retries exceeded with url: /ventes/synchroniser (Caused by NameResolutionError("HTTPSConnection(host='portfolio-python-entreprise.onrender.com', port=443): Failed to resolve 'portfolio-python-entreprise.onrender.com' ([Errno 11001] getaddrinfo failed)"))
2026-09-14 11:02:34,769 - WARNING - Synchronisation différée: HTTPSConnectionPool(host='portfolio-python-entreprise.onrender.com', port=443): Max retries exceeded with url: /ventes/synchroniser (Caused by NameResolutionError("HTTPSConnection(host='portfolio-python-entreprise.onrender.com', port=443): Failed to resolve 'portfolio-python-entreprise.onrender.com' ([Errno 11001] getaddrinfo failed)"))
2026-09-14 11:03:04,779 - WARNING - Synchronisation différée: HTTPSConnectionPool(host='portfolio-python-entreprise.onrender.com', port=443): Max retries exceeded with url: /ventes/synchroniser (Caused by NameResolutionError("HTTPSConnection(host='portfolio-python-entreprise.onrender.com', port=443): Failed to resolve 'portfolio-python-entreprise.onrender.com' ([Errno 11001] getaddrinfo failed)"))
2026-09-14 11:03:34,745 - WARNING - Synchronisation différée: HTTPSConnectionPool(host='portfolio-python-entreprise.onrender.com', port=443): Max retries exceeded with url: /ventes/synchroniser (Caused by NameResolutionError("HTTPSConnection(host='portfolio-python-entreprise.onrender.com', port=443): Failed to resolve 'portfolio-python-entreprise.onrender.com' ([Errno 11001] getaddrinfo failed)"))
2026-09-14 11:04:04,773 - WARNING - Synchronisation différée: HTTPSConnectionPool(host='portfolio-python-entreprise.onrender.com', port=443): Max retries exceeded with url: /ventes/synchroniser (Caused by NameResolutionError("HTTPSConnection(host='portfolio-python-entreprise.onrender.com', port=443): Failed to resolve 'portfolio-python-entreprise.onrender.com' ([Errno 11001] getaddrinfo failed)"))
2026-09-14 11:04:34,784 - WARNING - Synchronisation différée: HTTPSConnectionPool(host='portfolio-python-entreprise.onrender.com', port=443): Max retries exceeded with url: /ventes/synchroniser (Caused by NameResolutionError("HTTPSConnection(host='portfolio-python-entreprise.onrender.com', port=443): Failed to resolve 'portfolio-python-entreprise.onrender.com' ([Errno 11001] getaddrinfo failed)"))
2026-09-14 11:05:04,834 - WARNING - Synchronisation différée: HTTPSConnectionPool(host='portfolio-python-entreprise.onrender.com', port=443): Max retries exceeded with url: /ventes/synchroniser (Caused by NameResolutionError("HTTPSConnection(host='portfolio-python-entreprise.onrender.com', port=443): Failed to resolve 'portfolio-python-entreprise.onrender.com' ([Errno 11001] getaddrinfo failed)"))
2026-09-14 11:05:34,761 - WARNING - Synchronisation différée: HTTPSConnectionPool(host='portfolio-python-entreprise.onrender.com', port=443): Max retries exceeded with url: /ventes/synchroniser (Caused by NameResolutionError("HTTPSConnection(host='portfolio-python-entreprise.onrender.com', port=443): Failed to resolve 'portfolio-python-entreprise.onrender.com' ([Errno 11001] getaddrinfo failed)"))
2026-09-14 11:06:04,796 - WARNING - Synchronisation différée: HTTPSConnectionPool(host='portfolio-python-entreprise.onrender.com', port=443): Max retries exceeded with url: /ventes/synchroniser (Caused by NameResolutionError("HTTPSConnection(host='portfolio-python-entreprise.onrender.com', port=443): Failed to resolve 'portfolio-python-entreprise.onrender.com' ([Errno 11001] getaddrinfo failed)"))
2026-09-14 11:06:34,798 - WARNING - Synchronisation différée: HTTPSConnectionPool(host='portfolio-python-entreprise.onrender.com', port=443): Max retries exceeded with url: /ventes/synchroniser (Caused by NameResolutionError("HTTPSConnection(host='portfolio-python-entreprise.onrender.com', port=443): Failed to resolve 'portfolio-python-entreprise.onrender.com' ([Errno 11001] getaddrinfo failed)"))
2026-09-14 11:07:04,791 - WARNING - Synchronisation différée: HTTPSConnectionPool(host='portfolio-python-entreprise.onrender.com', port=443): Max retries exceeded with url: /ventes/synchroniser (Caused by NameResolutionError("HTTPSConnection(host='portfolio-python-entreprise.onrender.com', port=443): Failed to resolve 'portfolio-python-entreprise.onrender.com' ([Errno 11001] getaddrinfo failed)"))
2026-09-14 11:07:34,792 - WARNING - Synchronisation différée: HTTPSConnectionPool(host='portfolio-python-entreprise.onrender.com', port=443): Max retries exceeded with url: /ventes/synchroniser (Caused by NameResolutionError("HTTPSConnection(host='portfolio-python-entreprise.onrender.com', port=443): Failed to resolve 'portfolio-python-entreprise.onrender.com' ([Errno 11001] getaddrinfo failed)"))
2026-09-14 11:08:04,810 - WARNING - Synchronisation différée: HTTPSConnectionPool(host='portfolio-python-entreprise.onrender.com', port=443): Max retries exceeded with url: /ventes/synchroniser (Caused by NameResolutionError("HTTPSConnection(host='portfolio-python-entreprise.onrender.com', port=443): Failed to resolve 'portfolio-python-entreprise.onrender.com' ([Errno 11001] getaddrinfo failed)"))
2026-09-14 11:08:34,804 - WARNING - Synchronisation différée: HTTPSConnectionPool(host='portfolio-python-entreprise.onrender.com', port=443): Max retries exceeded with url: /ventes/synchroniser (Caused by NameResolutionError("HTTPSConnection(host='portfolio-python-entreprise.onrender.com', port=443): Failed to resolve 'portfolio-python-entreprise.onrender.com' ([Errno 11001] getaddrinfo failed)"))
2026-09-14 11:09:04,805 - WARNING - Synchronisation différée: HTTPSConnectionPool(host='portfolio-python-entreprise.onrender.com', port=443): Max retries exceeded with url: /ventes/synchroniser (Caused by NameResolutionError("HTTPSConnection(host='portfolio-python-entreprise.onrender.com', port=443): Failed to resolve 'portfolio-python-entreprise.onrender.com' ([Errno 11001] getaddrinfo failed)"))
2026-09-14 11:09:34,806 - WARNING - Synchronisation différée: HTTPSConnectionPool(host='portfolio-python-entreprise.onrender.com', port=443): Max retries exceeded with url: /ventes/synchroniser (Caused by NameResolutionError("HTTPSConnection(host='portfolio-python-entreprise.onrender.com', port=443): Failed to resolve 'portfolio-python-entreprise.onrender.com' ([Errno 11001] getaddrinfo failed)"))
2026-09-14 11:10:04,808 - WARNING - Synchronisation différée: HTTPSConnectionPool(host='portfolio-python-entreprise.onrender.com', port=443): Max retries exceeded with url: /ventes/synchroniser (Caused by NameResolutionError("HTTPSConnection(host='portfolio-python-entreprise.onrender.com', port=443): Failed to resolve 'portfolio-python-entreprise.onrender.com' ([Errno 11001] getaddrinfo failed)"))
2026-09-14 11:10:34,806 - WARNING - Synchronisation différée: HTTPSConnectionPool(host='portfolio-python-entreprise.onrender.com', port=443): Max retries exceeded with url: /ventes/synchroniser (Caused by NameResolutionError("HTTPSConnection(host='portfolio-python-entreprise.onrender.com', port=443): Failed to resolve 'portfolio-python-entreprise.onrender.com' ([Errno 11001] getaddrinfo failed)"))
2026-09-14 11:11:04,836 - WARNING - Synchronisation différée: HTTPSConnectionPool(host='portfolio-python-entreprise.onrender.com', port=443): Max retries exceeded with url: /ventes/synchroniser (Caused by NameResolutionError("HTTPSConnection(host='portfolio-python-entreprise.onrender.com', port=443): Failed to resolve 'portfolio-python-entreprise.onrender.com' ([Errno 11001] getaddrinfo failed)"))
2026-09-14 11:11:34,821 - WARNING - Synchronisation différée: HTTPSConnectionPool(host='portfolio-python-entreprise.onrender.com', port=443): Max retries exceeded with url: /ventes/synchroniser (Caused by NameResolutionError("HTTPSConnection(host='portfolio-python-entreprise.onrender.com', port=443): Failed to resolve 'portfolio-python-entreprise.onrender.com' ([Errno 11001] getaddrinfo failed)"))
2026-09-14 11:12:04,822 - WARNING - Synchronisation différée: HTTPSConnectionPool(host='portfolio-python-entreprise.onrender.com', port=443): Max retries exceeded with url: /ventes/synchroniser (Caused by NameResolutionError("HTTPSConnection(host='portfolio-python-entreprise.onrender.com', port=443): Failed to resolve 'portfolio-python-entreprise.onrender.com' ([Errno 11001] getaddrinfo failed)"))
2026-09-14 11:12:34,840 - WARNING - Synchronisation différée: HTTPSConnectionPool(host='portfolio-python-entreprise.onrender.com', port=443): Max retries exceeded with url: /ventes/synchroniser (Caused by NameResolutionError("HTTPSConnection(host='portfolio-python-entreprise.onrender.com', port=443): Failed to resolve 'portfolio-python-entreprise.onrender.com' ([Errno 11001] getaddrinfo failed)"))
2026-09-14 11:13:04,842 - WARNING - Synchronisation différée: HTTPSConnectionPool(host='portfolio-python-entreprise.onrender.com', port=443): Max retries exceeded with url: /ventes/synchroniser (Caused by NameResolutionError("HTTPSConnection(host='portfolio-python-entreprise.onrender.com', port=443): Failed to resolve 'portfolio-python-entreprise.onrender.com' ([Errno 11001] getaddrinfo failed)"))
2026-09-14 11:13:34,852 - WARNING - Synchronisation différée: HTTPSConnectionPool(host='portfolio-python-entreprise.onrender.com', port=443): Max retries exceeded with url: /ventes/synchroniser (Caused by NameResolutionError("HTTPSConnection(host='portfolio-python-entreprise.onrender.com', port=443): Failed to resolve 'portfolio-python-entreprise.onrender.com' ([Errno 11001] getaddrinfo failed)"))
2026-09-14 11:14:04,836 - WARNING - Synchronisation différée: HTTPSConnectionPool(host='portfolio-python-entreprise.onrender.com', port=443): Max retries exceeded with url: /ventes/synchroniser (Caused by NameResolutionError("HTTPSConnection(host='portfolio-python-entreprise.onrender.com', port=443): Failed to resolve 'portfolio-python-entreprise.onrender.com' ([Errno 11001] getaddrinfo failed)"))
2026-09-14 11:14:34,877 - WARNING - Synchronisation différée: HTTPSConnectionPool(host='portfolio-python-entreprise.onrender.com', port=443): Max retries exceeded with url: /ventes/synchroniser (Caused by NameResolutionError("HTTPSConnection(host='portfolio-python-entreprise.onrender.com', port=443): Failed to resolve 'portfolio-python-entreprise.onrender.com' ([Errno 11001] getaddrinfo failed)"))
2026-09-14 11:15:04,856 - WARNING - Synchronisation différée: HTTPSConnectionPool(host='portfolio-python-entreprise.onrender.com', port=443): Max retries exceeded with url: /ventes/synchroniser (Caused by NameResolutionError("HTTPSConnection(host='portfolio-python-entreprise.onrender.com', port=443): Failed to resolve 'portfolio-python-entreprise.onrender.com' ([Errno 11001] getaddrinfo failed)"))
2026-09-14 11:15:34,815 - WARNING - Synchronisation différée: HTTPSConnectionPool(host='portfolio-python-entreprise.onrender.com', port=443): Max retries exceeded with url: /ventes/synchroniser (Caused by NameResolutionError("HTTPSConnection(host='portfolio-python-entreprise.onrender.com', port=443): Failed to resolve 'portfolio-python-entreprise.onrender.com' ([Errno 11001] getaddrinfo failed)"))
2026-09-14 11:16:04,876 - WARNING - Synchronisation différée: HTTPSConnectionPool(host='portfolio-python-entreprise.onrender.com', port=443): Max retries exceeded with url: /ventes/synchroniser (Caused by NameResolutionError("HTTPSConnection(host='portfolio-python-entreprise.onrender.com', port=443): Failed to resolve 'portfolio-python-entreprise.onrender.com' ([Errno 11001] getaddrinfo failed)"))
2026-09-14 11:16:34,852 - WARNING - Synchronisation différée: HTTPSConnectionPool(host='portfolio-python-entreprise.onrender.com', port=443): Max retries exceeded with url: /ventes/synchroniser (Caused by NameResolutionError("HTTPSConnection(host='portfolio-python-entreprise.onrender.com', port=443): Failed to resolve 'portfolio-python-entreprise.onrender.com' ([Errno 11001] getaddrinfo failed)"))
2026-09-14 11:17:04,885 - WARNING - Synchronisation différée: HTTPSConnectionPool(host='portfolio-python-entreprise.onrender.com', port=443): Max retries exceeded with url: /ventes/synchroniser (Caused by NameResolutionError("HTTPSConnection(host='portfolio-python-entreprise.onrender.com', port=443): Failed to resolve 'portfolio-python-entreprise.onrender.com' ([Errno 11001] getaddrinfo failed)"))
2026-09-14 11:17:34,873 - WARNING - Synchronisation différée: HTTPSConnectionPool(host='portfolio-python-entreprise.onrender.com', port=443): Max retries exceeded with url: /ventes/synchroniser (Caused by NameResolutionError("HTTPSConnection(host='portfolio-python-entreprise.onrender.com', port=443): Failed to resolve 'portfolio-python-entreprise.onrender.com' ([Errno 11001] getaddrinfo failed)"))
2026-09-14 11:18:04,890 - WARNING - Synchronisation différée: HTTPSConnectionPool(host='portfolio-python-entreprise.onrender.com', port=443): Max retries exceeded with url: /ventes/synchroniser (Caused by NameResolutionError("HTTPSConnection(host='portfolio-python-entreprise.onrender.com', port=443): Failed to resolve 'portfolio-python-entreprise.onrender.com' ([Errno 11001] getaddrinfo failed)"))
2026-09-14 11:18:34,875 - WARNING - Synchronisation différée: HTTPSConnectionPool(host='portfolio-python-entreprise.onrender.com', port=443): Max retries exceeded with url: /ventes/synchroniser (Caused by NameResolutionError("HTTPSConnection(host='portfolio-python-entreprise.onrender.com', port=443): Failed to resolve 'portfolio-python-entreprise.onrender.com' ([Errno 11001] getaddrinfo failed)"))
2026-09-14 11:19:04,901 - WARNING - Synchronisation différée: HTTPSConnectionPool(host='portfolio-python-entreprise.onrender.com', port=443): Max retries exceeded with url: /ventes/synchroniser (Caused by NameResolutionError("HTTPSConnection(host='portfolio-python-entreprise.onrender.com', port=443): Failed to resolve 'portfolio-python-entreprise.onrender.com' ([Errno 11001] getaddrinfo failed)"))
2026-09-14 11:19:34,903 - WARNING - Synchronisation différée: HTTPSConnectionPool(host='portfolio-python-entreprise.onrender.com', port=443): Max retries exceeded with url: /ventes/synchroniser (Caused by NameResolutionError("HTTPSConnection(host='portfolio-python-entreprise.onrender.com', port=443): Failed to resolve 'portfolio-python-entreprise.onrender.com' ([Errno 11001] getaddrinfo failed)"))
2026-09-14 11:20:04,921 - WARNING - Synchronisation différée: HTTPSConnectionPool(host='portfolio-python-entreprise.onrender.com', port=443): Max retries exceeded with url: /ventes/synchroniser (Caused by NameResolutionError("HTTPSConnection(host='portfolio-python-entreprise.onrender.com', port=443): Failed to resolve 'portfolio-python-entreprise.onrender.com' ([Errno 11001] getaddrinfo failed)"))
2026-09-14 11:20:34,905 - WARNING - Synchronisation différée: HTTPSConnectionPool(host='portfolio-python-entreprise.onrender.com', port=443): Max retries exceeded with url: /ventes/synchroniser (Caused by NameResolutionError("HTTPSConnection(host='portfolio-python-entreprise.onrender.com', port=443): Failed to resolve 'portfolio-python-entreprise.onrender.com' ([Errno 11001] getaddrinfo failed)"))
2026-09-14 11:21:04,938 - WARNING - Synchronisation différée: HTTPSConnectionPool(host='portfolio-python-entreprise.onrender.com', port=443): Max retries exceeded with url: /ventes/synchroniser (Caused by NameResolutionError("HTTPSConnection(host='portfolio-python-entreprise.onrender.com', port=443): Failed to resolve 'portfolio-python-entreprise.onrender.com' ([Errno 11001] getaddrinfo failed)"))
2026-09-14 11:21:35,008 - WARNING - Synchronisation différée: HTTPSConnectionPool(host='portfolio-python-entreprise.onrender.com', port=443): Max retries exceeded with url: /ventes/synchroniser (Caused by NameResolutionError("HTTPSConnection(host='portfolio-python-entreprise.onrender.com', port=443): Failed to resolve 'portfolio-python-entreprise.onrender.com' ([Errno 11001] getaddrinfo failed)"))
2026-09-14 11:22:04,935 - WARNING - Synchronisation différée: HTTPSConnectionPool(host='portfolio-python-entreprise.onrender.com', port=443): Max retries exceeded with url: /ventes/synchroniser (Caused by NameResolutionError("HTTPSConnection(host='portfolio-python-entreprise.onrender.com', port=443): Failed to resolve 'portfolio-python-entreprise.onrender.com' ([Errno 11001] getaddrinfo failed)"))
2026-09-14 11:22:34,927 - WARNING - Synchronisation différée: HTTPSConnectionPool(host='portfolio-python-entreprise.onrender.com', port=443): Max retries exceeded with url: /ventes/synchroniser (Caused by NameResolutionError("HTTPSConnection(host='portfolio-python-entreprise.onrender.com', port=443): Failed to resolve 'portfolio-python-entreprise.onrender.com' ([Errno 11001] getaddrinfo failed)"))
2026-09-14 11:23:04,929 - WARNING - Synchronisation différée: HTTPSConnectionPool(host='portfolio-python-entreprise.onrender.com', port=443): Max retries exceeded with url: /ventes/synchroniser (Caused by NameResolutionError("HTTPSConnection(host='portfolio-python-entreprise.onrender.com', port=443): Failed to resolve 'portfolio-python-entreprise.onrender.com' ([Errno 11001] getaddrinfo failed)"))
2026-09-14 11:23:34,939 - WARNING - Synchronisation différée: HTTPSConnectionPool(host='portfolio-python-entreprise.onrender.com', port=443): Max retries exceeded with url: /ventes/synchroniser (Caused by NameResolutionError("HTTPSConnection(host='portfolio-python-entreprise.onrender.com', port=443): Failed to resolve 'portfolio-python-entreprise.onrender.com' ([Errno 11001] getaddrinfo failed)"))
2026-09-14 11:24:04,916 - WARNING - Synchronisation différée: HTTPSConnectionPool(host='portfolio-python-entreprise.onrender.com', port=443): Max retries exceeded with url: /ventes/synchroniser (Caused by NameResolutionError("HTTPSConnection(host='portfolio-python-entreprise.onrender.com', port=443): Failed to resolve 'portfolio-python-entreprise.onrender.com' ([Errno 11001] getaddrinfo failed)"))
2026-09-14 11:24:34,942 - WARNING - Synchronisation différée: HTTPSConnectionPool(host='portfolio-python-entreprise.onrender.com', port=443): Max retries exceeded with url: /ventes/synchroniser (Caused by NameResolutionError("HTTPSConnection(host='portfolio-python-entreprise.onrender.com', port=443): Failed to resolve 'portfolio-python-entreprise.onrender.com' ([Errno 11001] getaddrinfo failed)"))
2026-09-14 11:25:04,952 - WARNING - Synchronisation différée: HTTPSConnectionPool(host='portfolio-python-entreprise.onrender.com', port=443): Max retries exceeded with url: /ventes/synchroniser (Caused by NameResolutionError("HTTPSConnection(host='portfolio-python-entreprise.onrender.com', port=443): Failed to resolve 'portfolio-python-entreprise.onrender.com' ([Errno 11001] getaddrinfo failed)"))
2026-09-14 11:25:34,936 - WARNING - Synchronisation différée: HTTPSConnectionPool(host='portfolio-python-entreprise.onrender.com', port=443): Max retries exceeded with url: /ventes/synchroniser (Caused by NameResolutionError("HTTPSConnection(host='portfolio-python-entreprise.onrender.com', port=443): Failed to resolve 'portfolio-python-entreprise.onrender.com' ([Errno 11001] getaddrinfo failed)"))
2026-09-14 11:26:05,071 - WARNING - Synchronisation différée: HTTPSConnectionPool(host='portfolio-python-entreprise.onrender.com', port=443): Max retries exceeded with url: /ventes/synchroniser (Caused by NameResolutionError("HTTPSConnection(host='portfolio-python-entreprise.onrender.com', port=443): Failed to resolve 'portfolio-python-entreprise.onrender.com' ([Errno 11001] getaddrinfo failed)"))
2026-09-14 11:26:34,956 - WARNING - Synchronisation différée: HTTPSConnectionPool(host='portfolio-python-entreprise.onrender.com', port=443): Max retries exceeded with url: /ventes/synchroniser (Caused by NameResolutionError("HTTPSConnection(host='portfolio-python-entreprise.onrender.com', port=443): Failed to resolve 'portfolio-python-entreprise.onrender.com' ([Errno 11001] getaddrinfo failed)"))
2026-09-14 11:27:04,958 - WARNING - Synchronisation différée: HTTPSConnectionPool(host='portfolio-python-entreprise.onrender.com', port=443): Max retries exceeded with url: /ventes/synchroniser (Caused by NameResolutionError("HTTPSConnection(host='portfolio-python-entreprise.onrender.com', port=443): Failed to resolve 'portfolio-python-entreprise.onrender.com' ([Errno 11001] getaddrinfo failed)"))
2026-09-14 11:27:34,959 - WARNING - Synchronisation différée: HTTPSConnectionPool(host='portfolio-python-entreprise.onrender.com', port=443): Max retries exceeded with url: /ventes/synchroniser (Caused by NameResolutionError("HTTPSConnection(host='portfolio-python-entreprise.onrender.com', port=443): Failed to resolve 'portfolio-python-entreprise.onrender.com' ([Errno 11001] getaddrinfo failed)"))
2026-09-14 11:28:04,960 - WARNING - Synchronisation différée: HTTPSConnectionPool(host='portfolio-python-entreprise.onrender.com', port=443): Max retries exceeded with url: /ventes/synchroniser (Caused by NameResolutionError("HTTPSConnection(host='portfolio-python-entreprise.onrender.com', port=443): Failed to resolve 'portfolio-python-entreprise.onrender.com' ([Errno 11001] getaddrinfo failed)"))
2026-09-14 11:28:34,960 - WARNING - Synchronisation différée: HTTPSConnectionPool(host='portfolio-python-entreprise.onrender.com', port=443): Max retries exceeded with url: /ventes/synchroniser (Caused by NameResolutionError("HTTPSConnection(host='portfolio-python-entreprise.onrender.com', port=443): Failed to resolve 'portfolio-python-entreprise.onrender.com' ([Errno 11001] getaddrinfo failed)"))
2026-09-14 11:29:04,963 - WARNING - Synchronisation différée: HTTPSConnectionPool(host='portfolio-python-entreprise.onrender.com', port=443): Max retries exceeded with url: /ventes/synchroniser (Caused by NameResolutionError("HTTPSConnection(host='portfolio-python-entreprise.onrender.com', port=443): Failed to resolve 'portfolio-python-entreprise.onrender.com' ([Errno 11001] getaddrinfo failed)"))
2026-09-14 11:29:34,948 - WARNING - Synchronisation différée: HTTPSConnectionPool(host='portfolio-python-entreprise.onrender.com', port=443): Max retries exceeded with url: /ventes/synchroniser (Caused by NameResolutionError("HTTPSConnection(host='portfolio-python-entreprise.onrender.com', port=443): Failed to resolve 'portfolio-python-entreprise.onrender.com' ([Errno 11001] getaddrinfo failed)"))
2026-09-14 11:30:04,957 - WARNING - Synchronisation différée: HTTPSConnectionPool(host='portfolio-python-entreprise.onrender.com', port=443): Max retries exceeded with url: /ventes/synchroniser (Caused by NameResolutionError("HTTPSConnection(host='portfolio-python-entreprise.onrender.com', port=443): Failed to resolve 'portfolio-python-entreprise.onrender.com' ([Errno 11001] getaddrinfo failed)"))
2026-09-14 11:30:35,009 - WARNING - Synchronisation différée: HTTPSConnectionPool(host='portfolio-python-entreprise.onrender.com', port=443): Max retries exceeded with url: /ventes/synchroniser (Caused by NameResolutionError("HTTPSConnection(host='portfolio-python-entreprise.onrender.com', port=443): Failed to resolve 'portfolio-python-entreprise.onrender.com' ([Errno 11001] getaddrinfo failed)"))
2026-09-14 11:31:04,959 - WARNING - Synchronisation différée: HTTPSConnectionPool(host='portfolio-python-entreprise.onrender.com', port=443): Max retries exceeded with url: /ventes/synchroniser (Caused by NameResolutionError("HTTPSConnection(host='portfolio-python-entreprise.onrender.com', port=443): Failed to resolve 'portfolio-python-entreprise.onrender.com' ([Errno 11001] getaddrinfo failed)"))
2026-09-14 11:31:34,962 - WARNING - Synchronisation différée: HTTPSConnectionPool(host='portfolio-python-entreprise.onrender.com', port=443): Max retries exceeded with url: /ventes/synchroniser (Caused by NameResolutionError("HTTPSConnection(host='portfolio-python-entreprise.onrender.com', port=443): Failed to resolve 'portfolio-python-entreprise.onrender.com' ([Errno 11001] getaddrinfo failed)"))
2026-09-14 11:32:05,062 - WARNING - Synchronisation différée: HTTPSConnectionPool(host='portfolio-python-entreprise.onrender.com', port=443): Max retries exceeded with url: /ventes/synchroniser (Caused by NameResolutionError("HTTPSConnection(host='portfolio-python-entreprise.onrender.com', port=443): Failed to resolve 'portfolio-python-entreprise.onrender.com' ([Errno 11001] getaddrinfo failed)"))
2026-09-14 11:32:34,966 - WARNING - Synchronisation différée: HTTPSConnectionPool(host='portfolio-python-entreprise.onrender.com', port=443): Max retries exceeded with url: /ventes/synchroniser (Caused by NameResolutionError("HTTPSConnection(host='portfolio-python-entreprise.onrender.com', port=443): Failed to resolve 'portfolio-python-entreprise.onrender.com' ([Errno 11001] getaddrinfo failed)"))
2026-09-14 11:33:05,048 - WARNING - Synchronisation différée: HTTPSConnectionPool(host='portfolio-python-entreprise.onrender.com', port=443): Max retries exceeded with url: /ventes/synchroniser (Caused by NameResolutionError("HTTPSConnection(host='portfolio-python-entreprise.onrender.com', port=443): Failed to resolve 'portfolio-python-entreprise.onrender.com' ([Errno 11001] getaddrinfo failed)"))
2026-09-14 11:33:34,986 - WARNING - Synchronisation différée: HTTPSConnectionPool(host='portfolio-python-entreprise.onrender.com', port=443): Max retries exceeded with url: /ventes/synchroniser (Caused by NameResolutionError("HTTPSConnection(host='portfolio-python-entreprise.onrender.com', port=443): Failed to resolve 'portfolio-python-entreprise.onrender.com' ([Errno 11001] getaddrinfo failed)"))
2026-09-14 11:34:04,986 - WARNING - Synchronisation différée: HTTPSConnectionPool(host='portfolio-python-entreprise.onrender.com', port=443): Max retries exceeded with url: /ventes/synchroniser (Caused by NameResolutionError("HTTPSConnection(host='portfolio-python-entreprise.onrender.com', port=443): Failed to resolve 'portfolio-python-entreprise.onrender.com' ([Errno 11001] getaddrinfo failed)"))
2026-09-14 11:34:34,988 - WARNING - Synchronisation différée: HTTPSConnectionPool(host='portfolio-python-entreprise.onrender.com', port=443): Max retries exceeded with url: /ventes/synchroniser (Caused by NameResolutionError("HTTPSConnection(host='portfolio-python-entreprise.onrender.com', port=443): Failed to resolve 'portfolio-python-entreprise.onrender.com' ([Errno 11001] getaddrinfo failed)"))
2026-09-14 11:35:04,990 - WARNING - Synchronisation différée: HTTPSConnectionPool(host='portfolio-python-entreprise.onrender.com', port=443): Max retries exceeded with url: /ventes/synchroniser (Caused by NameResolutionError("HTTPSConnection(host='portfolio-python-entreprise.onrender.com', port=443): Failed to resolve 'portfolio-python-entreprise.onrender.com' ([Errno 11001] getaddrinfo failed)"))
2026-09-14 11:35:34,999 - WARNING - Synchronisation différée: HTTPSConnectionPool(host='portfolio-python-entreprise.onrender.com', port=443): Max retries exceeded with url: /ventes/synchroniser (Caused by NameResolutionError("HTTPSConnection(host='portfolio-python-entreprise.onrender.com', port=443): Failed to resolve 'portfolio-python-entreprise.onrender.com' ([Errno 11001] getaddrinfo failed)"))
2026-09-14 11:36:05,032 - WARNING - Synchronisation différée: HTTPSConnectionPool(host='portfolio-python-entreprise.onrender.com', port=443): Max retries exceeded with url: /ventes/synchroniser (Caused by NameResolutionError("HTTPSConnection(host='portfolio-python-entreprise.onrender.com', port=443): Failed to resolve 'portfolio-python-entreprise.onrender.com' ([Errno 11001] getaddrinfo failed)"))
2026-09-14 11:36:35,135 - WARNING - Synchronisation différée: HTTPSConnectionPool(host='portfolio-python-entreprise.onrender.com', port=443): Max retries exceeded with url: /ventes/synchroniser (Caused by NameResolutionError("HTTPSConnection(host='portfolio-python-entreprise.onrender.com', port=443): Failed to resolve 'portfolio-python-entreprise.onrender.com' ([Errno 11001] getaddrinfo failed)"))
2026-09-14 11:37:05,037 - WARNING - Synchronisation différée: HTTPSConnectionPool(host='portfolio-python-entreprise.onrender.com', port=443): Max retries exceeded with url: /ventes/synchroniser (Caused by NameResolutionError("HTTPSConnection(host='portfolio-python-entreprise.onrender.com', port=443): Failed to resolve 'portfolio-python-entreprise.onrender.com' ([Errno 11001] getaddrinfo failed)"))
2026-09-14 11:37:35,013 - WARNING - Synchronisation différée: HTTPSConnectionPool(host='portfolio-python-entreprise.onrender.com', port=443): Max retries exceeded with url: /ventes/synchroniser (Caused by NameResolutionError("HTTPSConnection(host='portfolio-python-entreprise.onrender.com', port=443): Failed to resolve 'portfolio-python-entreprise.onrender.com' ([Errno 11001] getaddrinfo failed)"))
2026-09-14 11:38:05,040 - WARNING - Synchronisation différée: HTTPSConnectionPool(host='portfolio-python-entreprise.onrender.com', port=443): Max retries exceeded with url: /ventes/synchroniser (Caused by NameResolutionError("HTTPSConnection(host='portfolio-python-entreprise.onrender.com', port=443): Failed to resolve 'portfolio-python-entreprise.onrender.com' ([Errno 11001] getaddrinfo failed)"))
2026-09-14 11:38:35,050 - WARNING - Synchronisation différée: HTTPSConnectionPool(host='portfolio-python-entreprise.onrender.com', port=443): Max retries exceeded with url: /ventes/synchroniser (Caused by NameResolutionError("HTTPSConnection(host='portfolio-python-entreprise.onrender.com', port=443): Failed to resolve 'portfolio-python-entreprise.onrender.com' ([Errno 11001] getaddrinfo failed)"))
2026-09-14 11:39:05,042 - WARNING - Synchronisation différée: HTTPSConnectionPool(host='portfolio-python-entreprise.onrender.com', port=443): Max retries exceeded with url: /ventes/synchroniser (Caused by NameResolutionError("HTTPSConnection(host='portfolio-python-entreprise.onrender.com', port=443): Failed to resolve 'portfolio-python-entreprise.onrender.com' ([Errno 11001] getaddrinfo failed)"))
2026-09-14 11:39:35,116 - WARNING - Synchronisation différée: HTTPSConnectionPool(host='portfolio-python-entreprise.onrender.com', port=443): Max retries exceeded with url: /ventes/synchroniser (Caused by NameResolutionError("HTTPSConnection(host='portfolio-python-entreprise.onrender.com', port=443): Failed to resolve 'portfolio-python-entreprise.onrender.com' ([Errno 11001] getaddrinfo failed)"))
2026-09-14 11:40:05,035 - WARNING - Synchronisation différée: HTTPSConnectionPool(host='portfolio-python-entreprise.onrender.com', port=443): Max retries exceeded with url: /ventes/synchroniser (Caused by NameResolutionError("HTTPSConnection(host='portfolio-python-entreprise.onrender.com', port=443): Failed to resolve 'portfolio-python-entreprise.onrender.com' ([Errno 11001] getaddrinfo failed)"))
2026-09-14 11:40:35,053 - WARNING - Synchronisation différée: HTTPSConnectionPool(host='portfolio-python-entreprise.onrender.com', port=443): Max retries exceeded with url: /ventes/synchroniser (Caused by NameResolutionError("HTTPSConnection(host='portfolio-python-entreprise.onrender.com', port=443): Failed to resolve 'portfolio-python-entreprise.onrender.com' ([Errno 11001] getaddrinfo failed)"))
2026-09-14 11:41:05,090 - WARNING - Synchronisation différée: HTTPSConnectionPool(host='portfolio-python-entreprise.onrender.com', port=443): Max retries exceeded with url: /ventes/synchroniser (Caused by NameResolutionError("HTTPSConnection(host='portfolio-python-entreprise.onrender.com', port=443): Failed to resolve 'portfolio-python-entreprise.onrender.com' ([Errno 11001] getaddrinfo failed)"))
2026-09-14 11:41:35,066 - WARNING - Synchronisation différée: HTTPSConnectionPool(host='portfolio-python-entreprise.onrender.com', port=443): Max retries exceeded with url: /ventes/synchroniser (Caused by NameResolutionError("HTTPSConnection(host='portfolio-python-entreprise.onrender.com', port=443): Failed to resolve 'portfolio-python-entreprise.onrender.com' ([Errno 11001] getaddrinfo failed)"))
2026-09-14 11:42:05,084 - WARNING - Synchronisation différée: HTTPSConnectionPool(host='portfolio-python-entreprise.onrender.com', port=443): Max retries exceeded with url: /ventes/synchroniser (Caused by NameResolutionError("HTTPSConnection(host='portfolio-python-entreprise.onrender.com', port=443): Failed to resolve 'portfolio-python-entreprise.onrender.com' ([Errno 11001] getaddrinfo failed)"))
2026-09-14 11:42:35,078 - WARNING - Synchronisation différée: HTTPSConnectionPool(host='portfolio-python-entreprise.onrender.com', port=443): Max retries exceeded with url: /ventes/synchroniser (Caused by NameResolutionError("HTTPSConnection(host='portfolio-python-entreprise.onrender.com', port=443): Failed to resolve 'portfolio-python-entreprise.onrender.com' ([Errno 11001] getaddrinfo failed)"))
2026-09-14 11:43:05,086 - WARNING - Synchronisation différée: HTTPSConnectionPool(host='portfolio-python-entreprise.onrender.com', port=443): Max retries exceeded with url: /ventes/synchroniser (Caused by NameResolutionError("HTTPSConnection(host='portfolio-python-entreprise.onrender.com', port=443): Failed to resolve 'portfolio-python-entreprise.onrender.com' ([Errno 11001] getaddrinfo failed)"))
2026-09-14 11:43:35,069 - WARNING - Synchronisation différée: HTTPSConnectionPool(host='portfolio-python-entreprise.onrender.com', port=443): Max retries exceeded with url: /ventes/synchroniser (Caused by NameResolutionError("HTTPSConnection(host='portfolio-python-entreprise.onrender.com', port=443): Failed to resolve 'portfolio-python-entreprise.onrender.com' ([Errno 11001] getaddrinfo failed)"))
2026-09-14 11:44:05,099 - WARNING - Synchronisation différée: HTTPSConnectionPool(host='portfolio-python-entreprise.onrender.com', port=443): Max retries exceeded with url: /ventes/synchroniser (Caused by NameResolutionError("HTTPSConnection(host='portfolio-python-entreprise.onrender.com', port=443): Failed to resolve 'portfolio-python-entreprise.onrender.com' ([Errno 11001] getaddrinfo failed)"))
2026-09-14 11:44:35,162 - WARNING - Synchronisation différée: HTTPSConnectionPool(host='portfolio-python-entreprise.onrender.com', port=443): Max retries exceeded with url: /ventes/synchroniser (Caused by NameResolutionError("HTTPSConnection(host='portfolio-python-entreprise.onrender.com', port=443): Failed to resolve 'portfolio-python-entreprise.onrender.com' ([Errno 11001] getaddrinfo failed)"))
2026-09-14 11:45:05,176 - WARNING - Synchronisation différée: HTTPSConnectionPool(host='portfolio-python-entreprise.onrender.com', port=443): Max retries exceeded with url: /ventes/synchroniser (Caused by NameResolutionError("HTTPSConnection(host='portfolio-python-entreprise.onrender.com', port=443): Failed to resolve 'portfolio-python-entreprise.onrender.com' ([Errno 11001] getaddrinfo failed)"))
2026-09-14 11:45:35,128 - WARNING - Synchronisation différée: HTTPSConnectionPool(host='portfolio-python-entreprise.onrender.com', port=443): Max retries exceeded with url: /ventes/synchroniser (Caused by NameResolutionError("HTTPSConnection(host='portfolio-python-entreprise.onrender.com', port=443): Failed to resolve 'portfolio-python-entreprise.onrender.com' ([Errno 11001] getaddrinfo failed)"))
2026-09-14 11:46:05,229 - WARNING - Synchronisation différée: HTTPSConnectionPool(host='portfolio-python-entreprise.onrender.com', port=443): Max retries exceeded with url: /ventes/synchroniser (Caused by NameResolutionError("HTTPSConnection(host='portfolio-python-entreprise.onrender.com', port=443): Failed to resolve 'portfolio-python-entreprise.onrender.com' ([Errno 11001] getaddrinfo failed)"))
2026-09-14 11:46:35,147 - WARNING - Synchronisation différée: HTTPSConnectionPool(host='portfolio-python-entreprise.onrender.com', port=443): Max retries exceeded with url: /ventes/synchroniser (Caused by NameResolutionError("HTTPSConnection(host='portfolio-python-entreprise.onrender.com', port=443): Failed to resolve 'portfolio-python-entreprise.onrender.com' ([Errno 11001] getaddrinfo failed)"))
2026-09-14 11:47:05,149 - WARNING - Synchronisation différée: HTTPSConnectionPool(host='portfolio-python-entreprise.onrender.com', port=443): Max retries exceeded with url: /ventes/synchroniser (Caused by NameResolutionError("HTTPSConnection(host='portfolio-python-entreprise.onrender.com', port=443): Failed to resolve 'portfolio-python-entreprise.onrender.com' ([Errno 11001] getaddrinfo failed)"))
2026-09-14 11:47:35,200 - WARNING - Synchronisation différée: HTTPSConnectionPool(host='portfolio-python-entreprise.onrender.com', port=443): Max retries exceeded with url: /ventes/synchroniser (Caused by NameResolutionError("HTTPSConnection(host='portfolio-python-entreprise.onrender.com', port=443): Failed to resolve 'portfolio-python-entreprise.onrender.com' ([Errno 11001] getaddrinfo failed)"))
2026-09-14 11:48:05,160 - WARNING - Synchronisation différée: HTTPSConnectionPool(host='portfolio-python-entreprise.onrender.com', port=443): Max retries exceeded with url: /ventes/synchroniser (Caused by NameResolutionError("HTTPSConnection(host='portfolio-python-entreprise.onrender.com', port=443): Failed to resolve 'portfolio-python-entreprise.onrender.com' ([Errno 11001] getaddrinfo failed)"))
2026-09-14 11:48:35,212 - WARNING - Synchronisation différée: HTTPSConnectionPool(host='portfolio-python-entreprise.onrender.com', port=443): Max retries exceeded with url: /ventes/synchroniser (Caused by NameResolutionError("HTTPSConnection(host='portfolio-python-entreprise.onrender.com', port=443): Failed to resolve 'portfolio-python-entreprise.onrender.com' ([Errno 11001] getaddrinfo failed)"))
2026-09-14 11:49:05,179 - WARNING - Synchronisation différée: HTTPSConnectionPool(host='portfolio-python-entreprise.onrender.com', port=443): Max retries exceeded with url: /ventes/synchroniser (Caused by NameResolutionError("HTTPSConnection(host='portfolio-python-entreprise.onrender.com', port=443): Failed to resolve 'portfolio-python-entreprise.onrender.com' ([Errno 11001] getaddrinfo failed)"))
2026-09-14 11:49:35,189 - WARNING - Synchronisation différée: HTTPSConnectionPool(host='portfolio-python-entreprise.onrender.com', port=443): Max retries exceeded with url: /ventes/synchroniser (Caused by NameResolutionError("HTTPSConnection(host='portfolio-python-entreprise.onrender.com', port=443): Failed to resolve 'portfolio-python-entreprise.onrender.com' ([Errno 11001] getaddrinfo failed)"))
2026-09-14 11:50:05,175 - WARNING - Synchronisation différée: HTTPSConnectionPool(host='portfolio-python-entreprise.onrender.com', port=443): Max retries exceeded with url: /ventes/synchroniser (Caused by NameResolutionError("HTTPSConnection(host='portfolio-python-entreprise.onrender.com', port=443): Failed to resolve 'portfolio-python-entreprise.onrender.com' ([Errno 11001] getaddrinfo failed)"))
2026-09-14 11:50:35,359 - WARNING - Synchronisation différée: HTTPSConnectionPool(host='portfolio-python-entreprise.onrender.com', port=443): Max retries exceeded with url: /ventes/synchroniser (Caused by NameResolutionError("HTTPSConnection(host='portfolio-python-entreprise.onrender.com', port=443): Failed to resolve 'portfolio-python-entreprise.onrender.com' ([Errno 11001] getaddrinfo failed)"))
2026-09-14 11:51:05,266 - WARNING - Synchronisation différée: HTTPSConnectionPool(host='portfolio-python-entreprise.onrender.com', port=443): Max retries exceeded with url: /ventes/synchroniser (Caused by NameResolutionError("HTTPSConnection(host='portfolio-python-entreprise.onrender.com', port=443): Failed to resolve 'portfolio-python-entreprise.onrender.com' ([Errno 11001] getaddrinfo failed)"))
2026-09-14 11:51:35,236 - WARNING - Synchronisation différée: HTTPSConnectionPool(host='portfolio-python-entreprise.onrender.com', port=443): Max retries exceeded with url: /ventes/synchroniser (Caused by NameResolutionError("HTTPSConnection(host='portfolio-python-entreprise.onrender.com', port=443): Failed to resolve 'portfolio-python-entreprise.onrender.com' ([Errno 11001] getaddrinfo failed)"))
2026-09-14 11:52:05,202 - WARNING - Synchronisation différée: HTTPSConnectionPool(host='portfolio-python-entreprise.onrender.com', port=443): Max retries exceeded with url: /ventes/synchroniser (Caused by NameResolutionError("HTTPSConnection(host='portfolio-python-entreprise.onrender.com', port=443): Failed to resolve 'portfolio-python-entreprise.onrender.com' ([Errno 11001] getaddrinfo failed)"))
2026-09-14 11:52:35,239 - WARNING - Synchronisation différée: HTTPSConnectionPool(host='portfolio-python-entreprise.onrender.com', port=443): Max retries exceeded with url: /ventes/synchroniser (Caused by NameResolutionError("HTTPSConnection(host='portfolio-python-entreprise.onrender.com', port=443): Failed to resolve 'portfolio-python-entreprise.onrender.com' ([Errno 11001] getaddrinfo failed)"))
2026-09-14 11:53:05,208 - WARNING - Synchronisation différée: HTTPSConnectionPool(host='portfolio-python-entreprise.onrender.com', port=443): Max retries exceeded with url: /ventes/synchroniser (Caused by NameResolutionError("HTTPSConnection(host='portfolio-python-entreprise.onrender.com', port=443): Failed to resolve 'portfolio-python-entreprise.onrender.com' ([Errno 11001] getaddrinfo failed)"))
2026-09-14 11:53:35,225 - WARNING - Synchronisation différée: HTTPSConnectionPool(host='portfolio-python-entreprise.onrender.com', port=443): Max retries exceeded with url: /ventes/synchroniser (Caused by NameResolutionError("HTTPSConnection(host='portfolio-python-entreprise.onrender.com', port=443): Failed to resolve 'portfolio-python-entreprise.onrender.com' ([Errno 11001] getaddrinfo failed)"))
2026-09-14 11:54:05,252 - WARNING - Synchronisation différée: HTTPSConnectionPool(host='portfolio-python-entreprise.onrender.com', port=443): Max retries exceeded with url: /ventes/synchroniser (Caused by NameResolutionError("HTTPSConnection(host='portfolio-python-entreprise.onrender.com', port=443): Failed to resolve 'portfolio-python-entreprise.onrender.com' ([Errno 11001] getaddrinfo failed)"))
2026-09-14 11:54:35,287 - WARNING - Synchronisation différée: HTTPSConnectionPool(host='portfolio-python-entreprise.onrender.com', port=443): Max retries exceeded with url: /ventes/synchroniser (Caused by NameResolutionError("HTTPSConnection(host='portfolio-python-entreprise.onrender.com', port=443): Failed to resolve 'portfolio-python-entreprise.onrender.com' ([Errno 11001] getaddrinfo failed)"))
2026-09-14 11:55:05,255 - WARNING - Synchronisation différée: HTTPSConnectionPool(host='portfolio-python-entreprise.onrender.com', port=443): Max retries exceeded with url: /ventes/synchroniser (Caused by NameResolutionError("HTTPSConnection(host='portfolio-python-entreprise.onrender.com', port=443): Failed to resolve 'portfolio-python-entreprise.onrender.com' ([Errno 11001] getaddrinfo failed)"))
2026-09-14 11:55:35,255 - WARNING - Synchronisation différée: HTTPSConnectionPool(host='portfolio-python-entreprise.onrender.com', port=443): Max retries exceeded with url: /ventes/synchroniser (Caused by NameResolutionError("HTTPSConnection(host='portfolio-python-entreprise.onrender.com', port=443): Failed to resolve 'portfolio-python-entreprise.onrender.com' ([Errno 11001] getaddrinfo failed)"))
2026-09-14 11:56:05,224 - WARNING - Synchronisation différée: HTTPSConnectionPool(host='portfolio-python-entreprise.onrender.com', port=443): Max retries exceeded with url: /ventes/synchroniser (Caused by NameResolutionError("HTTPSConnection(host='portfolio-python-entreprise.onrender.com', port=443): Failed to resolve 'portfolio-python-entreprise.onrender.com' ([Errno 11001] getaddrinfo failed)"))
2026-09-14 11:56:35,235 - WARNING - Synchronisation différée: HTTPSConnectionPool(host='portfolio-python-entreprise.onrender.com', port=443): Max retries exceeded with url: /ventes/synchroniser (Caused by NameResolutionError("HTTPSConnection(host='portfolio-python-entreprise.onrender.com', port=443): Failed to resolve 'portfolio-python-entreprise.onrender.com' ([Errno 11001] getaddrinfo failed)"))
2026-09-14 11:57:05,269 - WARNING - Synchronisation différée: HTTPSConnectionPool(host='portfolio-python-entreprise.onrender.com', port=443): Max retries exceeded with url: /ventes/synchroniser (Caused by NameResolutionError("HTTPSConnection(host='portfolio-python-entreprise.onrender.com', port=443): Failed to resolve 'portfolio-python-entreprise.onrender.com' ([Errno 11001] getaddrinfo failed)"))
2026-09-14 11:57:35,271 - WARNING - Synchronisation différée: HTTPSConnectionPool(host='portfolio-python-entreprise.onrender.com', port=443): Max retries exceeded with url: /ventes/synchroniser (Caused by NameResolutionError("HTTPSConnection(host='portfolio-python-entreprise.onrender.com', port=443): Failed to resolve 'portfolio-python-entreprise.onrender.com' ([Errno 11001] getaddrinfo failed)"))
2026-09-14 11:58:05,305 - WARNING - Synchronisation différée: HTTPSConnectionPool(host='portfolio-python-entreprise.onrender.com', port=443): Max retries exceeded with url: /ventes/synchroniser (Caused by NameResolutionError("HTTPSConnection(host='portfolio-python-entreprise.onrender.com', port=443): Failed to resolve 'portfolio-python-entreprise.onrender.com' ([Errno 11001] getaddrinfo failed)"))
2026-09-14 11:58:35,298 - WARNING - Synchronisation différée: HTTPSConnectionPool(host='portfolio-python-entreprise.onrender.com', port=443): Max retries exceeded with url: /ventes/synchroniser (Caused by NameResolutionError("HTTPSConnection(host='portfolio-python-entreprise.onrender.com', port=443): Failed to resolve 'portfolio-python-entreprise.onrender.com' ([Errno 11001] getaddrinfo failed)"))
2026-09-14 11:59:05,356 - WARNING - Synchronisation différée: HTTPSConnectionPool(host='portfolio-python-entreprise.onrender.com', port=443): Max retries exceeded with url: /ventes/synchroniser (Caused by NameResolutionError("HTTPSConnection(host='portfolio-python-entreprise.onrender.com', port=443): Failed to resolve 'portfolio-python-entreprise.onrender.com' ([Errno 11001] getaddrinfo failed)"))
2026-09-14 11:59:35,308 - WARNING - Synchronisation différée: HTTPSConnectionPool(host='portfolio-python-entreprise.onrender.com', port=443): Max retries exceeded with url: /ventes/synchroniser (Caused by NameResolutionError("HTTPSConnection(host='portfolio-python-entreprise.onrender.com', port=443): Failed to resolve 'portfolio-python-entreprise.onrender.com' ([Errno 11001] getaddrinfo failed)"))
2026-09-14 12:00:05,363 - WARNING - Synchronisation différée: HTTPSConnectionPool(host='portfolio-python-entreprise.onrender.com', port=443): Max retries exceeded with url: /ventes/synchroniser (Caused by NameResolutionError("HTTPSConnection(host='portfolio-python-entreprise.onrender.com', port=443): Failed to resolve 'portfolio-python-entreprise.onrender.com' ([Errno 11001] getaddrinfo failed)"))
2026-09-14 12:00:35,354 - WARNING - Synchronisation différée: HTTPSConnectionPool(host='portfolio-python-entreprise.onrender.com', port=443): Max retries exceeded with url: /ventes/synchroniser (Caused by NameResolutionError("HTTPSConnection(host='portfolio-python-entreprise.onrender.com', port=443): Failed to resolve 'portfolio-python-entreprise.onrender.com' ([Errno 11001] getaddrinfo failed)"))
2026-09-14 12:01:05,305 - WARNING - Synchronisation différée: HTTPSConnectionPool(host='portfolio-python-entreprise.onrender.com', port=443): Max retries exceeded with url: /ventes/synchroniser (Caused by NameResolutionError("HTTPSConnection(host='portfolio-python-entreprise.onrender.com', port=443): Failed to resolve 'portfolio-python-entreprise.onrender.com' ([Errno 11001] getaddrinfo failed)"))
2026-09-14 12:01:35,272 - WARNING - Synchronisation différée: HTTPSConnectionPool(host='portfolio-python-entreprise.onrender.com', port=443): Max retries exceeded with url: /ventes/synchroniser (Caused by NameResolutionError("HTTPSConnection(host='portfolio-python-entreprise.onrender.com', port=443): Failed to resolve 'portfolio-python-entreprise.onrender.com' ([Errno 11001] getaddrinfo failed)"))
2026-09-14 12:02:05,334 - WARNING - Synchronisation différée: HTTPSConnectionPool(host='portfolio-python-entreprise.onrender.com', port=443): Max retries exceeded with url: /ventes/synchroniser (Caused by NameResolutionError("HTTPSConnection(host='portfolio-python-entreprise.onrender.com', port=443): Failed to resolve 'portfolio-python-entreprise.onrender.com' ([Errno 11001] getaddrinfo failed)"))
2026-09-14 12:02:35,316 - WARNING - Synchronisation différée: HTTPSConnectionPool(host='portfolio-python-entreprise.onrender.com', port=443): Max retries exceeded with url: /ventes/synchroniser (Caused by NameResolutionError("HTTPSConnection(host='portfolio-python-entreprise.onrender.com', port=443): Failed to resolve 'portfolio-python-entreprise.onrender.com' ([Errno 11001] getaddrinfo failed)"))
2026-09-14 12:03:05,337 - WARNING - Synchronisation différée: HTTPSConnectionPool(host='portfolio-python-entreprise.onrender.com', port=443): Max retries exceeded with url: /ventes/synchroniser (Caused by NameResolutionError("HTTPSConnection(host='portfolio-python-entreprise.onrender.com', port=443): Failed to resolve 'portfolio-python-entreprise.onrender.com' ([Errno 11001] getaddrinfo failed)"))
2026-09-14 12:03:35,363 - WARNING - Synchronisation différée: HTTPSConnectionPool(host='portfolio-python-entreprise.onrender.com', port=443): Max retries exceeded with url: /ventes/synchroniser (Caused by NameResolutionError("HTTPSConnection(host='portfolio-python-entreprise.onrender.com', port=443): Failed to resolve 'portfolio-python-entreprise.onrender.com' ([Errno 11001] getaddrinfo failed)"))
2026-09-14 12:04:05,347 - WARNING - Synchronisation différée: HTTPSConnectionPool(host='portfolio-python-entreprise.onrender.com', port=443): Max retries exceeded with url: /ventes/synchroniser (Caused by NameResolutionError("HTTPSConnection(host='portfolio-python-entreprise.onrender.com', port=443): Failed to resolve 'portfolio-python-entreprise.onrender.com' ([Errno 11001] getaddrinfo failed)"))
2026-09-14 12:04:35,366 - WARNING - Synchronisation différée: HTTPSConnectionPool(host='portfolio-python-entreprise.onrender.com', port=443): Max retries exceeded with url: /ventes/synchroniser (Caused by NameResolutionError("HTTPSConnection(host='portfolio-python-entreprise.onrender.com', port=443): Failed to resolve 'portfolio-python-entreprise.onrender.com' ([Errno 11001] getaddrinfo failed)"))
2026-09-14 12:05:05,335 - WARNING - Synchronisation différée: HTTPSConnectionPool(host='portfolio-python-entreprise.onrender.com', port=443): Max retries exceeded with url: /ventes/synchroniser (Caused by NameResolutionError("HTTPSConnection(host='portfolio-python-entreprise.onrender.com', port=443): Failed to resolve 'portfolio-python-entreprise.onrender.com' ([Errno 11001] getaddrinfo failed)"))
2026-09-14 12:05:35,369 - WARNING - Synchronisation différée: HTTPSConnectionPool(host='portfolio-python-entreprise.onrender.com', port=443): Max retries exceeded with url: /ventes/synchroniser (Caused by NameResolutionError("HTTPSConnection(host='portfolio-python-entreprise.onrender.com', port=443): Failed to resolve 'portfolio-python-entreprise.onrender.com' ([Errno 11001] getaddrinfo failed)"))
2026-09-14 12:06:05,370 - WARNING - Synchronisation différée: HTTPSConnectionPool(host='portfolio-python-entreprise.onrender.com', port=443): Max retries exceeded with url: /ventes/synchroniser (Caused by NameResolutionError("HTTPSConnection(host='portfolio-python-entreprise.onrender.com', port=443): Failed to resolve 'portfolio-python-entreprise.onrender.com' ([Errno 11001] getaddrinfo failed)"))
2026-09-14 12:06:35,363 - WARNING - Synchronisation différée: HTTPSConnectionPool(host='portfolio-python-entreprise.onrender.com', port=443): Max retries exceeded with url: /ventes/synchroniser (Caused by NameResolutionError("HTTPSConnection(host='portfolio-python-entreprise.onrender.com', port=443): Failed to resolve 'portfolio-python-entreprise.onrender.com' ([Errno 11001] getaddrinfo failed)"))
2026-09-14 12:07:05,406 - WARNING - Synchronisation différée: HTTPSConnectionPool(host='portfolio-python-entreprise.onrender.com', port=443): Max retries exceeded with url: /ventes/synchroniser (Caused by NameResolutionError("HTTPSConnection(host='portfolio-python-entreprise.onrender.com', port=443): Failed to resolve 'portfolio-python-entreprise.onrender.com' ([Errno 11001] getaddrinfo failed)"))
2026-09-14 12:07:35,383 - WARNING - Synchronisation différée: HTTPSConnectionPool(host='portfolio-python-entreprise.onrender.com', port=443): Max retries exceeded with url: /ventes/synchroniser (Caused by NameResolutionError("HTTPSConnection(host='portfolio-python-entreprise.onrender.com', port=443): Failed to resolve 'portfolio-python-entreprise.onrender.com' ([Errno 11001] getaddrinfo failed)"))
2026-09-14 12:08:05,452 - WARNING - Synchronisation différée: HTTPSConnectionPool(host='portfolio-python-entreprise.onrender.com', port=443): Max retries exceeded with url: /ventes/synchroniser (Caused by NameResolutionError("HTTPSConnection(host='portfolio-python-entreprise.onrender.com', port=443): Failed to resolve 'portfolio-python-entreprise.onrender.com' ([Errno 11001] getaddrinfo failed)"))
2026-09-14 12:08:35,402 - WARNING - Synchronisation différée: HTTPSConnectionPool(host='portfolio-python-entreprise.onrender.com', port=443): Max retries exceeded with url: /ventes/synchroniser (Caused by NameResolutionError("HTTPSConnection(host='portfolio-python-entreprise.onrender.com', port=443): Failed to resolve 'portfolio-python-entreprise.onrender.com' ([Errno 11001] getaddrinfo failed)"))
2026-09-14 12:09:05,396 - WARNING - Synchronisation différée: HTTPSConnectionPool(host='portfolio-python-entreprise.onrender.com', port=443): Max retries exceeded with url: /ventes/synchroniser (Caused by NameResolutionError("HTTPSConnection(host='portfolio-python-entreprise.onrender.com', port=443): Failed to resolve 'portfolio-python-entreprise.onrender.com' ([Errno 11001] getaddrinfo failed)"))
2026-09-14 12:09:35,422 - WARNING - Synchronisation différée: HTTPSConnectionPool(host='portfolio-python-entreprise.onrender.com', port=443): Max retries exceeded with url: /ventes/synchroniser (Caused by NameResolutionError("HTTPSConnection(host='portfolio-python-entreprise.onrender.com', port=443): Failed to resolve 'portfolio-python-entreprise.onrender.com' ([Errno 11001] getaddrinfo failed)"))
2026-09-14 12:10:05,440 - WARNING - Synchronisation différée: HTTPSConnectionPool(host='portfolio-python-entreprise.onrender.com', port=443): Max retries exceeded with url: /ventes/synchroniser (Caused by NameResolutionError("HTTPSConnection(host='portfolio-python-entreprise.onrender.com', port=443): Failed to resolve 'portfolio-python-entreprise.onrender.com' ([Errno 11001] getaddrinfo failed)"))
2026-09-14 12:10:35,400 - WARNING - Synchronisation différée: HTTPSConnectionPool(host='portfolio-python-entreprise.onrender.com', port=443): Max retries exceeded with url: /ventes/synchroniser (Caused by NameResolutionError("HTTPSConnection(host='portfolio-python-entreprise.onrender.com', port=443): Failed to resolve 'portfolio-python-entreprise.onrender.com' ([Errno 11001] getaddrinfo failed)"))
2026-09-14 12:11:05,460 - WARNING - Synchronisation différée: HTTPSConnectionPool(host='portfolio-python-entreprise.onrender.com', port=443): Max retries exceeded with url: /ventes/synchroniser (Caused by NameResolutionError("HTTPSConnection(host='portfolio-python-entreprise.onrender.com', port=443): Failed to resolve 'portfolio-python-entreprise.onrender.com' ([Errno 11001] getaddrinfo failed)"))
2026-09-14 12:11:35,386 - WARNING - Synchronisation différée: HTTPSConnectionPool(host='portfolio-python-entreprise.onrender.com', port=443): Max retries exceeded with url: /ventes/synchroniser (Caused by NameResolutionError("HTTPSConnection(host='portfolio-python-entreprise.onrender.com', port=443): Failed to resolve 'portfolio-python-entreprise.onrender.com' ([Errno 11001] getaddrinfo failed)"))
2026-09-14 12:12:05,388 - WARNING - Synchronisation différée: HTTPSConnectionPool(host='portfolio-python-entreprise.onrender.com', port=443): Max retries exceeded with url: /ventes/synchroniser (Caused by NameResolutionError("HTTPSConnection(host='portfolio-python-entreprise.onrender.com', port=443): Failed to resolve 'portfolio-python-entreprise.onrender.com' ([Errno 11001] getaddrinfo failed)"))
2026-09-14 12:12:35,398 - WARNING - Synchronisation différée: HTTPSConnectionPool(host='portfolio-python-entreprise.onrender.com', port=443): Max retries exceeded with url: /ventes/synchroniser (Caused by NameResolutionError("HTTPSConnection(host='portfolio-python-entreprise.onrender.com', port=443): Failed to resolve 'portfolio-python-entreprise.onrender.com' ([Errno 11001] getaddrinfo failed)"))
2026-09-14 12:13:05,429 - WARNING - Synchronisation différée: HTTPSConnectionPool(host='portfolio-python-entreprise.onrender.com', port=443): Max retries exceeded with url: /ventes/synchroniser (Caused by NameResolutionError("HTTPSConnection(host='portfolio-python-entreprise.onrender.com', port=443): Failed to resolve 'portfolio-python-entreprise.onrender.com' ([Errno 11001] getaddrinfo failed)"))
2026-09-14 12:13:35,417 - WARNING - Synchronisation différée: HTTPSConnectionPool(host='portfolio-python-entreprise.onrender.com', port=443): Max retries exceeded with url: /ventes/synchroniser (Caused by NameResolutionError("HTTPSConnection(host='portfolio-python-entreprise.onrender.com', port=443): Failed to resolve 'portfolio-python-entreprise.onrender.com' ([Errno 11001] getaddrinfo failed)"))
2026-09-14 12:14:05,401 - WARNING - Synchronisation différée: HTTPSConnectionPool(host='portfolio-python-entreprise.onrender.com', port=443): Max retries exceeded with url: /ventes/synchroniser (Caused by NameResolutionError("HTTPSConnection(host='portfolio-python-entreprise.onrender.com', port=443): Failed to resolve 'portfolio-python-entreprise.onrender.com' ([Errno 11001] getaddrinfo failed)"))
2026-09-14 12:14:35,465 - WARNING - Synchronisation différée: HTTPSConnectionPool(host='portfolio-python-entreprise.onrender.com', port=443): Max retries exceeded with url: /ventes/synchroniser (Caused by NameResolutionError("HTTPSConnection(host='portfolio-python-entreprise.onrender.com', port=443): Failed to resolve 'portfolio-python-entreprise.onrender.com' ([Errno 11001] getaddrinfo failed)"))
2026-09-14 12:15:05,388 - WARNING - Synchronisation différée: HTTPSConnectionPool(host='portfolio-python-entreprise.onrender.com', port=443): Max retries exceeded with url: /ventes/synchroniser (Caused by NameResolutionError("HTTPSConnection(host='portfolio-python-entreprise.onrender.com', port=443): Failed to resolve 'portfolio-python-entreprise.onrender.com' ([Errno 11001] getaddrinfo failed)"))
2026-09-14 12:15:35,439 - WARNING - Synchronisation différée: HTTPSConnectionPool(host='portfolio-python-entreprise.onrender.com', port=443): Max retries exceeded with url: /ventes/synchroniser (Caused by NameResolutionError("HTTPSConnection(host='portfolio-python-entreprise.onrender.com', port=443): Failed to resolve 'portfolio-python-entreprise.onrender.com' ([Errno 11001] getaddrinfo failed)"))
2026-09-14 12:16:05,591 - WARNING - Synchronisation différée: HTTPSConnectionPool(host='portfolio-python-entreprise.onrender.com', port=443): Max retries exceeded with url: /ventes/synchroniser (Caused by NameResolutionError("HTTPSConnection(host='portfolio-python-entreprise.onrender.com', port=443): Failed to resolve 'portfolio-python-entreprise.onrender.com' ([Errno 11001] getaddrinfo failed)"))
2026-09-14 12:16:35,442 - WARNING - Synchronisation différée: HTTPSConnectionPool(host='portfolio-python-entreprise.onrender.com', port=443): Max retries exceeded with url: /ventes/synchroniser (Caused by NameResolutionError("HTTPSConnection(host='portfolio-python-entreprise.onrender.com', port=443): Failed to resolve 'portfolio-python-entreprise.onrender.com' ([Errno 11001] getaddrinfo failed)"))
2026-09-14 12:17:05,436 - WARNING - Synchronisation différée: HTTPSConnectionPool(host='portfolio-python-entreprise.onrender.com', port=443): Max retries exceeded with url: /ventes/synchroniser (Caused by NameResolutionError("HTTPSConnection(host='portfolio-python-entreprise.onrender.com', port=443): Failed to resolve 'portfolio-python-entreprise.onrender.com' ([Errno 11001] getaddrinfo failed)"))
2026-09-14 12:17:35,528 - WARNING - Synchronisation différée: HTTPSConnectionPool(host='portfolio-python-entreprise.onrender.com', port=443): Max retries exceeded with url: /ventes/synchroniser (Caused by NameResolutionError("HTTPSConnection(host='portfolio-python-entreprise.onrender.com', port=443): Failed to resolve 'portfolio-python-entreprise.onrender.com' ([Errno 11001] getaddrinfo failed)"))
2026-09-14 12:18:05,530 - WARNING - Synchronisation différée: HTTPSConnectionPool(host='portfolio-python-entreprise.onrender.com', port=443): Max retries exceeded with url: /ventes/synchroniser (Caused by NameResolutionError("HTTPSConnection(host='portfolio-python-entreprise.onrender.com', port=443): Failed to resolve 'portfolio-python-entreprise.onrender.com' ([Errno 11001] getaddrinfo failed)"))
2026-09-14 12:18:35,489 - WARNING - Synchronisation différée: HTTPSConnectionPool(host='portfolio-python-entreprise.onrender.com', port=443): Max retries exceeded with url: /ventes/synchroniser (Caused by NameResolutionError("HTTPSConnection(host='portfolio-python-entreprise.onrender.com', port=443): Failed to resolve 'portfolio-python-entreprise.onrender.com' ([Errno 11001] getaddrinfo failed)"))
2026-09-14 12:19:05,473 - WARNING - Synchronisation différée: HTTPSConnectionPool(host='portfolio-python-entreprise.onrender.com', port=443): Max retries exceeded with url: /ventes/synchroniser (Caused by NameResolutionError("HTTPSConnection(host='portfolio-python-entreprise.onrender.com', port=443): Failed to resolve 'portfolio-python-entreprise.onrender.com' ([Errno 11001] getaddrinfo failed)"))
2026-09-14 12:19:35,468 - WARNING - Synchronisation différée: HTTPSConnectionPool(host='portfolio-python-entreprise.onrender.com', port=443): Max retries exceeded with url: /ventes/synchroniser (Caused by NameResolutionError("HTTPSConnection(host='portfolio-python-entreprise.onrender.com', port=443): Failed to resolve 'portfolio-python-entreprise.onrender.com' ([Errno 11001] getaddrinfo failed)"))
2026-09-14 12:20:05,536 - WARNING - Synchronisation différée: HTTPSConnectionPool(host='portfolio-python-entreprise.onrender.com', port=443): Max retries exceeded with url: /ventes/synchroniser (Caused by NameResolutionError("HTTPSConnection(host='portfolio-python-entreprise.onrender.com', port=443): Failed to resolve 'portfolio-python-entreprise.onrender.com' ([Errno 11001] getaddrinfo failed)"))
2026-09-14 12:20:35,496 - WARNING - Synchronisation différée: HTTPSConnectionPool(host='portfolio-python-entreprise.onrender.com', port=443): Max retries exceeded with url: /ventes/synchroniser (Caused by NameResolutionError("HTTPSConnection(host='portfolio-python-entreprise.onrender.com', port=443): Failed to resolve 'portfolio-python-entreprise.onrender.com' ([Errno 11001] getaddrinfo failed)"))
2026-09-14 12:21:05,497 - WARNING - Synchronisation différée: HTTPSConnectionPool(host='portfolio-python-entreprise.onrender.com', port=443): Max retries exceeded with url: /ventes/synchroniser (Caused by NameResolutionError("HTTPSConnection(host='portfolio-python-entreprise.onrender.com', port=443): Failed to resolve 'portfolio-python-entreprise.onrender.com' ([Errno 11001] getaddrinfo failed)"))
2026-09-14 12:21:35,499 - WARNING - Synchronisation différée: HTTPSConnectionPool(host='portfolio-python-entreprise.onrender.com', port=443): Max retries exceeded with url: /ventes/synchroniser (Caused by NameResolutionError("HTTPSConnection(host='portfolio-python-entreprise.onrender.com', port=443): Failed to resolve 'portfolio-python-entreprise.onrender.com' ([Errno 11001] getaddrinfo failed)"))
2026-09-14 12:22:05,500 - WARNING - Synchronisation différée: HTTPSConnectionPool(host='portfolio-python-entreprise.onrender.com', port=443): Max retries exceeded with url: /ventes/synchroniser (Caused by NameResolutionError("HTTPSConnection(host='portfolio-python-entreprise.onrender.com', port=443): Failed to resolve 'portfolio-python-entreprise.onrender.com' ([Errno 11001] getaddrinfo failed)"))
2026-09-14 12:22:35,501 - WARNING - Synchronisation différée: HTTPSConnectionPool(host='portfolio-python-entreprise.onrender.com', port=443): Max retries exceeded with url: /ventes/synchroniser (Caused by NameResolutionError("HTTPSConnection(host='portfolio-python-entreprise.onrender.com', port=443): Failed to resolve 'portfolio-python-entreprise.onrender.com' ([Errno 11001] getaddrinfo failed)"))
2026-09-14 12:23:05,492 - WARNING - Synchronisation différée: HTTPSConnectionPool(host='portfolio-python-entreprise.onrender.com', port=443): Max retries exceeded with url: /ventes/synchroniser (Caused by NameResolutionError("HTTPSConnection(host='portfolio-python-entreprise.onrender.com', port=443): Failed to resolve 'portfolio-python-entreprise.onrender.com' ([Errno 11001] getaddrinfo failed)"))
2026-09-14 12:23:35,563 - WARNING - Synchronisation différée: HTTPSConnectionPool(host='portfolio-python-entreprise.onrender.com', port=443): Max retries exceeded with url: /ventes/synchroniser (Caused by NameResolutionError("HTTPSConnection(host='portfolio-python-entreprise.onrender.com', port=443): Failed to resolve 'portfolio-python-entreprise.onrender.com' ([Errno 11001] getaddrinfo failed)"))
2026-09-14 12:24:05,530 - WARNING - Synchronisation différée: HTTPSConnectionPool(host='portfolio-python-entreprise.onrender.com', port=443): Max retries exceeded with url: /ventes/synchroniser (Caused by NameResolutionError("HTTPSConnection(host='portfolio-python-entreprise.onrender.com', port=443): Failed to resolve 'portfolio-python-entreprise.onrender.com' ([Errno 11001] getaddrinfo failed)"))
2026-09-14 12:24:35,565 - WARNING - Synchronisation différée: HTTPSConnectionPool(host='portfolio-python-entreprise.onrender.com', port=443): Max retries exceeded with url: /ventes/synchroniser (Caused by NameResolutionError("HTTPSConnection(host='portfolio-python-entreprise.onrender.com', port=443): Failed to resolve 'portfolio-python-entreprise.onrender.com' ([Errno 11001] getaddrinfo failed)"))
2026-09-14 12:25:05,534 - WARNING - Synchronisation différée: HTTPSConnectionPool(host='portfolio-python-entreprise.onrender.com', port=443): Max retries exceeded with url: /ventes/synchroniser (Caused by NameResolutionError("HTTPSConnection(host='portfolio-python-entreprise.onrender.com', port=443): Failed to resolve 'portfolio-python-entreprise.onrender.com' ([Errno 11001] getaddrinfo failed)"))
2026-09-14 12:25:35,601 - WARNING - Synchronisation différée: HTTPSConnectionPool(host='portfolio-python-entreprise.onrender.com', port=443): Max retries exceeded with url: /ventes/synchroniser (Caused by NameResolutionError("HTTPSConnection(host='portfolio-python-entreprise.onrender.com', port=443): Failed to resolve 'portfolio-python-entreprise.onrender.com' ([Errno 11001] getaddrinfo failed)"))
2026-09-14 12:26:05,564 - WARNING - Synchronisation différée: HTTPSConnectionPool(host='portfolio-python-entreprise.onrender.com', port=443): Max retries exceeded with url: /ventes/synchroniser (Caused by NameResolutionError("HTTPSConnection(host='portfolio-python-entreprise.onrender.com', port=443): Failed to resolve 'portfolio-python-entreprise.onrender.com' ([Errno 11001] getaddrinfo failed)"))
2026-09-14 12:26:35,486 - WARNING - Synchronisation différée: HTTPSConnectionPool(host='portfolio-python-entreprise.onrender.com', port=443): Max retries exceeded with url: /ventes/synchroniser (Caused by NameResolutionError("HTTPSConnection(host='portfolio-python-entreprise.onrender.com', port=443): Failed to resolve 'portfolio-python-entreprise.onrender.com' ([Errno 11001] getaddrinfo failed)"))
2026-09-14 12:27:05,615 - WARNING - Synchronisation différée: HTTPSConnectionPool(host='portfolio-python-entreprise.onrender.com', port=443): Max retries exceeded with url: /ventes/synchroniser (Caused by NameResolutionError("HTTPSConnection(host='portfolio-python-entreprise.onrender.com', port=443): Failed to resolve 'portfolio-python-entreprise.onrender.com' ([Errno 11001] getaddrinfo failed)"))
2026-09-14 12:27:35,524 - WARNING - Synchronisation différée: HTTPSConnectionPool(host='portfolio-python-entreprise.onrender.com', port=443): Max retries exceeded with url: /ventes/synchroniser (Caused by NameResolutionError("HTTPSConnection(host='portfolio-python-entreprise.onrender.com', port=443): Failed to resolve 'portfolio-python-entreprise.onrender.com' ([Errno 11001] getaddrinfo failed)"))
2026-09-14 12:28:05,543 - WARNING - Synchronisation différée: HTTPSConnectionPool(host='portfolio-python-entreprise.onrender.com', port=443): Max retries exceeded with url: /ventes/synchroniser (Caused by NameResolutionError("HTTPSConnection(host='portfolio-python-entreprise.onrender.com', port=443): Failed to resolve 'portfolio-python-entreprise.onrender.com' ([Errno 11001] getaddrinfo failed)"))
2026-09-14 12:28:35,552 - WARNING - Synchronisation différée: HTTPSConnectionPool(host='portfolio-python-entreprise.onrender.com', port=443): Max retries exceeded with url: /ventes/synchroniser (Caused by NameResolutionError("HTTPSConnection(host='portfolio-python-entreprise.onrender.com', port=443): Failed to resolve 'portfolio-python-entreprise.onrender.com' ([Errno 11001] getaddrinfo failed)"))
2026-09-14 12:29:05,587 - WARNING - Synchronisation différée: HTTPSConnectionPool(host='portfolio-python-entreprise.onrender.com', port=443): Max retries exceeded with url: /ventes/synchroniser (Caused by NameResolutionError("HTTPSConnection(host='portfolio-python-entreprise.onrender.com', port=443): Failed to resolve 'portfolio-python-entreprise.onrender.com' ([Errno 11001] getaddrinfo failed)"))
2026-09-14 12:29:35,588 - WARNING - Synchronisation différée: HTTPSConnectionPool(host='portfolio-python-entreprise.onrender.com', port=443): Max retries exceeded with url: /ventes/synchroniser (Caused by NameResolutionError("HTTPSConnection(host='portfolio-python-entreprise.onrender.com', port=443): Failed to resolve 'portfolio-python-entreprise.onrender.com' ([Errno 11001] getaddrinfo failed)"))
2026-09-14 12:30:05,621 - WARNING - Synchronisation différée: HTTPSConnectionPool(host='portfolio-python-entreprise.onrender.com', port=443): Max retries exceeded with url: /ventes/synchroniser (Caused by NameResolutionError("HTTPSConnection(host='portfolio-python-entreprise.onrender.com', port=443): Failed to resolve 'portfolio-python-entreprise.onrender.com' ([Errno 11001] getaddrinfo failed)"))
2026-09-14 12:30:35,600 - WARNING - Synchronisation différée: HTTPSConnectionPool(host='portfolio-python-entreprise.onrender.com', port=443): Max retries exceeded with url: /ventes/synchroniser (Caused by NameResolutionError("HTTPSConnection(host='portfolio-python-entreprise.onrender.com', port=443): Failed to resolve 'portfolio-python-entreprise.onrender.com' ([Errno 11001] getaddrinfo failed)"))
2026-09-14 12:31:05,650 - WARNING - Synchronisation différée: HTTPSConnectionPool(host='portfolio-python-entreprise.onrender.com', port=443): Max retries exceeded with url: /ventes/synchroniser (Caused by NameResolutionError("HTTPSConnection(host='portfolio-python-entreprise.onrender.com', port=443): Failed to resolve 'portfolio-python-entreprise.onrender.com' ([Errno 11001] getaddrinfo failed)"))
2026-09-14 12:31:35,611 - WARNING - Synchronisation différée: HTTPSConnectionPool(host='portfolio-python-entreprise.onrender.com', port=443): Max retries exceeded with url: /ventes/synchroniser (Caused by NameResolutionError("HTTPSConnection(host='portfolio-python-entreprise.onrender.com', port=443): Failed to resolve 'portfolio-python-entreprise.onrender.com' ([Errno 11001] getaddrinfo failed)"))
2026-09-14 12:32:05,612 - WARNING - Synchronisation différée: HTTPSConnectionPool(host='portfolio-python-entreprise.onrender.com', port=443): Max retries exceeded with url: /ventes/synchroniser (Caused by NameResolutionError("HTTPSConnection(host='portfolio-python-entreprise.onrender.com', port=443): Failed to resolve 'portfolio-python-entreprise.onrender.com' ([Errno 11001] getaddrinfo failed)"))
2026-09-14 12:32:35,664 - WARNING - Synchronisation différée: HTTPSConnectionPool(host='portfolio-python-entreprise.onrender.com', port=443): Max retries exceeded with url: /ventes/synchroniser (Caused by NameResolutionError("HTTPSConnection(host='portfolio-python-entreprise.onrender.com', port=443): Failed to resolve 'portfolio-python-entreprise.onrender.com' ([Errno 11001] getaddrinfo failed)"))
2026-09-14 12:33:05,591 - WARNING - Synchronisation différée: HTTPSConnectionPool(host='portfolio-python-entreprise.onrender.com', port=443): Max retries exceeded with url: /ventes/synchroniser (Caused by NameResolutionError("HTTPSConnection(host='portfolio-python-entreprise.onrender.com', port=443): Failed to resolve 'portfolio-python-entreprise.onrender.com' ([Errno 11001] getaddrinfo failed)"))
2026-09-14 12:33:35,624 - WARNING - Synchronisation différée: HTTPSConnectionPool(host='portfolio-python-entreprise.onrender.com', port=443): Max retries exceeded with url: /ventes/synchroniser (Caused by NameResolutionError("HTTPSConnection(host='portfolio-python-entreprise.onrender.com', port=443): Failed to resolve 'portfolio-python-entreprise.onrender.com' ([Errno 11001] getaddrinfo failed)"))
2026-09-14 12:34:05,643 - WARNING - Synchronisation différée: HTTPSConnectionPool(host='portfolio-python-entreprise.onrender.com', port=443): Max retries exceeded with url: /ventes/synchroniser (Caused by NameResolutionError("HTTPSConnection(host='portfolio-python-entreprise.onrender.com', port=443): Failed to resolve 'portfolio-python-entreprise.onrender.com' ([Errno 11001] getaddrinfo failed)"))
2026-09-14 12:34:35,720 - WARNING - Synchronisation différée: HTTPSConnectionPool(host='portfolio-python-entreprise.onrender.com', port=443): Max retries exceeded with url: /ventes/synchroniser (Caused by NameResolutionError("HTTPSConnection(host='portfolio-python-entreprise.onrender.com', port=443): Failed to resolve 'portfolio-python-entreprise.onrender.com' ([Errno 11001] getaddrinfo failed)"))
2026-09-14 12:35:05,613 - WARNING - Synchronisation différée: HTTPSConnectionPool(host='portfolio-python-entreprise.onrender.com', port=443): Max retries exceeded with url: /ventes/synchroniser (Caused by NameResolutionError("HTTPSConnection(host='portfolio-python-entreprise.onrender.com', port=443): Failed to resolve 'portfolio-python-entreprise.onrender.com' ([Errno 11001] getaddrinfo failed)"))
2026-09-14 12:35:35,628 - WARNING - Synchronisation différée: HTTPSConnectionPool(host='portfolio-python-entreprise.onrender.com', port=443): Max retries exceeded with url: /ventes/synchroniser (Caused by NameResolutionError("HTTPSConnection(host='portfolio-python-entreprise.onrender.com', port=443): Failed to resolve 'portfolio-python-entreprise.onrender.com' ([Errno 11001] getaddrinfo failed)"))
2026-09-14 12:36:05,616 - WARNING - Synchronisation différée: HTTPSConnectionPool(host='portfolio-python-entreprise.onrender.com', port=443): Max retries exceeded with url: /ventes/synchroniser (Caused by NameResolutionError("HTTPSConnection(host='portfolio-python-entreprise.onrender.com', port=443): Failed to resolve 'portfolio-python-entreprise.onrender.com' ([Errno 11001] getaddrinfo failed)"))
2026-09-14 12:36:35,634 - WARNING - Synchronisation différée: HTTPSConnectionPool(host='portfolio-python-entreprise.onrender.com', port=443): Max retries exceeded with url: /ventes/synchroniser (Caused by NameResolutionError("HTTPSConnection(host='portfolio-python-entreprise.onrender.com', port=443): Failed to resolve 'portfolio-python-entreprise.onrender.com' ([Errno 11001] getaddrinfo failed)"))
2026-09-14 12:37:05,625 - WARNING - Synchronisation différée: HTTPSConnectionPool(host='portfolio-python-entreprise.onrender.com', port=443): Max retries exceeded with url: /ventes/synchroniser (Caused by NameResolutionError("HTTPSConnection(host='portfolio-python-entreprise.onrender.com', port=443): Failed to resolve 'portfolio-python-entreprise.onrender.com' ([Errno 11001] getaddrinfo failed)"))
2026-09-14 12:37:35,628 - WARNING - Synchronisation différée: HTTPSConnectionPool(host='portfolio-python-entreprise.onrender.com', port=443): Max retries exceeded with url: /ventes/synchroniser (Caused by NameResolutionError("HTTPSConnection(host='portfolio-python-entreprise.onrender.com', port=443): Failed to resolve 'portfolio-python-entreprise.onrender.com' ([Errno 11001] getaddrinfo failed)"))
2026-09-14 12:38:05,638 - WARNING - Synchronisation différée: HTTPSConnectionPool(host='portfolio-python-entreprise.onrender.com', port=443): Max retries exceeded with url: /ventes/synchroniser (Caused by NameResolutionError("HTTPSConnection(host='portfolio-python-entreprise.onrender.com', port=443): Failed to resolve 'portfolio-python-entreprise.onrender.com' ([Errno 11001] getaddrinfo failed)"))
2026-09-14 12:38:35,631 - WARNING - Synchronisation différée: HTTPSConnectionPool(host='portfolio-python-entreprise.onrender.com', port=443): Max retries exceeded with url: /ventes/synchroniser (Caused by NameResolutionError("HTTPSConnection(host='portfolio-python-entreprise.onrender.com', port=443): Failed to resolve 'portfolio-python-entreprise.onrender.com' ([Errno 11001] getaddrinfo failed)"))
2026-09-14 12:39:05,633 - WARNING - Synchronisation différée: HTTPSConnectionPool(host='portfolio-python-entreprise.onrender.com', port=443): Max retries exceeded with url: /ventes/synchroniser (Caused by NameResolutionError("HTTPSConnection(host='portfolio-python-entreprise.onrender.com', port=443): Failed to resolve 'portfolio-python-entreprise.onrender.com' ([Errno 11001] getaddrinfo failed)"))
2026-09-14 12:39:35,698 - WARNING - Synchronisation différée: HTTPSConnectionPool(host='portfolio-python-entreprise.onrender.com', port=443): Max retries exceeded with url: /ventes/synchroniser (Caused by NameResolutionError("HTTPSConnection(host='portfolio-python-entreprise.onrender.com', port=443): Failed to resolve 'portfolio-python-entreprise.onrender.com' ([Errno 11001] getaddrinfo failed)"))
2026-09-14 12:40:05,644 - WARNING - Synchronisation différée: HTTPSConnectionPool(host='portfolio-python-entreprise.onrender.com', port=443): Max retries exceeded with url: /ventes/synchroniser (Caused by NameResolutionError("HTTPSConnection(host='portfolio-python-entreprise.onrender.com', port=443): Failed to resolve 'portfolio-python-entreprise.onrender.com' ([Errno 11001] getaddrinfo failed)"))
2026-09-14 12:40:35,678 - WARNING - Synchronisation différée: HTTPSConnectionPool(host='portfolio-python-entreprise.onrender.com', port=443): Max retries exceeded with url: /ventes/synchroniser (Caused by NameResolutionError("HTTPSConnection(host='portfolio-python-entreprise.onrender.com', port=443): Failed to resolve 'portfolio-python-entreprise.onrender.com' ([Errno 11001] getaddrinfo failed)"))
2026-09-14 12:41:05,663 - WARNING - Synchronisation différée: HTTPSConnectionPool(host='portfolio-python-entreprise.onrender.com', port=443): Max retries exceeded with url: /ventes/synchroniser (Caused by NameResolutionError("HTTPSConnection(host='portfolio-python-entreprise.onrender.com', port=443): Failed to resolve 'portfolio-python-entreprise.onrender.com' ([Errno 11001] getaddrinfo failed)"))
2026-09-14 12:41:35,665 - WARNING - Synchronisation différée: HTTPSConnectionPool(host='portfolio-python-entreprise.onrender.com', port=443): Max retries exceeded with url: /ventes/synchroniser (Caused by NameResolutionError("HTTPSConnection(host='portfolio-python-entreprise.onrender.com', port=443): Failed to resolve 'portfolio-python-entreprise.onrender.com' ([Errno 11001] getaddrinfo failed)"))
2026-09-14 12:42:05,746 - WARNING - Synchronisation différée: HTTPSConnectionPool(host='portfolio-python-entreprise.onrender.com', port=443): Max retries exceeded with url: /ventes/synchroniser (Caused by NameResolutionError("HTTPSConnection(host='portfolio-python-entreprise.onrender.com', port=443): Failed to resolve 'portfolio-python-entreprise.onrender.com' ([Errno 11001] getaddrinfo failed)"))
2026-09-14 12:42:35,693 - WARNING - Synchronisation différée: HTTPSConnectionPool(host='portfolio-python-entreprise.onrender.com', port=443): Max retries exceeded with url: /ventes/synchroniser (Caused by NameResolutionError("HTTPSConnection(host='portfolio-python-entreprise.onrender.com', port=443): Failed to resolve 'portfolio-python-entreprise.onrender.com' ([Errno 11001] getaddrinfo failed)"))
2026-09-14 12:43:05,702 - WARNING - Synchronisation différée: HTTPSConnectionPool(host='portfolio-python-entreprise.onrender.com', port=443): Max retries exceeded with url: /ventes/synchroniser (Caused by NameResolutionError("HTTPSConnection(host='portfolio-python-entreprise.onrender.com', port=443): Failed to resolve 'portfolio-python-entreprise.onrender.com' ([Errno 11001] getaddrinfo failed)"))
2026-09-14 12:43:35,745 - WARNING - Synchronisation différée: HTTPSConnectionPool(host='portfolio-python-entreprise.onrender.com', port=443): Max retries exceeded with url: /ventes/synchroniser (Caused by NameResolutionError("HTTPSConnection(host='portfolio-python-entreprise.onrender.com', port=443): Failed to resolve 'portfolio-python-entreprise.onrender.com' ([Errno 11001] getaddrinfo failed)"))
2026-09-14 12:44:05,689 - WARNING - Synchronisation différée: HTTPSConnectionPool(host='portfolio-python-entreprise.onrender.com', port=443): Max retries exceeded with url: /ventes/synchroniser (Caused by NameResolutionError("HTTPSConnection(host='portfolio-python-entreprise.onrender.com', port=443): Failed to resolve 'portfolio-python-entreprise.onrender.com' ([Errno 11001] getaddrinfo failed)"))
2026-09-14 12:44:35,690 - WARNING - Synchronisation différée: HTTPSConnectionPool(host='portfolio-python-entreprise.onrender.com', port=443): Max retries exceeded with url: /ventes/synchroniser (Caused by NameResolutionError("HTTPSConnection(host='portfolio-python-entreprise.onrender.com', port=443): Failed to resolve 'portfolio-python-entreprise.onrender.com' ([Errno 11001] getaddrinfo failed)"))
2026-09-14 12:45:05,692 - WARNING - Synchronisation différée: HTTPSConnectionPool(host='portfolio-python-entreprise.onrender.com', port=443): Max retries exceeded with url: /ventes/synchroniser (Caused by NameResolutionError("HTTPSConnection(host='portfolio-python-entreprise.onrender.com', port=443): Failed to resolve 'portfolio-python-entreprise.onrender.com' ([Errno 11001] getaddrinfo failed)"))
2026-09-14 12:45:35,809 - WARNING - Synchronisation différée: HTTPSConnectionPool(host='portfolio-python-entreprise.onrender.com', port=443): Max retries exceeded with url: /ventes/synchroniser (Caused by NameResolutionError("HTTPSConnection(host='portfolio-python-entreprise.onrender.com', port=443): Failed to resolve 'portfolio-python-entreprise.onrender.com' ([Errno 11001] getaddrinfo failed)"))
2026-09-14 12:46:05,795 - WARNING - Synchronisation différée: HTTPSConnectionPool(host='portfolio-python-entreprise.onrender.com', port=443): Max retries exceeded with url: /ventes/synchroniser (Caused by NameResolutionError("HTTPSConnection(host='portfolio-python-entreprise.onrender.com', port=443): Failed to resolve 'portfolio-python-entreprise.onrender.com' ([Errno 11001] getaddrinfo failed)"))
2026-09-14 12:46:35,804 - WARNING - Synchronisation différée: HTTPSConnectionPool(host='portfolio-python-entreprise.onrender.com', port=443): Max retries exceeded with url: /ventes/synchroniser (Caused by NameResolutionError("HTTPSConnection(host='portfolio-python-entreprise.onrender.com', port=443): Failed to resolve 'portfolio-python-entreprise.onrender.com' ([Errno 11001] getaddrinfo failed)"))
2026-09-14 12:47:05,731 - WARNING - Synchronisation différée: HTTPSConnectionPool(host='portfolio-python-entreprise.onrender.com', port=443): Max retries exceeded with url: /ventes/synchroniser (Caused by NameResolutionError("HTTPSConnection(host='portfolio-python-entreprise.onrender.com', port=443): Failed to resolve 'portfolio-python-entreprise.onrender.com' ([Errno 11001] getaddrinfo failed)"))
2026-09-14 12:47:35,681 - WARNING - Synchronisation différée: HTTPSConnectionPool(host='portfolio-python-entreprise.onrender.com', port=443): Max retries exceeded with url: /ventes/synchroniser (Caused by NameResolutionError("HTTPSConnection(host='portfolio-python-entreprise.onrender.com', port=443): Failed to resolve 'portfolio-python-entreprise.onrender.com' ([Errno 11001] getaddrinfo failed)"))
2026-09-14 12:48:05,700 - WARNING - Synchronisation différée: HTTPSConnectionPool(host='portfolio-python-entreprise.onrender.com', port=443): Max retries exceeded with url: /ventes/synchroniser (Caused by NameResolutionError("HTTPSConnection(host='portfolio-python-entreprise.onrender.com', port=443): Failed to resolve 'portfolio-python-entreprise.onrender.com' ([Errno 11001] getaddrinfo failed)"))
2026-09-14 12:48:35,719 - WARNING - Synchronisation différée: HTTPSConnectionPool(host='portfolio-python-entreprise.onrender.com', port=443): Max retries exceeded with url: /ventes/synchroniser (Caused by NameResolutionError("HTTPSConnection(host='portfolio-python-entreprise.onrender.com', port=443): Failed to resolve 'portfolio-python-entreprise.onrender.com' ([Errno 11001] getaddrinfo failed)"))
2026-09-14 12:49:05,719 - WARNING - Synchronisation différée: HTTPSConnectionPool(host='portfolio-python-entreprise.onrender.com', port=443): Max retries exceeded with url: /ventes/synchroniser (Caused by NameResolutionError("HTTPSConnection(host='portfolio-python-entreprise.onrender.com', port=443): Failed to resolve 'portfolio-python-entreprise.onrender.com' ([Errno 11001] getaddrinfo failed)"))
2026-09-14 12:49:35,737 - WARNING - Synchronisation différée: HTTPSConnectionPool(host='portfolio-python-entreprise.onrender.com', port=443): Max retries exceeded with url: /ventes/synchroniser (Caused by NameResolutionError("HTTPSConnection(host='portfolio-python-entreprise.onrender.com', port=443): Failed to resolve 'portfolio-python-entreprise.onrender.com' ([Errno 11001] getaddrinfo failed)"))
2026-09-14 12:50:05,773 - WARNING - Synchronisation différée: HTTPSConnectionPool(host='portfolio-python-entreprise.onrender.com', port=443): Max retries exceeded with url: /ventes/synchroniser (Caused by NameResolutionError("HTTPSConnection(host='portfolio-python-entreprise.onrender.com', port=443): Failed to resolve 'portfolio-python-entreprise.onrender.com' ([Errno 11001] getaddrinfo failed)"))
2026-09-14 12:50:35,749 - WARNING - Synchronisation différée: HTTPSConnectionPool(host='portfolio-python-entreprise.onrender.com', port=443): Max retries exceeded with url: /ventes/synchroniser (Caused by NameResolutionError("HTTPSConnection(host='portfolio-python-entreprise.onrender.com', port=443): Failed to resolve 'portfolio-python-entreprise.onrender.com' ([Errno 11001] getaddrinfo failed)"))
2026-09-14 12:51:05,750 - WARNING - Synchronisation différée: HTTPSConnectionPool(host='portfolio-python-entreprise.onrender.com', port=443): Max retries exceeded with url: /ventes/synchroniser (Caused by NameResolutionError("HTTPSConnection(host='portfolio-python-entreprise.onrender.com', port=443): Failed to resolve 'portfolio-python-entreprise.onrender.com' ([Errno 11001] getaddrinfo failed)"))
2026-09-14 12:51:35,702 - WARNING - Synchronisation différée: HTTPSConnectionPool(host='portfolio-python-entreprise.onrender.com', port=443): Max retries exceeded with url: /ventes/synchroniser (Caused by NameResolutionError("HTTPSConnection(host='portfolio-python-entreprise.onrender.com', port=443): Failed to resolve 'portfolio-python-entreprise.onrender.com' ([Errno 11001] getaddrinfo failed)"))
2026-09-14 12:52:05,712 - WARNING - Synchronisation différée: HTTPSConnectionPool(host='portfolio-python-entreprise.onrender.com', port=443): Max retries exceeded with url: /ventes/synchroniser (Caused by NameResolutionError("HTTPSConnection(host='portfolio-python-entreprise.onrender.com', port=443): Failed to resolve 'portfolio-python-entreprise.onrender.com' ([Errno 11001] getaddrinfo failed)"))
2026-09-14 12:52:35,745 - WARNING - Synchronisation différée: HTTPSConnectionPool(host='portfolio-python-entreprise.onrender.com', port=443): Max retries exceeded with url: /ventes/synchroniser (Caused by NameResolutionError("HTTPSConnection(host='portfolio-python-entreprise.onrender.com', port=443): Failed to resolve 'portfolio-python-entreprise.onrender.com' ([Errno 11001] getaddrinfo failed)"))
2026-09-14 12:53:05,771 - WARNING - Synchronisation différée: HTTPSConnectionPool(host='portfolio-python-entreprise.onrender.com', port=443): Max retries exceeded with url: /ventes/synchroniser (Caused by NameResolutionError("HTTPSConnection(host='portfolio-python-entreprise.onrender.com', port=443): Failed to resolve 'portfolio-python-entreprise.onrender.com' ([Errno 11001] getaddrinfo failed)"))
2026-09-14 12:53:35,840 - WARNING - Synchronisation différée: HTTPSConnectionPool(host='portfolio-python-entreprise.onrender.com', port=443): Max retries exceeded with url: /ventes/synchroniser (Caused by NameResolutionError("HTTPSConnection(host='portfolio-python-entreprise.onrender.com', port=443): Failed to resolve 'portfolio-python-entreprise.onrender.com' ([Errno 11001] getaddrinfo failed)"))
2026-09-14 12:54:05,768 - WARNING - Synchronisation différée: HTTPSConnectionPool(host='portfolio-python-entreprise.onrender.com', port=443): Max retries exceeded with url: /ventes/synchroniser (Caused by NameResolutionError("HTTPSConnection(host='portfolio-python-entreprise.onrender.com', port=443): Failed to resolve 'portfolio-python-entreprise.onrender.com' ([Errno 11001] getaddrinfo failed)"))
2026-09-14 12:54:35,753 - WARNING - Synchronisation différée: HTTPSConnectionPool(host='portfolio-python-entreprise.onrender.com', port=443): Max retries exceeded with url: /ventes/synchroniser (Caused by NameResolutionError("HTTPSConnection(host='portfolio-python-entreprise.onrender.com', port=443): Failed to resolve 'portfolio-python-entreprise.onrender.com' ([Errno 11001] getaddrinfo failed)"))
2026-09-14 12:55:05,787 - WARNING - Synchronisation différée: HTTPSConnectionPool(host='portfolio-python-entreprise.onrender.com', port=443): Max retries exceeded with url: /ventes/synchroniser (Caused by NameResolutionError("HTTPSConnection(host='portfolio-python-entreprise.onrender.com', port=443): Failed to resolve 'portfolio-python-entreprise.onrender.com' ([Errno 11001] getaddrinfo failed)"))
2026-09-14 12:55:35,830 - WARNING - Synchronisation différée: HTTPSConnectionPool(host='portfolio-python-entreprise.onrender.com', port=443): Max retries exceeded with url: /ventes/synchroniser (Caused by NameResolutionError("HTTPSConnection(host='portfolio-python-entreprise.onrender.com', port=443): Failed to resolve 'portfolio-python-entreprise.onrender.com' ([Errno 11001] getaddrinfo failed)"))
2026-09-14 12:56:05,737 - WARNING - Synchronisation différée: HTTPSConnectionPool(host='portfolio-python-entreprise.onrender.com', port=443): Max retries exceeded with url: /ventes/synchroniser (Caused by NameResolutionError("HTTPSConnection(host='portfolio-python-entreprise.onrender.com', port=443): Failed to resolve 'portfolio-python-entreprise.onrender.com' ([Errno 11001] getaddrinfo failed)"))
2026-09-14 12:56:35,823 - WARNING - Synchronisation différée: HTTPSConnectionPool(host='portfolio-python-entreprise.onrender.com', port=443): Max retries exceeded with url: /ventes/synchroniser (Caused by NameResolutionError("HTTPSConnection(host='portfolio-python-entreprise.onrender.com', port=443): Failed to resolve 'portfolio-python-entreprise.onrender.com' ([Errno 11001] getaddrinfo failed)"))
2026-09-14 12:57:05,860 - WARNING - Synchronisation différée: HTTPSConnectionPool(host='portfolio-python-entreprise.onrender.com', port=443): Max retries exceeded with url: /ventes/synchroniser (Caused by NameResolutionError("HTTPSConnection(host='portfolio-python-entreprise.onrender.com', port=443): Failed to resolve 'portfolio-python-entreprise.onrender.com' ([Errno 11001] getaddrinfo failed)"))
2026-09-14 12:57:35,786 - WARNING - Synchronisation différée: HTTPSConnectionPool(host='portfolio-python-entreprise.onrender.com', port=443): Max retries exceeded with url: /ventes/synchroniser (Caused by NameResolutionError("HTTPSConnection(host='portfolio-python-entreprise.onrender.com', port=443): Failed to resolve 'portfolio-python-entreprise.onrender.com' ([Errno 11001] getaddrinfo failed)"))
2026-09-14 12:58:05,795 - WARNING - Synchronisation différée: HTTPSConnectionPool(host='portfolio-python-entreprise.onrender.com', port=443): Max retries exceeded with url: /ventes/synchroniser (Caused by NameResolutionError("HTTPSConnection(host='portfolio-python-entreprise.onrender.com', port=443): Failed to resolve 'portfolio-python-entreprise.onrender.com' ([Errno 11001] getaddrinfo failed)"))
2026-09-14 12:58:35,856 - WARNING - Synchronisation différée: HTTPSConnectionPool(host='portfolio-python-entreprise.onrender.com', port=443): Max retries exceeded with url: /ventes/synchroniser (Caused by NameResolutionError("HTTPSConnection(host='portfolio-python-entreprise.onrender.com', port=443): Failed to resolve 'portfolio-python-entreprise.onrender.com' ([Errno 11001] getaddrinfo failed)"))
2026-09-14 12:59:05,790 - WARNING - Synchronisation différée: HTTPSConnectionPool(host='portfolio-python-entreprise.onrender.com', port=443): Max retries exceeded with url: /ventes/synchroniser (Caused by NameResolutionError("HTTPSConnection(host='portfolio-python-entreprise.onrender.com', port=443): Failed to resolve 'portfolio-python-entreprise.onrender.com' ([Errno 11001] getaddrinfo failed)"))
2026-09-14 12:59:35,841 - WARNING - Synchronisation différée: HTTPSConnectionPool(host='portfolio-python-entreprise.onrender.com', port=443): Max retries exceeded with url: /ventes/synchroniser (Caused by NameResolutionError("HTTPSConnection(host='portfolio-python-entreprise.onrender.com', port=443): Failed to resolve 'portfolio-python-entreprise.onrender.com' ([Errno 11001] getaddrinfo failed)"))
2026-09-14 13:00:05,810 - WARNING - Synchronisation différée: HTTPSConnectionPool(host='portfolio-python-entreprise.onrender.com', port=443): Max retries exceeded with url: /ventes/synchroniser (Caused by NameResolutionError("HTTPSConnection(host='portfolio-python-entreprise.onrender.com', port=443): Failed to resolve 'portfolio-python-entreprise.onrender.com' ([Errno 11001] getaddrinfo failed)"))
2026-09-14 13:00:35,820 - WARNING - Synchronisation différée: HTTPSConnectionPool(host='portfolio-python-entreprise.onrender.com', port=443): Max retries exceeded with url: /ventes/synchroniser (Caused by NameResolutionError("HTTPSConnection(host='portfolio-python-entreprise.onrender.com', port=443): Failed to resolve 'portfolio-python-entreprise.onrender.com' ([Errno 11001] getaddrinfo failed)"))
2026-09-14 13:01:05,813 - WARNING - Synchronisation différée: HTTPSConnectionPool(host='portfolio-python-entreprise.onrender.com', port=443): Max retries exceeded with url: /ventes/synchroniser (Caused by NameResolutionError("HTTPSConnection(host='portfolio-python-entreprise.onrender.com', port=443): Failed to resolve 'portfolio-python-entreprise.onrender.com' ([Errno 11001] getaddrinfo failed)"))
2026-09-14 13:01:35,814 - WARNING - Synchronisation différée: HTTPSConnectionPool(host='portfolio-python-entreprise.onrender.com', port=443): Max retries exceeded with url: /ventes/synchroniser (Caused by NameResolutionError("HTTPSConnection(host='portfolio-python-entreprise.onrender.com', port=443): Failed to resolve 'portfolio-python-entreprise.onrender.com' ([Errno 11001] getaddrinfo failed)"))
2026-09-14 13:02:05,882 - WARNING - Synchronisation différée: HTTPSConnectionPool(host='portfolio-python-entreprise.onrender.com', port=443): Max retries exceeded with url: /ventes/synchroniser (Caused by NameResolutionError("HTTPSConnection(host='portfolio-python-entreprise.onrender.com', port=443): Failed to resolve 'portfolio-python-entreprise.onrender.com' ([Errno 11001] getaddrinfo failed)"))
2026-09-14 13:02:35,815 - WARNING - Synchronisation différée: HTTPSConnectionPool(host='portfolio-python-entreprise.onrender.com', port=443): Max retries exceeded with url: /ventes/synchroniser (Caused by NameResolutionError("HTTPSConnection(host='portfolio-python-entreprise.onrender.com', port=443): Failed to resolve 'portfolio-python-entreprise.onrender.com' ([Errno 11001] getaddrinfo failed)"))
2026-09-14 13:03:05,807 - WARNING - Synchronisation différée: HTTPSConnectionPool(host='portfolio-python-entreprise.onrender.com', port=443): Max retries exceeded with url: /ventes/synchroniser (Caused by NameResolutionError("HTTPSConnection(host='portfolio-python-entreprise.onrender.com', port=443): Failed to resolve 'portfolio-python-entreprise.onrender.com' ([Errno 11001] getaddrinfo failed)"))
2026-09-14 13:03:35,828 - WARNING - Synchronisation différée: HTTPSConnectionPool(host='portfolio-python-entreprise.onrender.com', port=443): Max retries exceeded with url: /ventes/synchroniser (Caused by NameResolutionError("HTTPSConnection(host='portfolio-python-entreprise.onrender.com', port=443): Failed to resolve 'portfolio-python-entreprise.onrender.com' ([Errno 11001] getaddrinfo failed)"))
2026-09-14 13:04:05,822 - WARNING - Synchronisation différée: HTTPSConnectionPool(host='portfolio-python-entreprise.onrender.com', port=443): Max retries exceeded with url: /ventes/synchroniser (Caused by NameResolutionError("HTTPSConnection(host='portfolio-python-entreprise.onrender.com', port=443): Failed to resolve 'portfolio-python-entreprise.onrender.com' ([Errno 11001] getaddrinfo failed)"))
2026-09-14 13:04:35,823 - WARNING - Synchronisation différée: HTTPSConnectionPool(host='portfolio-python-entreprise.onrender.com', port=443): Max retries exceeded with url: /ventes/synchroniser (Caused by NameResolutionError("HTTPSConnection(host='portfolio-python-entreprise.onrender.com', port=443): Failed to resolve 'portfolio-python-entreprise.onrender.com' ([Errno 11001] getaddrinfo failed)"))
2026-09-14 13:05:05,824 - WARNING - Synchronisation différée: HTTPSConnectionPool(host='portfolio-python-entreprise.onrender.com', port=443): Max retries exceeded with url: /ventes/synchroniser (Caused by NameResolutionError("HTTPSConnection(host='portfolio-python-entreprise.onrender.com', port=443): Failed to resolve 'portfolio-python-entreprise.onrender.com' ([Errno 11001] getaddrinfo failed)"))
2026-09-14 13:05:35,842 - WARNING - Synchronisation différée: HTTPSConnectionPool(host='portfolio-python-entreprise.onrender.com', port=443): Max retries exceeded with url: /ventes/synchroniser (Caused by NameResolutionError("HTTPSConnection(host='portfolio-python-entreprise.onrender.com', port=443): Failed to resolve 'portfolio-python-entreprise.onrender.com' ([Errno 11001] getaddrinfo failed)"))
2026-09-14 13:06:05,844 - WARNING - Synchronisation différée: HTTPSConnectionPool(host='portfolio-python-entreprise.onrender.com', port=443): Max retries exceeded with url: /ventes/synchroniser (Caused by NameResolutionError("HTTPSConnection(host='portfolio-python-entreprise.onrender.com', port=443): Failed to resolve 'portfolio-python-entreprise.onrender.com' ([Errno 11001] getaddrinfo failed)"))
2026-09-14 13:06:35,876 - WARNING - Synchronisation différée: HTTPSConnectionPool(host='portfolio-python-entreprise.onrender.com', port=443): Max retries exceeded with url: /ventes/synchroniser (Caused by NameResolutionError("HTTPSConnection(host='portfolio-python-entreprise.onrender.com', port=443): Failed to resolve 'portfolio-python-entreprise.onrender.com' ([Errno 11001] getaddrinfo failed)"))
2026-09-14 13:07:05,938 - WARNING - Synchronisation différée: HTTPSConnectionPool(host='portfolio-python-entreprise.onrender.com', port=443): Max retries exceeded with url: /ventes/synchroniser (Caused by NameResolutionError("HTTPSConnection(host='portfolio-python-entreprise.onrender.com', port=443): Failed to resolve 'portfolio-python-entreprise.onrender.com' ([Errno 11001] getaddrinfo failed)"))
2026-09-14 13:07:35,877 - WARNING - Synchronisation différée: HTTPSConnectionPool(host='portfolio-python-entreprise.onrender.com', port=443): Max retries exceeded with url: /ventes/synchroniser (Caused by NameResolutionError("HTTPSConnection(host='portfolio-python-entreprise.onrender.com', port=443): Failed to resolve 'portfolio-python-entreprise.onrender.com' ([Errno 11001] getaddrinfo failed)"))
2026-09-14 13:08:05,841 - WARNING - Synchronisation différée: HTTPSConnectionPool(host='portfolio-python-entreprise.onrender.com', port=443): Max retries exceeded with url: /ventes/synchroniser (Caused by NameResolutionError("HTTPSConnection(host='portfolio-python-entreprise.onrender.com', port=443): Failed to resolve 'portfolio-python-entreprise.onrender.com' ([Errno 11001] getaddrinfo failed)"))
2026-09-14 13:08:35,909 - WARNING - Synchronisation différée: HTTPSConnectionPool(host='portfolio-python-entreprise.onrender.com', port=443): Max retries exceeded with url: /ventes/synchroniser (Caused by NameResolutionError("HTTPSConnection(host='portfolio-python-entreprise.onrender.com', port=443): Failed to resolve 'portfolio-python-entreprise.onrender.com' ([Errno 11001] getaddrinfo failed)"))
2026-09-14 13:09:05,878 - WARNING - Synchronisation différée: HTTPSConnectionPool(host='portfolio-python-entreprise.onrender.com', port=443): Max retries exceeded with url: /ventes/synchroniser (Caused by NameResolutionError("HTTPSConnection(host='portfolio-python-entreprise.onrender.com', port=443): Failed to resolve 'portfolio-python-entreprise.onrender.com' ([Errno 11001] getaddrinfo failed)"))
2026-09-14 13:09:35,879 - WARNING - Synchronisation différée: HTTPSConnectionPool(host='portfolio-python-entreprise.onrender.com', port=443): Max retries exceeded with url: /ventes/synchroniser (Caused by NameResolutionError("HTTPSConnection(host='portfolio-python-entreprise.onrender.com', port=443): Failed to resolve 'portfolio-python-entreprise.onrender.com' ([Errno 11001] getaddrinfo failed)"))
2026-09-14 13:10:05,864 - WARNING - Synchronisation différée: HTTPSConnectionPool(host='portfolio-python-entreprise.onrender.com', port=443): Max retries exceeded with url: /ventes/synchroniser (Caused by NameResolutionError("HTTPSConnection(host='portfolio-python-entreprise.onrender.com', port=443): Failed to resolve 'portfolio-python-entreprise.onrender.com' ([Errno 11001] getaddrinfo failed)"))
2026-09-14 13:10:35,866 - WARNING - Synchronisation différée: HTTPSConnectionPool(host='portfolio-python-entreprise.onrender.com', port=443): Max retries exceeded with url: /ventes/synchroniser (Caused by NameResolutionError("HTTPSConnection(host='portfolio-python-entreprise.onrender.com', port=443): Failed to resolve 'portfolio-python-entreprise.onrender.com' ([Errno 11001] getaddrinfo failed)"))
2026-09-14 13:11:05,900 - WARNING - Synchronisation différée: HTTPSConnectionPool(host='portfolio-python-entreprise.onrender.com', port=443): Max retries exceeded with url: /ventes/synchroniser (Caused by NameResolutionError("HTTPSConnection(host='portfolio-python-entreprise.onrender.com', port=443): Failed to resolve 'portfolio-python-entreprise.onrender.com' ([Errno 11001] getaddrinfo failed)"))
2026-09-14 13:11:35,875 - WARNING - Synchronisation différée: HTTPSConnectionPool(host='portfolio-python-entreprise.onrender.com', port=443): Max retries exceeded with url: /ventes/synchroniser (Caused by NameResolutionError("HTTPSConnection(host='portfolio-python-entreprise.onrender.com', port=443): Failed to resolve 'portfolio-python-entreprise.onrender.com' ([Errno 11001] getaddrinfo failed)"))
2026-09-14 13:12:05,903 - WARNING - Synchronisation différée: HTTPSConnectionPool(host='portfolio-python-entreprise.onrender.com', port=443): Max retries exceeded with url: /ventes/synchroniser (Caused by NameResolutionError("HTTPSConnection(host='portfolio-python-entreprise.onrender.com', port=443): Failed to resolve 'portfolio-python-entreprise.onrender.com' ([Errno 11001] getaddrinfo failed)"))
2026-09-14 13:12:35,896 - WARNING - Synchronisation différée: HTTPSConnectionPool(host='portfolio-python-entreprise.onrender.com', port=443): Max retries exceeded with url: /ventes/synchroniser (Caused by NameResolutionError("HTTPSConnection(host='portfolio-python-entreprise.onrender.com', port=443): Failed to resolve 'portfolio-python-entreprise.onrender.com' ([Errno 11001] getaddrinfo failed)"))
2026-09-14 13:13:05,873 - WARNING - Synchronisation différée: HTTPSConnectionPool(host='portfolio-python-entreprise.onrender.com', port=443): Max retries exceeded with url: /ventes/synchroniser (Caused by NameResolutionError("HTTPSConnection(host='portfolio-python-entreprise.onrender.com', port=443): Failed to resolve 'portfolio-python-entreprise.onrender.com' ([Errno 11001] getaddrinfo failed)"))
2026-09-14 13:13:35,890 - WARNING - Synchronisation différée: HTTPSConnectionPool(host='portfolio-python-entreprise.onrender.com', port=443): Max retries exceeded with url: /ventes/synchroniser (Caused by NameResolutionError("HTTPSConnection(host='portfolio-python-entreprise.onrender.com', port=443): Failed to resolve 'portfolio-python-entreprise.onrender.com' ([Errno 11001] getaddrinfo failed)"))
2026-09-14 13:14:05,900 - WARNING - Synchronisation différée: HTTPSConnectionPool(host='portfolio-python-entreprise.onrender.com', port=443): Max retries exceeded with url: /ventes/synchroniser (Caused by NameResolutionError("HTTPSConnection(host='portfolio-python-entreprise.onrender.com', port=443): Failed to resolve 'portfolio-python-entreprise.onrender.com' ([Errno 11001] getaddrinfo failed)"))
2026-09-14 13:14:35,877 - WARNING - Synchronisation différée: HTTPSConnectionPool(host='portfolio-python-entreprise.onrender.com', port=443): Max retries exceeded with url: /ventes/synchroniser (Caused by NameResolutionError("HTTPSConnection(host='portfolio-python-entreprise.onrender.com', port=443): Failed to resolve 'portfolio-python-entreprise.onrender.com' ([Errno 11001] getaddrinfo failed)"))
2026-09-14 13:15:05,935 - WARNING - Synchronisation différée: HTTPSConnectionPool(host='portfolio-python-entreprise.onrender.com', port=443): Max retries exceeded with url: /ventes/synchroniser (Caused by NameResolutionError("HTTPSConnection(host='portfolio-python-entreprise.onrender.com', port=443): Failed to resolve 'portfolio-python-entreprise.onrender.com' ([Errno 11001] getaddrinfo failed)"))
2026-09-14 13:15:35,880 - WARNING - Synchronisation différée: HTTPSConnectionPool(host='portfolio-python-entreprise.onrender.com', port=443): Max retries exceeded with url: /ventes/synchroniser (Caused by NameResolutionError("HTTPSConnection(host='portfolio-python-entreprise.onrender.com', port=443): Failed to resolve 'portfolio-python-entreprise.onrender.com' ([Errno 11001] getaddrinfo failed)"))
2026-09-14 13:16:05,955 - WARNING - Synchronisation différée: HTTPSConnectionPool(host='portfolio-python-entreprise.onrender.com', port=443): Max retries exceeded with url: /ventes/synchroniser (Caused by NameResolutionError("HTTPSConnection(host='portfolio-python-entreprise.onrender.com', port=443): Failed to resolve 'portfolio-python-entreprise.onrender.com' ([Errno 11001] getaddrinfo failed)"))
2026-09-14 13:16:35,924 - WARNING - Synchronisation différée: HTTPSConnectionPool(host='portfolio-python-entreprise.onrender.com', port=443): Max retries exceeded with url: /ventes/synchroniser (Caused by NameResolutionError("HTTPSConnection(host='portfolio-python-entreprise.onrender.com', port=443): Failed to resolve 'portfolio-python-entreprise.onrender.com' ([Errno 11001] getaddrinfo failed)"))
2026-09-14 13:17:05,907 - WARNING - Synchronisation différée: HTTPSConnectionPool(host='portfolio-python-entreprise.onrender.com', port=443): Max retries exceeded with url: /ventes/synchroniser (Caused by NameResolutionError("HTTPSConnection(host='portfolio-python-entreprise.onrender.com', port=443): Failed to resolve 'portfolio-python-entreprise.onrender.com' ([Errno 11001] getaddrinfo failed)"))
2026-09-14 13:17:35,909 - WARNING - Synchronisation différée: HTTPSConnectionPool(host='portfolio-python-entreprise.onrender.com', port=443): Max retries exceeded with url: /ventes/synchroniser (Caused by NameResolutionError("HTTPSConnection(host='portfolio-python-entreprise.onrender.com', port=443): Failed to resolve 'portfolio-python-entreprise.onrender.com' ([Errno 11001] getaddrinfo failed)"))
2026-09-14 13:18:05,920 - WARNING - Synchronisation différée: HTTPSConnectionPool(host='portfolio-python-entreprise.onrender.com', port=443): Max retries exceeded with url: /ventes/synchroniser (Caused by NameResolutionError("HTTPSConnection(host='portfolio-python-entreprise.onrender.com', port=443): Failed to resolve 'portfolio-python-entreprise.onrender.com' ([Errno 11001] getaddrinfo failed)"))
2026-09-14 13:18:35,911 - WARNING - Synchronisation différée: HTTPSConnectionPool(host='portfolio-python-entreprise.onrender.com', port=443): Max retries exceeded with url: /ventes/synchroniser (Caused by NameResolutionError("HTTPSConnection(host='portfolio-python-entreprise.onrender.com', port=443): Failed to resolve 'portfolio-python-entreprise.onrender.com' ([Errno 11001] getaddrinfo failed)"))
2026-09-14 13:19:05,897 - WARNING - Synchronisation différée: HTTPSConnectionPool(host='portfolio-python-entreprise.onrender.com', port=443): Max retries exceeded with url: /ventes/synchroniser (Caused by NameResolutionError("HTTPSConnection(host='portfolio-python-entreprise.onrender.com', port=443): Failed to resolve 'portfolio-python-entreprise.onrender.com' ([Errno 11001] getaddrinfo failed)"))
2026-09-14 13:19:35,956 - WARNING - Synchronisation différée: HTTPSConnectionPool(host='portfolio-python-entreprise.onrender.com', port=443): Max retries exceeded with url: /ventes/synchroniser (Caused by NameResolutionError("HTTPSConnection(host='portfolio-python-entreprise.onrender.com', port=443): Failed to resolve 'portfolio-python-entreprise.onrender.com' ([Errno 11001] getaddrinfo failed)"))
2026-09-14 13:20:05,909 - WARNING - Synchronisation différée: HTTPSConnectionPool(host='portfolio-python-entreprise.onrender.com', port=443): Max retries exceeded with url: /ventes/synchroniser (Caused by NameResolutionError("HTTPSConnection(host='portfolio-python-entreprise.onrender.com', port=443): Failed to resolve 'portfolio-python-entreprise.onrender.com' ([Errno 11001] getaddrinfo failed)"))
2026-09-14 13:20:35,929 - WARNING - Synchronisation différée: HTTPSConnectionPool(host='portfolio-python-entreprise.onrender.com', port=443): Max retries exceeded with url: /ventes/synchroniser (Caused by NameResolutionError("HTTPSConnection(host='portfolio-python-entreprise.onrender.com', port=443): Failed to resolve 'portfolio-python-entreprise.onrender.com' ([Errno 11001] getaddrinfo failed)"))
2026-09-14 13:21:05,946 - WARNING - Synchronisation différée: HTTPSConnectionPool(host='portfolio-python-entreprise.onrender.com', port=443): Max retries exceeded with url: /ventes/synchroniser (Caused by NameResolutionError("HTTPSConnection(host='portfolio-python-entreprise.onrender.com', port=443): Failed to resolve 'portfolio-python-entreprise.onrender.com' ([Errno 11001] getaddrinfo failed)"))
2026-09-14 13:21:35,964 - WARNING - Synchronisation différée: HTTPSConnectionPool(host='portfolio-python-entreprise.onrender.com', port=443): Max retries exceeded with url: /ventes/synchroniser (Caused by NameResolutionError("HTTPSConnection(host='portfolio-python-entreprise.onrender.com', port=443): Failed to resolve 'portfolio-python-entreprise.onrender.com' ([Errno 11001] getaddrinfo failed)"))
2026-09-14 13:22:05,938 - WARNING - Synchronisation différée: HTTPSConnectionPool(host='portfolio-python-entreprise.onrender.com', port=443): Max retries exceeded with url: /ventes/synchroniser (Caused by NameResolutionError("HTTPSConnection(host='portfolio-python-entreprise.onrender.com', port=443): Failed to resolve 'portfolio-python-entreprise.onrender.com' ([Errno 11001] getaddrinfo failed)"))
2026-09-14 13:22:35,983 - WARNING - Synchronisation différée: HTTPSConnectionPool(host='portfolio-python-entreprise.onrender.com', port=443): Max retries exceeded with url: /ventes/synchroniser (Caused by NameResolutionError("HTTPSConnection(host='portfolio-python-entreprise.onrender.com', port=443): Failed to resolve 'portfolio-python-entreprise.onrender.com' ([Errno 11001] getaddrinfo failed)"))
2026-09-14 13:23:05,993 - WARNING - Synchronisation différée: HTTPSConnectionPool(host='portfolio-python-entreprise.onrender.com', port=443): Max retries exceeded with url: /ventes/synchroniser (Caused by NameResolutionError("HTTPSConnection(host='portfolio-python-entreprise.onrender.com', port=443): Failed to resolve 'portfolio-python-entreprise.onrender.com' ([Errno 11001] getaddrinfo failed)"))
2026-09-14 13:23:36,037 - WARNING - Synchronisation différée: HTTPSConnectionPool(host='portfolio-python-entreprise.onrender.com', port=443): Max retries exceeded with url: /ventes/synchroniser (Caused by NameResolutionError("HTTPSConnection(host='portfolio-python-entreprise.onrender.com', port=443): Failed to resolve 'portfolio-python-entreprise.onrender.com' ([Errno 11001] getaddrinfo failed)"))
2026-09-14 13:24:05,972 - WARNING - Synchronisation différée: HTTPSConnectionPool(host='portfolio-python-entreprise.onrender.com', port=443): Max retries exceeded with url: /ventes/synchroniser (Caused by NameResolutionError("HTTPSConnection(host='portfolio-python-entreprise.onrender.com', port=443): Failed to resolve 'portfolio-python-entreprise.onrender.com' ([Errno 11001] getaddrinfo failed)"))
2026-09-14 13:24:35,989 - WARNING - Synchronisation différée: HTTPSConnectionPool(host='portfolio-python-entreprise.onrender.com', port=443): Max retries exceeded with url: /ventes/synchroniser (Caused by NameResolutionError("HTTPSConnection(host='portfolio-python-entreprise.onrender.com', port=443): Failed to resolve 'portfolio-python-entreprise.onrender.com' ([Errno 11001] getaddrinfo failed)"))
2026-09-14 13:25:05,980 - WARNING - Synchronisation différée: HTTPSConnectionPool(host='portfolio-python-entreprise.onrender.com', port=443): Max retries exceeded with url: /ventes/synchroniser (Caused by NameResolutionError("HTTPSConnection(host='portfolio-python-entreprise.onrender.com', port=443): Failed to resolve 'portfolio-python-entreprise.onrender.com' ([Errno 11001] getaddrinfo failed)"))
2026-09-14 13:25:36,006 - WARNING - Synchronisation différée: HTTPSConnectionPool(host='portfolio-python-entreprise.onrender.com', port=443): Max retries exceeded with url: /ventes/synchroniser (Caused by NameResolutionError("HTTPSConnection(host='portfolio-python-entreprise.onrender.com', port=443): Failed to resolve 'portfolio-python-entreprise.onrender.com' ([Errno 11001] getaddrinfo failed)"))
2026-09-14 13:26:06,018 - WARNING - Synchronisation différée: HTTPSConnectionPool(host='portfolio-python-entreprise.onrender.com', port=443): Max retries exceeded with url: /ventes/synchroniser (Caused by NameResolutionError("HTTPSConnection(host='portfolio-python-entreprise.onrender.com', port=443): Failed to resolve 'portfolio-python-entreprise.onrender.com' ([Errno 11001] getaddrinfo failed)"))
2026-09-14 13:26:36,004 - WARNING - Synchronisation différée: HTTPSConnectionPool(host='portfolio-python-entreprise.onrender.com', port=443): Max retries exceeded with url: /ventes/synchroniser (Caused by NameResolutionError("HTTPSConnection(host='portfolio-python-entreprise.onrender.com', port=443): Failed to resolve 'portfolio-python-entreprise.onrender.com' ([Errno 11001] getaddrinfo failed)"))
2026-09-14 13:27:06,005 - WARNING - Synchronisation différée: HTTPSConnectionPool(host='portfolio-python-entreprise.onrender.com', port=443): Max retries exceeded with url: /ventes/synchroniser (Caused by NameResolutionError("HTTPSConnection(host='portfolio-python-entreprise.onrender.com', port=443): Failed to resolve 'portfolio-python-entreprise.onrender.com' ([Errno 11001] getaddrinfo failed)"))
2026-09-14 13:27:36,024 - WARNING - Synchronisation différée: HTTPSConnectionPool(host='portfolio-python-entreprise.onrender.com', port=443): Max retries exceeded with url: /ventes/synchroniser (Caused by NameResolutionError("HTTPSConnection(host='portfolio-python-entreprise.onrender.com', port=443): Failed to resolve 'portfolio-python-entreprise.onrender.com' ([Errno 11001] getaddrinfo failed)"))
2026-09-14 13:28:06,024 - WARNING - Synchronisation différée: HTTPSConnectionPool(host='portfolio-python-entreprise.onrender.com', port=443): Max retries exceeded with url: /ventes/synchroniser (Caused by NameResolutionError("HTTPSConnection(host='portfolio-python-entreprise.onrender.com', port=443): Failed to resolve 'portfolio-python-entreprise.onrender.com' ([Errno 11001] getaddrinfo failed)"))
2026-09-14 13:28:36,076 - WARNING - Synchronisation différée: HTTPSConnectionPool(host='portfolio-python-entreprise.onrender.com', port=443): Max retries exceeded with url: /ventes/synchroniser (Caused by NameResolutionError("HTTPSConnection(host='portfolio-python-entreprise.onrender.com', port=443): Failed to resolve 'portfolio-python-entreprise.onrender.com' ([Errno 11001] getaddrinfo failed)"))
2026-09-14 13:29:06,024 - WARNING - Synchronisation différée: HTTPSConnectionPool(host='portfolio-python-entreprise.onrender.com', port=443): Max retries exceeded with url: /ventes/synchroniser (Caused by NameResolutionError("HTTPSConnection(host='portfolio-python-entreprise.onrender.com', port=443): Failed to resolve 'portfolio-python-entreprise.onrender.com' ([Errno 11001] getaddrinfo failed)"))
2026-09-14 13:29:36,028 - WARNING - Synchronisation différée: HTTPSConnectionPool(host='portfolio-python-entreprise.onrender.com', port=443): Max retries exceeded with url: /ventes/synchroniser (Caused by NameResolutionError("HTTPSConnection(host='portfolio-python-entreprise.onrender.com', port=443): Failed to resolve 'portfolio-python-entreprise.onrender.com' ([Errno 11001] getaddrinfo failed)"))
2026-09-14 13:30:06,095 - WARNING - Synchronisation différée: HTTPSConnectionPool(host='portfolio-python-entreprise.onrender.com', port=443): Max retries exceeded with url: /ventes/synchroniser (Caused by NameResolutionError("HTTPSConnection(host='portfolio-python-entreprise.onrender.com', port=443): Failed to resolve 'portfolio-python-entreprise.onrender.com' ([Errno 11001] getaddrinfo failed)"))
2026-09-14 13:30:36,081 - WARNING - Synchronisation différée: HTTPSConnectionPool(host='portfolio-python-entreprise.onrender.com', port=443): Max retries exceeded with url: /ventes/synchroniser (Caused by NameResolutionError("HTTPSConnection(host='portfolio-python-entreprise.onrender.com', port=443): Failed to resolve 'portfolio-python-entreprise.onrender.com' ([Errno 11001] getaddrinfo failed)"))
2026-09-14 13:31:06,100 - WARNING - Synchronisation différée: HTTPSConnectionPool(host='portfolio-python-entreprise.onrender.com', port=443): Max retries exceeded with url: /ventes/synchroniser (Caused by NameResolutionError("HTTPSConnection(host='portfolio-python-entreprise.onrender.com', port=443): Failed to resolve 'portfolio-python-entreprise.onrender.com' ([Errno 11001] getaddrinfo failed)"))
2026-09-14 13:31:36,135 - WARNING - Synchronisation différée: HTTPSConnectionPool(host='portfolio-python-entreprise.onrender.com', port=443): Max retries exceeded with url: /ventes/synchroniser (Caused by NameResolutionError("HTTPSConnection(host='portfolio-python-entreprise.onrender.com', port=443): Failed to resolve 'portfolio-python-entreprise.onrender.com' ([Errno 11001] getaddrinfo failed)"))
2026-09-14 13:32:06,061 - WARNING - Synchronisation différée: HTTPSConnectionPool(host='portfolio-python-entreprise.onrender.com', port=443): Max retries exceeded with url: /ventes/synchroniser (Caused by NameResolutionError("HTTPSConnection(host='portfolio-python-entreprise.onrender.com', port=443): Failed to resolve 'portfolio-python-entreprise.onrender.com' ([Errno 11001] getaddrinfo failed)"))
2026-09-14 13:32:36,095 - WARNING - Synchronisation différée: HTTPSConnectionPool(host='portfolio-python-entreprise.onrender.com', port=443): Max retries exceeded with url: /ventes/synchroniser (Caused by NameResolutionError("HTTPSConnection(host='portfolio-python-entreprise.onrender.com', port=443): Failed to resolve 'portfolio-python-entreprise.onrender.com' ([Errno 11001] getaddrinfo failed)"))
2026-09-14 13:33:06,061 - WARNING - Synchronisation différée: HTTPSConnectionPool(host='portfolio-python-entreprise.onrender.com', port=443): Max retries exceeded with url: /ventes/synchroniser (Caused by NameResolutionError("HTTPSConnection(host='portfolio-python-entreprise.onrender.com', port=443): Failed to resolve 'portfolio-python-entreprise.onrender.com' ([Errno 11001] getaddrinfo failed)"))
2026-09-14 13:33:36,082 - WARNING - Synchronisation différée: HTTPSConnectionPool(host='portfolio-python-entreprise.onrender.com', port=443): Max retries exceeded with url: /ventes/synchroniser (Caused by NameResolutionError("HTTPSConnection(host='portfolio-python-entreprise.onrender.com', port=443): Failed to resolve 'portfolio-python-entreprise.onrender.com' ([Errno 11001] getaddrinfo failed)"))
2026-09-14 13:34:06,101 - WARNING - Synchronisation différée: HTTPSConnectionPool(host='portfolio-python-entreprise.onrender.com', port=443): Max retries exceeded with url: /ventes/synchroniser (Caused by NameResolutionError("HTTPSConnection(host='portfolio-python-entreprise.onrender.com', port=443): Failed to resolve 'portfolio-python-entreprise.onrender.com' ([Errno 11001] getaddrinfo failed)"))
2026-09-14 13:34:36,109 - WARNING - Synchronisation différée: HTTPSConnectionPool(host='portfolio-python-entreprise.onrender.com', port=443): Max retries exceeded with url: /ventes/synchroniser (Caused by NameResolutionError("HTTPSConnection(host='portfolio-python-entreprise.onrender.com', port=443): Failed to resolve 'portfolio-python-entreprise.onrender.com' ([Errno 11001] getaddrinfo failed)"))
2026-09-14 13:35:06,077 - WARNING - Synchronisation différée: HTTPSConnectionPool(host='portfolio-python-entreprise.onrender.com', port=443): Max retries exceeded with url: /ventes/synchroniser (Caused by NameResolutionError("HTTPSConnection(host='portfolio-python-entreprise.onrender.com', port=443): Failed to resolve 'portfolio-python-entreprise.onrender.com' ([Errno 11001] getaddrinfo failed)"))
2026-09-14 13:35:36,088 - WARNING - Synchronisation différée: HTTPSConnectionPool(host='portfolio-python-entreprise.onrender.com', port=443): Max retries exceeded with url: /ventes/synchroniser (Caused by NameResolutionError("HTTPSConnection(host='portfolio-python-entreprise.onrender.com', port=443): Failed to resolve 'portfolio-python-entreprise.onrender.com' ([Errno 11001] getaddrinfo failed)"))
2026-09-14 13:36:06,114 - WARNING - Synchronisation différée: HTTPSConnectionPool(host='portfolio-python-entreprise.onrender.com', port=443): Max retries exceeded with url: /ventes/synchroniser (Caused by NameResolutionError("HTTPSConnection(host='portfolio-python-entreprise.onrender.com', port=443): Failed to resolve 'portfolio-python-entreprise.onrender.com' ([Errno 11001] getaddrinfo failed)"))
2026-09-14 13:36:36,157 - WARNING - Synchronisation différée: HTTPSConnectionPool(host='portfolio-python-entreprise.onrender.com', port=443): Max retries exceeded with url: /ventes/synchroniser (Caused by NameResolutionError("HTTPSConnection(host='portfolio-python-entreprise.onrender.com', port=443): Failed to resolve 'portfolio-python-entreprise.onrender.com' ([Errno 11001] getaddrinfo failed)"))
2026-09-14 13:37:06,160 - WARNING - Synchronisation différée: HTTPSConnectionPool(host='portfolio-python-entreprise.onrender.com', port=443): Max retries exceeded with url: /ventes/synchroniser (Caused by NameResolutionError("HTTPSConnection(host='portfolio-python-entreprise.onrender.com', port=443): Failed to resolve 'portfolio-python-entreprise.onrender.com' ([Errno 11001] getaddrinfo failed)"))
2026-09-14 13:37:36,210 - WARNING - Synchronisation différée: HTTPSConnectionPool(host='portfolio-python-entreprise.onrender.com', port=443): Max retries exceeded with url: /ventes/synchroniser (Caused by NameResolutionError("HTTPSConnection(host='portfolio-python-entreprise.onrender.com', port=443): Failed to resolve 'portfolio-python-entreprise.onrender.com' ([Errno 11001] getaddrinfo failed)"))
2026-09-14 13:38:06,174 - WARNING - Synchronisation différée: HTTPSConnectionPool(host='portfolio-python-entreprise.onrender.com', port=443): Max retries exceeded with url: /ventes/synchroniser (Caused by NameResolutionError("HTTPSConnection(host='portfolio-python-entreprise.onrender.com', port=443): Failed to resolve 'portfolio-python-entreprise.onrender.com' ([Errno 11001] getaddrinfo failed)"))
2026-09-14 13:38:36,121 - WARNING - Synchronisation différée: HTTPSConnectionPool(host='portfolio-python-entreprise.onrender.com', port=443): Max retries exceeded with url: /ventes/synchroniser (Caused by NameResolutionError("HTTPSConnection(host='portfolio-python-entreprise.onrender.com', port=443): Failed to resolve 'portfolio-python-entreprise.onrender.com' ([Errno 11001] getaddrinfo failed)"))
2026-09-14 13:39:06,131 - WARNING - Synchronisation différée: HTTPSConnectionPool(host='portfolio-python-entreprise.onrender.com', port=443): Max retries exceeded with url: /ventes/synchroniser (Caused by NameResolutionError("HTTPSConnection(host='portfolio-python-entreprise.onrender.com', port=443): Failed to resolve 'portfolio-python-entreprise.onrender.com' ([Errno 11001] getaddrinfo failed)"))
2026-09-14 13:39:36,133 - WARNING - Synchronisation différée: HTTPSConnectionPool(host='portfolio-python-entreprise.onrender.com', port=443): Max retries exceeded with url: /ventes/synchroniser (Caused by NameResolutionError("HTTPSConnection(host='portfolio-python-entreprise.onrender.com', port=443): Failed to resolve 'portfolio-python-entreprise.onrender.com' ([Errno 11001] getaddrinfo failed)"))
2026-09-14 13:40:06,200 - WARNING - Synchronisation différée: HTTPSConnectionPool(host='portfolio-python-entreprise.onrender.com', port=443): Max retries exceeded with url: /ventes/synchroniser (Caused by NameResolutionError("HTTPSConnection(host='portfolio-python-entreprise.onrender.com', port=443): Failed to resolve 'portfolio-python-entreprise.onrender.com' ([Errno 11001] getaddrinfo failed)"))
2026-09-14 13:40:36,160 - WARNING - Synchronisation différée: HTTPSConnectionPool(host='portfolio-python-entreprise.onrender.com', port=443): Max retries exceeded with url: /ventes/synchroniser (Caused by NameResolutionError("HTTPSConnection(host='portfolio-python-entreprise.onrender.com', port=443): Failed to resolve 'portfolio-python-entreprise.onrender.com' ([Errno 11001] getaddrinfo failed)"))
2026-09-14 13:41:06,206 - WARNING - Synchronisation différée: HTTPSConnectionPool(host='portfolio-python-entreprise.onrender.com', port=443): Max retries exceeded with url: /ventes/synchroniser (Caused by NameResolutionError("HTTPSConnection(host='portfolio-python-entreprise.onrender.com', port=443): Failed to resolve 'portfolio-python-entreprise.onrender.com' ([Errno 11001] getaddrinfo failed)"))
2026-09-14 13:41:36,171 - WARNING - Synchronisation différée: HTTPSConnectionPool(host='portfolio-python-entreprise.onrender.com', port=443): Max retries exceeded with url: /ventes/synchroniser (Caused by NameResolutionError("HTTPSConnection(host='portfolio-python-entreprise.onrender.com', port=443): Failed to resolve 'portfolio-python-entreprise.onrender.com' ([Errno 11001] getaddrinfo failed)"))
2026-09-14 13:42:06,113 - WARNING - Synchronisation différée: HTTPSConnectionPool(host='portfolio-python-entreprise.onrender.com', port=443): Max retries exceeded with url: /ventes/synchroniser (Caused by NameResolutionError("HTTPSConnection(host='portfolio-python-entreprise.onrender.com', port=443): Failed to resolve 'portfolio-python-entreprise.onrender.com' ([Errno 11001] getaddrinfo failed)"))
2026-09-14 13:42:36,142 - WARNING - Synchronisation différée: HTTPSConnectionPool(host='portfolio-python-entreprise.onrender.com', port=443): Max retries exceeded with url: /ventes/synchroniser (Caused by NameResolutionError("HTTPSConnection(host='portfolio-python-entreprise.onrender.com', port=443): Failed to resolve 'portfolio-python-entreprise.onrender.com' ([Errno 11001] getaddrinfo failed)"))
2026-09-14 13:43:06,142 - WARNING - Synchronisation différée: HTTPSConnectionPool(host='portfolio-python-entreprise.onrender.com', port=443): Max retries exceeded with url: /ventes/synchroniser (Caused by NameResolutionError("HTTPSConnection(host='portfolio-python-entreprise.onrender.com', port=443): Failed to resolve 'portfolio-python-entreprise.onrender.com' ([Errno 11001] getaddrinfo failed)"))
2026-09-14 13:43:36,178 - WARNING - Synchronisation différée: HTTPSConnectionPool(host='portfolio-python-entreprise.onrender.com', port=443): Max retries exceeded with url: /ventes/synchroniser (Caused by NameResolutionError("HTTPSConnection(host='portfolio-python-entreprise.onrender.com', port=443): Failed to resolve 'portfolio-python-entreprise.onrender.com' ([Errno 11001] getaddrinfo failed)"))
2026-09-14 13:44:06,154 - WARNING - Synchronisation différée: HTTPSConnectionPool(host='portfolio-python-entreprise.onrender.com', port=443): Max retries exceeded with url: /ventes/synchroniser (Caused by NameResolutionError("HTTPSConnection(host='portfolio-python-entreprise.onrender.com', port=443): Failed to resolve 'portfolio-python-entreprise.onrender.com' ([Errno 11001] getaddrinfo failed)"))
2026-09-14 13:44:36,178 - WARNING - Synchronisation différée: HTTPSConnectionPool(host='portfolio-python-entreprise.onrender.com', port=443): Max retries exceeded with url: /ventes/synchroniser (Caused by NameResolutionError("HTTPSConnection(host='portfolio-python-entreprise.onrender.com', port=443): Failed to resolve 'portfolio-python-entreprise.onrender.com' ([Errno 11001] getaddrinfo failed)"))
2026-09-14 13:45:06,182 - WARNING - Synchronisation différée: HTTPSConnectionPool(host='portfolio-python-entreprise.onrender.com', port=443): Max retries exceeded with url: /ventes/synchroniser (Caused by NameResolutionError("HTTPSConnection(host='portfolio-python-entreprise.onrender.com', port=443): Failed to resolve 'portfolio-python-entreprise.onrender.com' ([Errno 11001] getaddrinfo failed)"))
2026-09-14 13:45:36,208 - WARNING - Synchronisation différée: HTTPSConnectionPool(host='portfolio-python-entreprise.onrender.com', port=443): Max retries exceeded with url: /ventes/synchroniser (Caused by NameResolutionError("HTTPSConnection(host='portfolio-python-entreprise.onrender.com', port=443): Failed to resolve 'portfolio-python-entreprise.onrender.com' ([Errno 11001] getaddrinfo failed)"))
2026-09-14 13:46:06,226 - WARNING - Synchronisation différée: HTTPSConnectionPool(host='portfolio-python-entreprise.onrender.com', port=443): Max retries exceeded with url: /ventes/synchroniser (Caused by NameResolutionError("HTTPSConnection(host='portfolio-python-entreprise.onrender.com', port=443): Failed to resolve 'portfolio-python-entreprise.onrender.com' ([Errno 11001] getaddrinfo failed)"))
2026-09-14 13:46:36,185 - WARNING - Synchronisation différée: HTTPSConnectionPool(host='portfolio-python-entreprise.onrender.com', port=443): Max retries exceeded with url: /ventes/synchroniser (Caused by NameResolutionError("HTTPSConnection(host='portfolio-python-entreprise.onrender.com', port=443): Failed to resolve 'portfolio-python-entreprise.onrender.com' ([Errno 11001] getaddrinfo failed)"))
2026-09-14 13:47:06,219 - WARNING - Synchronisation différée: HTTPSConnectionPool(host='portfolio-python-entreprise.onrender.com', port=443): Max retries exceeded with url: /ventes/synchroniser (Caused by NameResolutionError("HTTPSConnection(host='portfolio-python-entreprise.onrender.com', port=443): Failed to resolve 'portfolio-python-entreprise.onrender.com' ([Errno 11001] getaddrinfo failed)"))
2026-09-14 13:47:36,367 - WARNING - Synchronisation différée: HTTPSConnectionPool(host='portfolio-python-entreprise.onrender.com', port=443): Max retries exceeded with url: /ventes/synchroniser (Caused by NameResolutionError("HTTPSConnection(host='portfolio-python-entreprise.onrender.com', port=443): Failed to resolve 'portfolio-python-entreprise.onrender.com' ([Errno 11001] getaddrinfo failed)"))
2026-09-14 13:48:06,702 - WARNING - Synchronisation différée: HTTPSConnectionPool(host='portfolio-python-entreprise.onrender.com', port=443): Max retries exceeded with url: /ventes/synchroniser (Caused by NameResolutionError("HTTPSConnection(host='portfolio-python-entreprise.onrender.com', port=443): Failed to resolve 'portfolio-python-entreprise.onrender.com' ([Errno 11001] getaddrinfo failed)"))
2026-09-14 13:48:47,655 - WARNING - Synchronisation différée: HTTPSConnectionPool(host='portfolio-python-entreprise.onrender.com', port=443): Read timed out. (read timeout=8)
2026-09-14 13:49:12,224 - WARNING - Synchronisation différée: 401 Client Error: Unauthorized for url: https://portfolio-python-entreprise.onrender.com/ventes/synchroniser
2026-09-14 13:49:38,334 - WARNING - Synchronisation différée: 401 Client Error: Unauthorized for url: https://portfolio-python-entreprise.onrender.com/ventes/synchroniser
2026-09-14 13:50:10,744 - WARNING - Synchronisation différée: 401 Client Error: Unauthorized for url: https://portfolio-python-entreprise.onrender.com/ventes/synchroniser
2026-09-14 13:50:47,588 - WARNING - Synchronisation différée: 401 Client Error: Unauthorized for url: https://portfolio-python-entreprise.onrender.com/ventes/synchroniser
2026-09-14 13:51:09,989 - WARNING - Synchronisation différée: 401 Client Error: Unauthorized for url: https://portfolio-python-entreprise.onrender.com/ventes/synchroniser
2026-09-14 13:51:38,174 - WARNING - Synchronisation différée: 401 Client Error: Unauthorized for url: https://portfolio-python-entreprise.onrender.com/ventes/synchroniser
2026-09-14 13:52:09,541 - WARNING - Synchronisation différée: 401 Client Error: Unauthorized for url: https://portfolio-python-entreprise.onrender.com/ventes/synchroniser
2026-09-14 13:52:37,594 - WARNING - Synchronisation différée: 401 Client Error: Unauthorized for url: https://portfolio-python-entreprise.onrender.com/ventes/synchroniser
2026-09-14 13:53:10,854 - WARNING - Synchronisation différée: 401 Client Error: Unauthorized for url: https://portfolio-python-entreprise.onrender.com/ventes/synchroniser
2026-09-14 13:53:39,515 - WARNING - Synchronisation différée: 401 Client Error: Unauthorized for url: https://portfolio-python-entreprise.onrender.com/ventes/synchroniser
2026-09-14 13:54:14,493 - WARNING - Synchronisation différée: HTTPSConnectionPool(host='portfolio-python-entreprise.onrender.com', port=443): Max retries exceeded with url: /ventes/synchroniser (Caused by NewConnectionError("HTTPSConnection(host='portfolio-python-entreprise.onrender.com', port=443): Failed to establish a new connection: [WinError 10065] Une opération a été tentée sur un hôte impossible à atteindre"))
2026-09-14 13:54:36,334 - WARNING - Synchronisation différée: HTTPSConnectionPool(host='portfolio-python-entreprise.onrender.com', port=443): Max retries exceeded with url: /ventes/synchroniser (Caused by NameResolutionError("HTTPSConnection(host='portfolio-python-entreprise.onrender.com', port=443): Failed to resolve 'portfolio-python-entreprise.onrender.com' ([Errno 11001] getaddrinfo failed)"))
2026-09-14 13:55:08,541 - WARNING - Synchronisation différée: 401 Client Error: Unauthorized for url: https://portfolio-python-entreprise.onrender.com/ventes/synchroniser
2026-09-14 13:55:37,962 - WARNING - Synchronisation différée: 401 Client Error: Unauthorized for url: https://portfolio-python-entreprise.onrender.com/ventes/synchroniser
2026-09-14 13:56:07,705 - WARNING - Synchronisation différée: 401 Client Error: Unauthorized for url: https://portfolio-python-entreprise.onrender.com/ventes/synchroniser
2026-09-14 13:56:40,088 - WARNING - Synchronisation différée: 401 Client Error: Unauthorized for url: https://portfolio-python-entreprise.onrender.com/ventes/synchroniser
2026-09-14 13:57:08,323 - WARNING - Synchronisation différée: 401 Client Error: Unauthorized for url: https://portfolio-python-entreprise.onrender.com/ventes/synchroniser
2026-09-14 13:57:37,924 - WARNING - Synchronisation différée: 401 Client Error: Unauthorized for url: https://portfolio-python-entreprise.onrender.com/ventes/synchroniser
2026-09-14 13:58:07,851 - WARNING - Synchronisation différée: 401 Client Error: Unauthorized for url: https://portfolio-python-entreprise.onrender.com/ventes/synchroniser
2026-09-14 13:58:37,737 - WARNING - Synchronisation différée: 401 Client Error: Unauthorized for url: https://portfolio-python-entreprise.onrender.com/ventes/synchroniser
2026-09-14 13:59:07,678 - WARNING - Synchronisation différée: 401 Client Error: Unauthorized for url: https://portfolio-python-entreprise.onrender.com/ventes/synchroniser
2026-09-14 13:59:38,196 - WARNING - Synchronisation différée: 401 Client Error: Unauthorized for url: https://portfolio-python-entreprise.onrender.com/ventes/synchroniser
2026-09-14 14:00:07,815 - WARNING - Synchronisation différée: 401 Client Error: Unauthorized for url: https://portfolio-python-entreprise.onrender.com/ventes/synchroniser
2026-09-14 14:00:37,649 - WARNING - Synchronisation différée: 401 Client Error: Unauthorized for url: https://portfolio-python-entreprise.onrender.com/ventes/synchroniser
2026-09-14 14:01:07,642 - WARNING - Synchronisation différée: 401 Client Error: Unauthorized for url: https://portfolio-python-entreprise.onrender.com/ventes/synchroniser
2026-09-14 14:01:37,943 - WARNING - Synchronisation différée: 401 Client Error: Unauthorized for url: https://portfolio-python-entreprise.onrender.com/ventes/synchroniser
2026-09-14 14:02:07,921 - WARNING - Synchronisation différée: 401 Client Error: Unauthorized for url: https://portfolio-python-entreprise.onrender.com/ventes/synchroniser
2026-09-14 14:02:40,700 - WARNING - Synchronisation différée: 401 Client Error: Unauthorized for url: https://portfolio-python-entreprise.onrender.com/ventes/synchroniser
2026-09-14 14:03:07,842 - WARNING - Synchronisation différée: 401 Client Error: Unauthorized for url: https://portfolio-python-entreprise.onrender.com/ventes/synchroniser
2026-09-14 14:03:38,300 - WARNING - Synchronisation différée: 401 Client Error: Unauthorized for url: https://portfolio-python-entreprise.onrender.com/ventes/synchroniser
2026-09-14 14:04:07,869 - WARNING - Synchronisation différée: 401 Client Error: Unauthorized for url: https://portfolio-python-entreprise.onrender.com/ventes/synchroniser
2026-09-14 14:04:37,871 - WARNING - Synchronisation différée: 401 Client Error: Unauthorized for url: https://portfolio-python-entreprise.onrender.com/ventes/synchroniser
2026-09-14 14:05:08,303 - WARNING - Synchronisation différée: 401 Client Error: Unauthorized for url: https://portfolio-python-entreprise.onrender.com/ventes/synchroniser
2026-09-14 14:05:37,930 - WARNING - Synchronisation différée: 401 Client Error: Unauthorized for url: https://portfolio-python-entreprise.onrender.com/ventes/synchroniser
2026-09-14 14:06:08,017 - WARNING - Synchronisation différée: 401 Client Error: Unauthorized for url: https://portfolio-python-entreprise.onrender.com/ventes/synchroniser
2026-09-14 14:06:38,165 - WARNING - Synchronisation différée: 401 Client Error: Unauthorized for url: https://portfolio-python-entreprise.onrender.com/ventes/synchroniser
2026-09-14 14:07:08,047 - WARNING - Synchronisation différée: 401 Client Error: Unauthorized for url: https://portfolio-python-entreprise.onrender.com/ventes/synchroniser
2026-09-14 14:07:38,218 - WARNING - Synchronisation différée: 401 Client Error: Unauthorized for url: https://portfolio-python-entreprise.onrender.com/ventes/synchroniser
2026-09-14 14:08:07,961 - WARNING - Synchronisation différée: 401 Client Error: Unauthorized for url: https://portfolio-python-entreprise.onrender.com/ventes/synchroniser
2026-09-14 14:08:37,980 - WARNING - Synchronisation différée: 401 Client Error: Unauthorized for url: https://portfolio-python-entreprise.onrender.com/ventes/synchroniser
2026-09-14 14:09:08,031 - WARNING - Synchronisation différée: 401 Client Error: Unauthorized for url: https://portfolio-python-entreprise.onrender.com/ventes/synchroniser
2026-09-14 14:09:37,959 - WARNING - Synchronisation différée: 401 Client Error: Unauthorized for url: https://portfolio-python-entreprise.onrender.com/ventes/synchroniser
2026-09-14 14:10:08,717 - WARNING - Synchronisation différée: 401 Client Error: Unauthorized for url: https://portfolio-python-entreprise.onrender.com/ventes/synchroniser
2026-09-14 14:10:38,481 - WARNING - Synchronisation différée: 401 Client Error: Unauthorized for url: https://portfolio-python-entreprise.onrender.com/ventes/synchroniser
2026-09-14 14:11:07,937 - WARNING - Synchronisation différée: 401 Client Error: Unauthorized for url: https://portfolio-python-entreprise.onrender.com/ventes/synchroniser
2026-09-14 14:11:39,117 - WARNING - Synchronisation différée: 401 Client Error: Unauthorized for url: https://portfolio-python-entreprise.onrender.com/ventes/synchroniser
2026-09-14 14:12:08,850 - WARNING - Synchronisation différée: 401 Client Error: Unauthorized for url: https://portfolio-python-entreprise.onrender.com/ventes/synchroniser
2026-09-14 14:12:38,067 - WARNING - Synchronisation différée: 401 Client Error: Unauthorized for url: https://portfolio-python-entreprise.onrender.com/ventes/synchroniser
2026-09-14 14:13:07,909 - WARNING - Synchronisation différée: 401 Client Error: Unauthorized for url: https://portfolio-python-entreprise.onrender.com/ventes/synchroniser
2026-09-14 14:13:38,579 - WARNING - Synchronisation différée: 401 Client Error: Unauthorized for url: https://portfolio-python-entreprise.onrender.com/ventes/synchroniser
2026-09-14 14:14:07,939 - WARNING - Synchronisation différée: 401 Client Error: Unauthorized for url: https://portfolio-python-entreprise.onrender.com/ventes/synchroniser
2026-09-14 14:14:39,273 - WARNING - Synchronisation différée: 401 Client Error: Unauthorized for url: https://portfolio-python-entreprise.onrender.com/ventes/synchroniser
2026-09-14 14:15:08,148 - WARNING - Synchronisation différée: 401 Client Error: Unauthorized for url: https://portfolio-python-entreprise.onrender.com/ventes/synchroniser
2026-09-14 14:15:38,061 - WARNING - Synchronisation différée: 401 Client Error: Unauthorized for url: https://portfolio-python-entreprise.onrender.com/ventes/synchroniser
2026-09-14 14:16:07,912 - WARNING - Synchronisation différée: 401 Client Error: Unauthorized for url: https://portfolio-python-entreprise.onrender.com/ventes/synchroniser
2026-09-14 14:16:38,913 - WARNING - Synchronisation différée: 401 Client Error: Unauthorized for url: https://portfolio-python-entreprise.onrender.com/ventes/synchroniser
2026-09-14 14:17:07,981 - WARNING - Synchronisation différée: 401 Client Error: Unauthorized for url: https://portfolio-python-entreprise.onrender.com/ventes/synchroniser
2026-09-14 14:17:38,095 - WARNING - Synchronisation différée: 401 Client Error: Unauthorized for url: https://portfolio-python-entreprise.onrender.com/ventes/synchroniser
2026-09-14 14:18:08,816 - WARNING - Synchronisation différée: 401 Client Error: Unauthorized for url: https://portfolio-python-entreprise.onrender.com/ventes/synchroniser
2026-09-14 14:18:37,991 - WARNING - Synchronisation différée: 401 Client Error: Unauthorized for url: https://portfolio-python-entreprise.onrender.com/ventes/synchroniser
2026-09-14 14:19:16,768 - WARNING - Synchronisation différée: HTTPSConnectionPool(host='portfolio-python-entreprise.onrender.com', port=443): Read timed out. (read timeout=8)
2026-09-14 14:19:38,278 - WARNING - Synchronisation différée: 401 Client Error: Unauthorized for url: https://portfolio-python-entreprise.onrender.com/ventes/synchroniser
2026-09-14 14:20:08,531 - WARNING - Synchronisation différée: 401 Client Error: Unauthorized for url: https://portfolio-python-entreprise.onrender.com/ventes/synchroniser
2026-09-14 14:20:38,289 - WARNING - Synchronisation différée: 401 Client Error: Unauthorized for url: https://portfolio-python-entreprise.onrender.com/ventes/synchroniser
2026-09-14 14:21:09,110 - WARNING - Synchronisation différée: 401 Client Error: Unauthorized for url: https://portfolio-python-entreprise.onrender.com/ventes/synchroniser
2026-09-14 14:21:40,878 - WARNING - Synchronisation différée: 401 Client Error: Unauthorized for url: https://portfolio-python-entreprise.onrender.com/ventes/synchroniser
2026-09-14 14:22:08,221 - WARNING - Synchronisation différée: 401 Client Error: Unauthorized for url: https://portfolio-python-entreprise.onrender.com/ventes/synchroniser
2026-09-14 14:22:39,638 - WARNING - Synchronisation différée: 401 Client Error: Unauthorized for url: https://portfolio-python-entreprise.onrender.com/ventes/synchroniser
2026-09-14 14:23:13,055 - WARNING - Synchronisation différée: 401 Client Error: Unauthorized for url: https://portfolio-python-entreprise.onrender.com/ventes/synchroniser
2026-09-14 14:23:38,865 - WARNING - Synchronisation différée: 401 Client Error: Unauthorized for url: https://portfolio-python-entreprise.onrender.com/ventes/synchroniser
2026-09-14 14:24:08,299 - WARNING - Synchronisation différée: 401 Client Error: Unauthorized for url: https://portfolio-python-entreprise.onrender.com/ventes/synchroniser
2026-09-14 14:24:38,234 - WARNING - Synchronisation différée: 401 Client Error: Unauthorized for url: https://portfolio-python-entreprise.onrender.com/ventes/synchroniser
2026-09-14 14:25:08,837 - WARNING - Synchronisation différée: 401 Client Error: Unauthorized for url: https://portfolio-python-entreprise.onrender.com/ventes/synchroniser
2026-09-14 14:25:38,374 - WARNING - Synchronisation différée: 401 Client Error: Unauthorized for url: https://portfolio-python-entreprise.onrender.com/ventes/synchroniser
2026-09-14 14:26:08,383 - WARNING - Synchronisation différée: 401 Client Error: Unauthorized for url: https://portfolio-python-entreprise.onrender.com/ventes/synchroniser
2026-09-14 14:26:39,639 - WARNING - Synchronisation différée: 401 Client Error: Unauthorized for url: https://portfolio-python-entreprise.onrender.com/ventes/synchroniser
2026-09-14 14:27:10,735 - WARNING - Synchronisation différée: 401 Client Error: Unauthorized for url: https://portfolio-python-entreprise.onrender.com/ventes/synchroniser
2026-09-14 14:27:38,351 - WARNING - Synchronisation différée: 401 Client Error: Unauthorized for url: https://portfolio-python-entreprise.onrender.com/ventes/synchroniser
2026-09-14 14:28:08,287 - WARNING - Synchronisation différée: 401 Client Error: Unauthorized for url: https://portfolio-python-entreprise.onrender.com/ventes/synchroniser
2026-09-14 14:28:38,887 - WARNING - Synchronisation différée: 401 Client Error: Unauthorized for url: https://portfolio-python-entreprise.onrender.com/ventes/synchroniser
2026-09-14 14:29:08,233 - WARNING - Synchronisation différée: 401 Client Error: Unauthorized for url: https://portfolio-python-entreprise.onrender.com/ventes/synchroniser
2026-09-14 14:29:38,233 - WARNING - Synchronisation différée: 401 Client Error: Unauthorized for url: https://portfolio-python-entreprise.onrender.com/ventes/synchroniser
2026-09-14 14:30:08,925 - WARNING - Synchronisation différée: 401 Client Error: Unauthorized for url: https://portfolio-python-entreprise.onrender.com/ventes/synchroniser
2026-09-14 14:30:38,310 - WARNING - Synchronisation différée: 401 Client Error: Unauthorized for url: https://portfolio-python-entreprise.onrender.com/ventes/synchroniser
2026-09-14 14:31:08,336 - WARNING - Synchronisation différée: 401 Client Error: Unauthorized for url: https://portfolio-python-entreprise.onrender.com/ventes/synchroniser
2026-09-14 14:31:38,887 - WARNING - Synchronisation différée: 401 Client Error: Unauthorized for url: https://portfolio-python-entreprise.onrender.com/ventes/synchroniser
2026-09-14 14:32:08,438 - WARNING - Synchronisation différée: 401 Client Error: Unauthorized for url: https://portfolio-python-entreprise.onrender.com/ventes/synchroniser
2026-09-14 14:32:38,392 - WARNING - Synchronisation différée: 401 Client Error: Unauthorized for url: https://portfolio-python-entreprise.onrender.com/ventes/synchroniser
2026-09-14 14:33:08,352 - WARNING - Synchronisation différée: 401 Client Error: Unauthorized for url: https://portfolio-python-entreprise.onrender.com/ventes/synchroniser
2026-09-14 14:33:38,695 - WARNING - Synchronisation différée: 401 Client Error: Unauthorized for url: https://portfolio-python-entreprise.onrender.com/ventes/synchroniser
2026-09-14 14:34:08,653 - WARNING - Synchronisation différée: 401 Client Error: Unauthorized for url: https://portfolio-python-entreprise.onrender.com/ventes/synchroniser
2026-09-14 14:34:38,587 - WARNING - Synchronisation différée: 401 Client Error: Unauthorized for url: https://portfolio-python-entreprise.onrender.com/ventes/synchroniser
2026-09-14 14:35:08,519 - WARNING - Synchronisation différée: 401 Client Error: Unauthorized for url: https://portfolio-python-entreprise.onrender.com/ventes/synchroniser
2026-09-14 14:35:40,535 - WARNING - Synchronisation différée: 401 Client Error: Unauthorized for url: https://portfolio-python-entreprise.onrender.com/ventes/synchroniser
2026-09-14 14:36:08,611 - WARNING - Synchronisation différée: 401 Client Error: Unauthorized for url: https://portfolio-python-entreprise.onrender.com/ventes/synchroniser
2026-09-14 14:36:48,449 - WARNING - Synchronisation différée: HTTPSConnectionPool(host='portfolio-python-entreprise.onrender.com', port=443): Read timed out. (read timeout=8)
2026-09-14 14:37:08,574 - WARNING - Synchronisation différée: 401 Client Error: Unauthorized for url: https://portfolio-python-entreprise.onrender.com/ventes/synchroniser
2026-09-14 14:37:38,496 - WARNING - Synchronisation différée: 401 Client Error: Unauthorized for url: https://portfolio-python-entreprise.onrender.com/ventes/synchroniser
2026-09-14 14:38:08,442 - WARNING - Synchronisation différée: 401 Client Error: Unauthorized for url: https://portfolio-python-entreprise.onrender.com/ventes/synchroniser
2026-09-14 14:38:38,616 - WARNING - Synchronisation différée: 401 Client Error: Unauthorized for url: https://portfolio-python-entreprise.onrender.com/ventes/synchroniser
2026-09-14 14:39:08,738 - WARNING - Synchronisation différée: 401 Client Error: Unauthorized for url: https://portfolio-python-entreprise.onrender.com/ventes/synchroniser
2026-09-14 14:39:39,135 - WARNING - Synchronisation différée: 401 Client Error: Unauthorized for url: https://portfolio-python-entreprise.onrender.com/ventes/synchroniser
2026-09-14 14:40:08,454 - WARNING - Synchronisation différée: 401 Client Error: Unauthorized for url: https://portfolio-python-entreprise.onrender.com/ventes/synchroniser
2026-09-14 14:40:38,454 - WARNING - Synchronisation différée: 401 Client Error: Unauthorized for url: https://portfolio-python-entreprise.onrender.com/ventes/synchroniser
2026-09-14 14:41:09,065 - WARNING - Synchronisation différée: 401 Client Error: Unauthorized for url: https://portfolio-python-entreprise.onrender.com/ventes/synchroniser
2026-09-14 14:41:38,442 - WARNING - Synchronisation différée: 401 Client Error: Unauthorized for url: https://portfolio-python-entreprise.onrender.com/ventes/synchroniser
2026-09-14 14:42:18,401 - WARNING - Synchronisation différée: HTTPSConnectionPool(host='portfolio-python-entreprise.onrender.com', port=443): Max retries exceeded with url: /ventes/synchroniser (Caused by NameResolutionError("HTTPSConnection(host='portfolio-python-entreprise.onrender.com', port=443): Failed to resolve 'portfolio-python-entreprise.onrender.com' ([Errno 11001] getaddrinfo failed)"))
2026-09-14 14:42:56,340 - WARNING - Synchronisation différée: HTTPSConnectionPool(host='portfolio-python-entreprise.onrender.com', port=443): Read timed out. (read timeout=8)
2026-09-14 14:43:23,307 - WARNING - Synchronisation différée: HTTPSConnectionPool(host='portfolio-python-entreprise.onrender.com', port=443): Max retries exceeded with url: /ventes/synchroniser (Caused by ConnectTimeoutError(<HTTPSConnection(host='portfolio-python-entreprise.onrender.com', port=443) at 0x2a5410e6e90>, 'Connection to portfolio-python-entreprise.onrender.com timed out. (connect timeout=8)'))
2026-09-14 14:43:53,292 - WARNING - Synchronisation différée: HTTPSConnectionPool(host='portfolio-python-entreprise.onrender.com', port=443): Max retries exceeded with url: /ventes/synchroniser (Caused by ConnectTimeoutError(<HTTPSConnection(host='portfolio-python-entreprise.onrender.com', port=443) at 0x2a540f8bc50>, 'Connection to portfolio-python-entreprise.onrender.com timed out. (connect timeout=8)'))
2026-09-14 14:44:15,640 - WARNING - Synchronisation différée: 401 Client Error: Unauthorized for url: https://portfolio-python-entreprise.onrender.com/ventes/synchroniser
2026-09-14 14:44:38,743 - WARNING - Synchronisation différée: 401 Client Error: Unauthorized for url: https://portfolio-python-entreprise.onrender.com/ventes/synchroniser
2026-09-14 14:45:09,792 - WARNING - Synchronisation différée: 401 Client Error: Unauthorized for url: https://portfolio-python-entreprise.onrender.com/ventes/synchroniser
2026-09-14 14:45:41,027 - WARNING - Synchronisation différée: 401 Client Error: Unauthorized for url: https://portfolio-python-entreprise.onrender.com/ventes/synchroniser
2026-09-14 14:46:10,805 - WARNING - Synchronisation différée: 401 Client Error: Unauthorized for url: https://portfolio-python-entreprise.onrender.com/ventes/synchroniser
2026-09-14 14:46:50,348 - WARNING - Synchronisation différée: HTTPSConnectionPool(host='portfolio-python-entreprise.onrender.com', port=443): Read timed out. (read timeout=8)
2026-09-14 14:47:18,957 - WARNING - Synchronisation différée: HTTPSConnectionPool(host='portfolio-python-entreprise.onrender.com', port=443): Max retries exceeded with url: /ventes/synchroniser (Caused by NameResolutionError("HTTPSConnection(host='portfolio-python-entreprise.onrender.com', port=443): Failed to resolve 'portfolio-python-entreprise.onrender.com' ([Errno 11001] getaddrinfo failed)"))
2026-09-14 14:47:40,232 - WARNING - Synchronisation différée: 401 Client Error: Unauthorized for url: https://portfolio-python-entreprise.onrender.com/ventes/synchroniser
2026-09-14 14:48:10,118 - WARNING - Synchronisation différée: 401 Client Error: Unauthorized for url: https://portfolio-python-entreprise.onrender.com/ventes/synchroniser
2026-09-14 14:48:41,872 - WARNING - Synchronisation différée: 401 Client Error: Unauthorized for url: https://portfolio-python-entreprise.onrender.com/ventes/synchroniser
2026-09-14 14:49:08,670 - WARNING - Synchronisation différée: 401 Client Error: Unauthorized for url: https://portfolio-python-entreprise.onrender.com/ventes/synchroniser
2026-09-14 14:49:38,723 - WARNING - Synchronisation différée: 401 Client Error: Unauthorized for url: https://portfolio-python-entreprise.onrender.com/ventes/synchroniser
2026-09-14 14:50:09,906 - WARNING - Synchronisation différée: 401 Client Error: Unauthorized for url: https://portfolio-python-entreprise.onrender.com/ventes/synchroniser
2026-09-14 14:50:39,635 - WARNING - Synchronisation différée: 401 Client Error: Unauthorized for url: https://portfolio-python-entreprise.onrender.com/ventes/synchroniser
2026-09-14 14:51:09,546 - WARNING - Synchronisation différée: 401 Client Error: Unauthorized for url: https://portfolio-python-entreprise.onrender.com/ventes/synchroniser
2026-09-14 14:51:38,513 - WARNING - Synchronisation différée: 401 Client Error: Unauthorized for url: https://portfolio-python-entreprise.onrender.com/ventes/synchroniser
2026-09-14 14:52:10,748 - WARNING - Synchronisation différée: 401 Client Error: Unauthorized for url: https://portfolio-python-entreprise.onrender.com/ventes/synchroniser
2026-09-14 14:52:39,083 - WARNING - Synchronisation différée: 401 Client Error: Unauthorized for url: https://portfolio-python-entreprise.onrender.com/ventes/synchroniser
2026-09-14 14:53:09,241 - WARNING - Synchronisation différée: 401 Client Error: Unauthorized for url: https://portfolio-python-entreprise.onrender.com/ventes/synchroniser
2026-09-14 14:53:39,802 - WARNING - Synchronisation différée: 401 Client Error: Unauthorized for url: https://portfolio-python-entreprise.onrender.com/ventes/synchroniser
2026-09-14 14:54:08,927 - WARNING - Synchronisation différée: 401 Client Error: Unauthorized for url: https://portfolio-python-entreprise.onrender.com/ventes/synchroniser
2026-09-14 14:54:39,548 - WARNING - Synchronisation différée: 401 Client Error: Unauthorized for url: https://portfolio-python-entreprise.onrender.com/ventes/synchroniser
2026-09-14 14:55:08,562 - WARNING - Synchronisation différée: 401 Client Error: Unauthorized for url: https://portfolio-python-entreprise.onrender.com/ventes/synchroniser
2026-09-14 14:55:40,298 - WARNING - Synchronisation différée: 401 Client Error: Unauthorized for url: https://portfolio-python-entreprise.onrender.com/ventes/synchroniser
2026-09-14 14:56:09,993 - WARNING - Synchronisation différée: 401 Client Error: Unauthorized for url: https://portfolio-python-entreprise.onrender.com/ventes/synchroniser
2026-09-14 14:56:38,944 - WARNING - Synchronisation différée: 401 Client Error: Unauthorized for url: https://portfolio-python-entreprise.onrender.com/ventes/synchroniser
2026-09-14 14:57:09,177 - WARNING - Synchronisation différée: 401 Client Error: Unauthorized for url: https://portfolio-python-entreprise.onrender.com/ventes/synchroniser
2026-09-14 14:57:40,937 - WARNING - Synchronisation différée: 401 Client Error: Unauthorized for url: https://portfolio-python-entreprise.onrender.com/ventes/synchroniser
2026-09-14 14:58:09,721 - WARNING - Synchronisation différée: 401 Client Error: Unauthorized for url: https://portfolio-python-entreprise.onrender.com/ventes/synchroniser
2026-09-14 14:58:39,740 - WARNING - Synchronisation différée: 401 Client Error: Unauthorized for url: https://portfolio-python-entreprise.onrender.com/ventes/synchroniser
2026-09-14 14:59:08,699 - WARNING - Synchronisation différée: 401 Client Error: Unauthorized for url: https://portfolio-python-entreprise.onrender.com/ventes/synchroniser
2026-09-14 14:59:40,102 - WARNING - Synchronisation différée: 401 Client Error: Unauthorized for url: https://portfolio-python-entreprise.onrender.com/ventes/synchroniser
2026-09-14 15:00:09,360 - WARNING - Synchronisation différée: 401 Client Error: Unauthorized for url: https://portfolio-python-entreprise.onrender.com/ventes/synchroniser
2026-09-14 15:00:38,704 - WARNING - Synchronisation différée: 401 Client Error: Unauthorized for url: https://portfolio-python-entreprise.onrender.com/ventes/synchroniser
2026-09-14 15:01:08,763 - WARNING - Synchronisation différée: 401 Client Error: Unauthorized for url: https://portfolio-python-entreprise.onrender.com/ventes/synchroniser
2026-09-14 15:01:38,781 - WARNING - Synchronisation différée: 401 Client Error: Unauthorized for url: https://portfolio-python-entreprise.onrender.com/ventes/synchroniser
2026-09-14 15:02:10,359 - WARNING - Synchronisation différée: 401 Client Error: Unauthorized for url: https://portfolio-python-entreprise.onrender.com/ventes/synchroniser
2026-09-14 15:02:38,796 - WARNING - Synchronisation différée: 401 Client Error: Unauthorized for url: https://portfolio-python-entreprise.onrender.com/ventes/synchroniser
2026-09-14 15:03:09,355 - WARNING - Synchronisation différée: 401 Client Error: Unauthorized for url: https://portfolio-python-entreprise.onrender.com/ventes/synchroniser
2026-09-14 15:03:40,370 - WARNING - Synchronisation différée: 401 Client Error: Unauthorized for url: https://portfolio-python-entreprise.onrender.com/ventes/synchroniser
2026-09-14 15:04:08,747 - WARNING - Synchronisation différée: 401 Client Error: Unauthorized for url: https://portfolio-python-entreprise.onrender.com/ventes/synchroniser
2026-09-14 15:04:42,609 - WARNING - Synchronisation différée: 401 Client Error: Unauthorized for url: https://portfolio-python-entreprise.onrender.com/ventes/synchroniser
2026-09-14 15:05:09,384 - WARNING - Synchronisation différée: 401 Client Error: Unauthorized for url: https://portfolio-python-entreprise.onrender.com/ventes/synchroniser
2026-09-14 15:05:40,468 - WARNING - Synchronisation différée: 401 Client Error: Unauthorized for url: https://portfolio-python-entreprise.onrender.com/ventes/synchroniser
2026-09-14 15:06:09,395 - WARNING - Synchronisation différée: 401 Client Error: Unauthorized for url: https://portfolio-python-entreprise.onrender.com/ventes/synchroniser
2026-09-14 15:06:39,039 - WARNING - Synchronisation différée: 401 Client Error: Unauthorized for url: https://portfolio-python-entreprise.onrender.com/ventes/synchroniser
2026-09-14 15:07:12,450 - WARNING - Synchronisation différée: 401 Client Error: Unauthorized for url: https://portfolio-python-entreprise.onrender.com/ventes/synchroniser
2026-09-14 15:07:39,485 - WARNING - Synchronisation différée: 401 Client Error: Unauthorized for url: https://portfolio-python-entreprise.onrender.com/ventes/synchroniser
2026-09-14 15:08:08,984 - WARNING - Synchronisation différée: 401 Client Error: Unauthorized for url: https://portfolio-python-entreprise.onrender.com/ventes/synchroniser
2026-09-14 15:08:40,293 - WARNING - Synchronisation différée: 401 Client Error: Unauthorized for url: https://portfolio-python-entreprise.onrender.com/ventes/synchroniser
2026-09-14 15:09:10,555 - WARNING - Synchronisation différée: 401 Client Error: Unauthorized for url: https://portfolio-python-entreprise.onrender.com/ventes/synchroniser
2026-09-14 15:09:39,182 - WARNING - Synchronisation différée: 401 Client Error: Unauthorized for url: https://portfolio-python-entreprise.onrender.com/ventes/synchroniser
2026-09-14 15:10:09,470 - WARNING - Synchronisation différée: 401 Client Error: Unauthorized for url: https://portfolio-python-entreprise.onrender.com/ventes/synchroniser
2026-09-14 15:10:40,141 - WARNING - Synchronisation différée: 401 Client Error: Unauthorized for url: https://portfolio-python-entreprise.onrender.com/ventes/synchroniser
2026-09-14 15:11:08,867 - WARNING - Synchronisation différée: 401 Client Error: Unauthorized for url: https://portfolio-python-entreprise.onrender.com/ventes/synchroniser
2026-09-14 15:11:39,718 - WARNING - Synchronisation différée: 401 Client Error: Unauthorized for url: https://portfolio-python-entreprise.onrender.com/ventes/synchroniser
2026-09-14 15:12:10,606 - WARNING - Synchronisation différée: 401 Client Error: Unauthorized for url: https://portfolio-python-entreprise.onrender.com/ventes/synchroniser
2026-09-14 15:12:39,514 - WARNING - Synchronisation différée: 401 Client Error: Unauthorized for url: https://portfolio-python-entreprise.onrender.com/ventes/synchroniser
2026-09-14 15:13:11,664 - WARNING - Synchronisation différée: 401 Client Error: Unauthorized for url: https://portfolio-python-entreprise.onrender.com/ventes/synchroniser
2026-09-14 15:13:44,636 - WARNING - Synchronisation différée: 401 Client Error: Unauthorized for url: https://portfolio-python-entreprise.onrender.com/ventes/synchroniser
2026-09-14 15:14:22,504 - WARNING - Synchronisation différée: 401 Client Error: Unauthorized for url: https://portfolio-python-entreprise.onrender.com/ventes/synchroniser
2026-09-14 15:14:57,615 - WARNING - Synchronisation différée: ('Connection aborted.', ConnectionResetError(10054, 'Une connexion existante a dû être fermée par l’hôte distant', None, 10054, None))
2026-09-14 15:15:16,258 - WARNING - Synchronisation différée: 401 Client Error: Unauthorized for url: https://portfolio-python-entreprise.onrender.com/ventes/synchroniser
2026-09-14 15:15:42,126 - WARNING - Synchronisation différée: 401 Client Error: Unauthorized for url: https://portfolio-python-entreprise.onrender.com/ventes/synchroniser
2026-09-14 15:16:09,498 - WARNING - Synchronisation différée: 401 Client Error: Unauthorized for url: https://portfolio-python-entreprise.onrender.com/ventes/synchroniser
2026-09-14 15:16:44,776 - WARNING - Synchronisation différée: ('Connection aborted.', ConnectionResetError(10054, 'Une connexion existante a dû être fermée par l’hôte distant', None, 10054, None))
2026-09-14 15:17:27,455 - WARNING - Synchronisation différée: HTTPSConnectionPool(host='portfolio-python-entreprise.onrender.com', port=443): Read timed out. (read timeout=8)
2026-09-14 15:17:51,571 - WARNING - Synchronisation différée: 401 Client Error: Unauthorized for url: https://portfolio-python-entreprise.onrender.com/ventes/synchroniser
2026-09-14 15:18:23,156 - WARNING - Synchronisation différée: HTTPSConnectionPool(host='portfolio-python-entreprise.onrender.com', port=443): Read timed out. (read timeout=8)
2026-09-14 15:18:55,301 - WARNING - Synchronisation différée: 401 Client Error: Unauthorized for url: https://portfolio-python-entreprise.onrender.com/ventes/synchroniser
2026-09-14 15:19:13,506 - WARNING - Synchronisation différée: 401 Client Error: Unauthorized for url: https://portfolio-python-entreprise.onrender.com/ventes/synchroniser
2026-09-14 15:19:48,384 - WARNING - Synchronisation différée: HTTPSConnectionPool(host='portfolio-python-entreprise.onrender.com', port=443): Read timed out. (read timeout=8)
2026-09-14 15:20:21,452 - WARNING - Synchronisation différée: 401 Client Error: Unauthorized for url: https://portfolio-python-entreprise.onrender.com/ventes/synchroniser
2026-09-14 15:20:44,886 - WARNING - Synchronisation différée: ('Connection aborted.', ConnectionResetError(10054, 'Une connexion existante a dû être fermée par l’hôte distant', None, 10054, None))
2026-09-14 15:21:19,488 - WARNING - Synchronisation différée: 401 Client Error: Unauthorized for url: https://portfolio-python-entreprise.onrender.com/ventes/synchroniser
2026-09-14 15:21:52,014 - WARNING - Synchronisation différée: 401 Client Error: Unauthorized for url: https://portfolio-python-entreprise.onrender.com/ventes/synchroniser
2026-09-14 15:22:10,267 - WARNING - Synchronisation différée: 401 Client Error: Unauthorized for url: https://portfolio-python-entreprise.onrender.com/ventes/synchroniser
2026-09-14 15:22:46,835 - WARNING - Synchronisation différée: 401 Client Error: Unauthorized for url: https://portfolio-python-entreprise.onrender.com/ventes/synchroniser
2026-09-14 15:23:15,320 - WARNING - Synchronisation différée: ('Connection aborted.', ConnectionResetError(10054, 'Une connexion existante a dû être fermée par l’hôte distant', None, 10054, None))
2026-09-14 15:23:45,736 - WARNING - Synchronisation différée: 401 Client Error: Unauthorized for url: https://portfolio-python-entreprise.onrender.com/ventes/synchroniser
2026-09-14 15:24:20,621 - WARNING - Synchronisation différée: HTTPSConnectionPool(host='portfolio-python-entreprise.onrender.com', port=443): Read timed out. (read timeout=8)
2026-09-14 15:24:53,956 - WARNING - Synchronisation différée: HTTPSConnectionPool(host='portfolio-python-entreprise.onrender.com', port=443): Max retries exceeded with url: /ventes/synchroniser (Caused by ConnectTimeoutError(<HTTPSConnection(host='portfolio-python-entreprise.onrender.com', port=443) at 0x2a5410e5a90>, 'Connection to portfolio-python-entreprise.onrender.com timed out. (connect timeout=8)'))
2026-09-14 15:25:23,966 - WARNING - Synchronisation différée: HTTPSConnectionPool(host='portfolio-python-entreprise.onrender.com', port=443): Max retries exceeded with url: /ventes/synchroniser (Caused by ConnectTimeoutError(<HTTPSConnection(host='portfolio-python-entreprise.onrender.com', port=443) at 0x2a5410e47d0>, 'Connection to portfolio-python-entreprise.onrender.com timed out. (connect timeout=8)'))
2026-09-14 15:25:48,418 - WARNING - Synchronisation différée: ('Connection aborted.', ConnectionResetError(10054, 'Une connexion existante a dû être fermée par l’hôte distant', None, 10054, None))
2026-09-14 15:26:11,402 - WARNING - Synchronisation différée: 401 Client Error: Unauthorized for url: https://portfolio-python-entreprise.onrender.com/ventes/synchroniser
2026-09-14 15:26:44,144 - WARNING - Synchronisation différée: 401 Client Error: Unauthorized for url: https://portfolio-python-entreprise.onrender.com/ventes/synchroniser
2026-09-14 15:27:09,805 - WARNING - Synchronisation différée: 401 Client Error: Unauthorized for url: https://portfolio-python-entreprise.onrender.com/ventes/synchroniser
2026-09-14 15:27:42,247 - WARNING - Synchronisation différée: 401 Client Error: Unauthorized for url: https://portfolio-python-entreprise.onrender.com/ventes/synchroniser
2026-09-14 15:28:10,674 - WARNING - Synchronisation différée: 401 Client Error: Unauthorized for url: https://portfolio-python-entreprise.onrender.com/ventes/synchroniser
2026-09-14 15:28:45,475 - WARNING - Synchronisation différée: 401 Client Error: Unauthorized for url: https://portfolio-python-entreprise.onrender.com/ventes/synchroniser
2026-09-14 15:29:10,328 - WARNING - Synchronisation différée: 401 Client Error: Unauthorized for url: https://portfolio-python-entreprise.onrender.com/ventes/synchroniser
2026-09-14 15:29:40,803 - WARNING - Synchronisation différée: 401 Client Error: Unauthorized for url: https://portfolio-python-entreprise.onrender.com/ventes/synchroniser
2026-09-14 15:30:13,072 - WARNING - Synchronisation différée: 401 Client Error: Unauthorized for url: https://portfolio-python-entreprise.onrender.com/ventes/synchroniser
2026-09-14 15:30:43,689 - WARNING - Synchronisation différée: ('Connection aborted.', ConnectionResetError(10054, 'Une connexion existante a dû être fermée par l’hôte distant', None, 10054, None))
2026-09-14 15:31:11,687 - WARNING - Synchronisation différée: 401 Client Error: Unauthorized for url: https://portfolio-python-entreprise.onrender.com/ventes/synchroniser
2026-09-14 15:31:43,792 - WARNING - Synchronisation différée: 401 Client Error: Unauthorized for url: https://portfolio-python-entreprise.onrender.com/ventes/synchroniser
2026-09-14 15:32:24,778 - WARNING - Synchronisation différée: ('Connection aborted.', ConnectionResetError(10054, 'Une connexion existante a dû être fermée par l’hôte distant', None, 10054, None))
2026-09-14 15:32:46,696 - WARNING - Synchronisation différée: ('Connection aborted.', ConnectionResetError(10054, 'Une connexion existante a dû être fermée par l’hôte distant', None, 10054, None))
2026-09-14 15:33:19,340 - WARNING - Synchronisation différée: HTTPSConnectionPool(host='portfolio-python-entreprise.onrender.com', port=443): Max retries exceeded with url: /ventes/synchroniser (Caused by NameResolutionError("HTTPSConnection(host='portfolio-python-entreprise.onrender.com', port=443): Failed to resolve 'portfolio-python-entreprise.onrender.com' ([Errno 11001] getaddrinfo failed)"))
2026-09-14 15:33:54,451 - WARNING - Synchronisation différée: HTTPSConnectionPool(host='portfolio-python-entreprise.onrender.com', port=443): Read timed out. (read timeout=8)
2026-09-14 15:34:13,724 - WARNING - Synchronisation différée: 401 Client Error: Unauthorized for url: https://portfolio-python-entreprise.onrender.com/ventes/synchroniser
2026-09-14 15:34:45,970 - WARNING - Synchronisation différée: 401 Client Error: Unauthorized for url: https://portfolio-python-entreprise.onrender.com/ventes/synchroniser
2026-09-14 15:35:10,120 - WARNING - Synchronisation différée: 401 Client Error: Unauthorized for url: https://portfolio-python-entreprise.onrender.com/ventes/synchroniser
2026-09-14 15:35:40,788 - WARNING - Synchronisation différée: 401 Client Error: Unauthorized for url: https://portfolio-python-entreprise.onrender.com/ventes/synchroniser
2026-09-14 15:36:09,989 - WARNING - Synchronisation différée: 401 Client Error: Unauthorized for url: https://portfolio-python-entreprise.onrender.com/ventes/synchroniser
2026-09-14 15:36:43,259 - WARNING - Synchronisation différée: 401 Client Error: Unauthorized for url: https://portfolio-python-entreprise.onrender.com/ventes/synchroniser
2026-09-14 15:37:11,121 - WARNING - Synchronisation différée: 401 Client Error: Unauthorized for url: https://portfolio-python-entreprise.onrender.com/ventes/synchroniser
2026-09-14 15:37:45,401 - WARNING - Synchronisation différée: 401 Client Error: Unauthorized for url: https://portfolio-python-entreprise.onrender.com/ventes/synchroniser
2026-09-14 15:38:10,677 - WARNING - Synchronisation différée: 401 Client Error: Unauthorized for url: https://portfolio-python-entreprise.onrender.com/ventes/synchroniser
2026-09-14 15:38:56,134 - WARNING - Synchronisation différée: 401 Client Error: Unauthorized for url: https://portfolio-python-entreprise.onrender.com/ventes/synchroniser
2026-09-14 15:39:19,275 - WARNING - Synchronisation différée: 401 Client Error: Unauthorized for url: https://portfolio-python-entreprise.onrender.com/ventes/synchroniser
2026-09-14 15:39:41,383 - WARNING - Synchronisation différée: 401 Client Error: Unauthorized for url: https://portfolio-python-entreprise.onrender.com/ventes/synchroniser
2026-09-14 15:40:09,993 - WARNING - Synchronisation différée: 401 Client Error: Unauthorized for url: https://portfolio-python-entreprise.onrender.com/ventes/synchroniser
2026-09-14 15:40:44,395 - WARNING - Synchronisation différée: 401 Client Error: Unauthorized for url: https://portfolio-python-entreprise.onrender.com/ventes/synchroniser
2026-09-14 15:41:16,145 - WARNING - Synchronisation différée: 401 Client Error: Unauthorized for url: https://portfolio-python-entreprise.onrender.com/ventes/synchroniser
2026-09-14 15:41:42,374 - WARNING - Synchronisation différée: 401 Client Error: Unauthorized for url: https://portfolio-python-entreprise.onrender.com/ventes/synchroniser
2026-09-14 15:42:10,788 - WARNING - Synchronisation différée: 401 Client Error: Unauthorized for url: https://portfolio-python-entreprise.onrender.com/ventes/synchroniser
2026-09-14 15:42:45,557 - WARNING - Synchronisation différée: 401 Client Error: Unauthorized for url: https://portfolio-python-entreprise.onrender.com/ventes/synchroniser
2026-09-14 15:43:10,292 - WARNING - Synchronisation différée: 401 Client Error: Unauthorized for url: https://portfolio-python-entreprise.onrender.com/ventes/synchroniser
2026-09-14 15:43:46,470 - WARNING - Synchronisation différée: 401 Client Error: Unauthorized for url: https://portfolio-python-entreprise.onrender.com/ventes/synchroniser
2026-09-14 15:44:19,530 - WARNING - Synchronisation différée: HTTPSConnectionPool(host='portfolio-python-entreprise.onrender.com', port=443): Max retries exceeded with url: /ventes/synchroniser (Caused by NameResolutionError("HTTPSConnection(host='portfolio-python-entreprise.onrender.com', port=443): Failed to resolve 'portfolio-python-entreprise.onrender.com' ([Errno 11001] getaddrinfo failed)"))
2026-09-14 15:44:54,391 - WARNING - Synchronisation différée: HTTPSConnectionPool(host='portfolio-python-entreprise.onrender.com', port=443): Max retries exceeded with url: /ventes/synchroniser (Caused by ConnectTimeoutError(<HTTPSConnection(host='portfolio-python-entreprise.onrender.com', port=443) at 0x2a5410e4a50>, 'Connection to portfolio-python-entreprise.onrender.com timed out. (connect timeout=8)'))
2026-09-14 15:45:24,375 - WARNING - Synchronisation différée: HTTPSConnectionPool(host='portfolio-python-entreprise.onrender.com', port=443): Max retries exceeded with url: /ventes/synchroniser (Caused by ConnectTimeoutError(<HTTPSConnection(host='portfolio-python-entreprise.onrender.com', port=443) at 0x2a5410e65d0>, 'Connection to portfolio-python-entreprise.onrender.com timed out. (connect timeout=8)'))
2026-09-14 15:45:54,416 - WARNING - Synchronisation différée: HTTPSConnectionPool(host='portfolio-python-entreprise.onrender.com', port=443): Max retries exceeded with url: /ventes/synchroniser (Caused by ConnectTimeoutError(<HTTPSConnection(host='portfolio-python-entreprise.onrender.com', port=443) at 0x2a5410e6c10>, 'Connection to portfolio-python-entreprise.onrender.com timed out. (connect timeout=8)'))
2026-09-14 15:46:24,396 - WARNING - Synchronisation différée: HTTPSConnectionPool(host='portfolio-python-entreprise.onrender.com', port=443): Max retries exceeded with url: /ventes/synchroniser (Caused by ConnectTimeoutError(<HTTPSConnection(host='portfolio-python-entreprise.onrender.com', port=443) at 0x2a5410e6710>, 'Connection to portfolio-python-entreprise.onrender.com timed out. (connect timeout=8)'))
2026-09-14 15:46:54,437 - WARNING - Synchronisation différée: HTTPSConnectionPool(host='portfolio-python-entreprise.onrender.com', port=443): Max retries exceeded with url: /ventes/synchroniser (Caused by ConnectTimeoutError(<HTTPSConnection(host='portfolio-python-entreprise.onrender.com', port=443) at 0x2a5410e6fd0>, 'Connection to portfolio-python-entreprise.onrender.com timed out. (connect timeout=8)'))
2026-09-14 15:47:24,470 - WARNING - Synchronisation différée: HTTPSConnectionPool(host='portfolio-python-entreprise.onrender.com', port=443): Max retries exceeded with url: /ventes/synchroniser (Caused by ConnectTimeoutError(<HTTPSConnection(host='portfolio-python-entreprise.onrender.com', port=443) at 0x2a5410e7390>, 'Connection to portfolio-python-entreprise.onrender.com timed out. (connect timeout=8)'))
2026-09-14 15:47:54,399 - WARNING - Synchronisation différée: HTTPSConnectionPool(host='portfolio-python-entreprise.onrender.com', port=443): Max retries exceeded with url: /ventes/synchroniser (Caused by ConnectTimeoutError(<HTTPSConnection(host='portfolio-python-entreprise.onrender.com', port=443) at 0x2a5410e7110>, 'Connection to portfolio-python-entreprise.onrender.com timed out. (connect timeout=8)'))
2026-09-14 15:48:24,458 - WARNING - Synchronisation différée: HTTPSConnectionPool(host='portfolio-python-entreprise.onrender.com', port=443): Max retries exceeded with url: /ventes/synchroniser (Caused by ConnectTimeoutError(<HTTPSConnection(host='portfolio-python-entreprise.onrender.com', port=443) at 0x2a5410e4050>, 'Connection to portfolio-python-entreprise.onrender.com timed out. (connect timeout=8)'))
2026-09-14 15:48:54,459 - WARNING - Synchronisation différée: HTTPSConnectionPool(host='portfolio-python-entreprise.onrender.com', port=443): Max retries exceeded with url: /ventes/synchroniser (Caused by ConnectTimeoutError(<HTTPSConnection(host='portfolio-python-entreprise.onrender.com', port=443) at 0x2a540f8bc50>, 'Connection to portfolio-python-entreprise.onrender.com timed out. (connect timeout=8)'))
2026-09-14 15:49:24,444 - WARNING - Synchronisation différée: HTTPSConnectionPool(host='portfolio-python-entreprise.onrender.com', port=443): Max retries exceeded with url: /ventes/synchroniser (Caused by ConnectTimeoutError(<HTTPSConnection(host='portfolio-python-entreprise.onrender.com', port=443) at 0x2a540f8bd90>, 'Connection to portfolio-python-entreprise.onrender.com timed out. (connect timeout=8)'))
2026-09-14 15:49:54,621 - WARNING - Synchronisation différée: HTTPSConnectionPool(host='portfolio-python-entreprise.onrender.com', port=443): Max retries exceeded with url: /ventes/synchroniser (Caused by ConnectTimeoutError(<HTTPSConnection(host='portfolio-python-entreprise.onrender.com', port=443) at 0x2a5410e51d0>, 'Connection to portfolio-python-entreprise.onrender.com timed out. (connect timeout=8)'))
2026-09-14 15:50:24,414 - WARNING - Synchronisation différée: HTTPSConnectionPool(host='portfolio-python-entreprise.onrender.com', port=443): Max retries exceeded with url: /ventes/synchroniser (Caused by ConnectTimeoutError(<HTTPSConnection(host='portfolio-python-entreprise.onrender.com', port=443) at 0x2a5410e5bd0>, 'Connection to portfolio-python-entreprise.onrender.com timed out. (connect timeout=8)'))
2026-09-14 15:50:54,482 - WARNING - Synchronisation différée: HTTPSConnectionPool(host='portfolio-python-entreprise.onrender.com', port=443): Max retries exceeded with url: /ventes/synchroniser (Caused by ConnectTimeoutError(<HTTPSConnection(host='portfolio-python-entreprise.onrender.com', port=443) at 0x2a5410e74d0>, 'Connection to portfolio-python-entreprise.onrender.com timed out. (connect timeout=8)'))
2026-09-14 15:51:24,466 - WARNING - Synchronisation différée: HTTPSConnectionPool(host='portfolio-python-entreprise.onrender.com', port=443): Max retries exceeded with url: /ventes/synchroniser (Caused by ConnectTimeoutError(<HTTPSConnection(host='portfolio-python-entreprise.onrender.com', port=443) at 0x2a5410e6e90>, 'Connection to portfolio-python-entreprise.onrender.com timed out. (connect timeout=8)'))
2026-09-14 15:51:54,478 - WARNING - Synchronisation différée: HTTPSConnectionPool(host='portfolio-python-entreprise.onrender.com', port=443): Max retries exceeded with url: /ventes/synchroniser (Caused by ConnectTimeoutError(<HTTPSConnection(host='portfolio-python-entreprise.onrender.com', port=443) at 0x2a5410e6ad0>, 'Connection to portfolio-python-entreprise.onrender.com timed out. (connect timeout=8)'))
2026-09-14 15:52:17,126 - WARNING - Synchronisation différée: 401 Client Error: Unauthorized for url: https://portfolio-python-entreprise.onrender.com/ventes/synchroniser
2026-09-14 15:52:39,919 - WARNING - Synchronisation différée: 401 Client Error: Unauthorized for url: https://portfolio-python-entreprise.onrender.com/ventes/synchroniser
2026-09-14 15:53:10,562 - WARNING - Synchronisation différée: 401 Client Error: Unauthorized for url: https://portfolio-python-entreprise.onrender.com/ventes/synchroniser
2026-09-14 15:53:40,752 - WARNING - Synchronisation différée: 401 Client Error: Unauthorized for url: https://portfolio-python-entreprise.onrender.com/ventes/synchroniser
2026-09-14 15:54:10,190 - WARNING - Synchronisation différée: 401 Client Error: Unauthorized for url: https://portfolio-python-entreprise.onrender.com/ventes/synchroniser
2026-09-14 15:54:40,535 - WARNING - Synchronisation différée: 401 Client Error: Unauthorized for url: https://portfolio-python-entreprise.onrender.com/ventes/synchroniser
2026-09-14 15:55:09,643 - WARNING - Synchronisation différée: 401 Client Error: Unauthorized for url: https://portfolio-python-entreprise.onrender.com/ventes/synchroniser
2026-09-14 15:55:39,813 - WARNING - Synchronisation différée: 401 Client Error: Unauthorized for url: https://portfolio-python-entreprise.onrender.com/ventes/synchroniser
2026-09-14 15:56:09,737 - WARNING - Synchronisation différée: 401 Client Error: Unauthorized for url: https://portfolio-python-entreprise.onrender.com/ventes/synchroniser
2026-09-14 15:56:39,774 - WARNING - Synchronisation différée: 401 Client Error: Unauthorized for url: https://portfolio-python-entreprise.onrender.com/ventes/synchroniser
2026-09-14 15:57:09,781 - WARNING - Synchronisation différée: 401 Client Error: Unauthorized for url: https://portfolio-python-entreprise.onrender.com/ventes/synchroniser
2026-09-14 15:57:40,192 - WARNING - Synchronisation différée: 401 Client Error: Unauthorized for url: https://portfolio-python-entreprise.onrender.com/ventes/synchroniser
2026-09-14 15:58:12,710 - WARNING - Synchronisation différée: 401 Client Error: Unauthorized for url: https://portfolio-python-entreprise.onrender.com/ventes/synchroniser
2026-09-14 15:58:39,703 - WARNING - Synchronisation différée: 401 Client Error: Unauthorized for url: https://portfolio-python-entreprise.onrender.com/ventes/synchroniser
2026-09-14 15:59:09,971 - WARNING - Synchronisation différée: 401 Client Error: Unauthorized for url: https://portfolio-python-entreprise.onrender.com/ventes/synchroniser
2026-09-14 15:59:39,933 - WARNING - Synchronisation différée: 401 Client Error: Unauthorized for url: https://portfolio-python-entreprise.onrender.com/ventes/synchroniser
2026-09-14 16:00:09,916 - WARNING - Synchronisation différée: 401 Client Error: Unauthorized for url: https://portfolio-python-entreprise.onrender.com/ventes/synchroniser
2026-09-14 16:00:39,785 - WARNING - Synchronisation différée: 401 Client Error: Unauthorized for url: https://portfolio-python-entreprise.onrender.com/ventes/synchroniser
2026-09-14 16:01:09,804 - WARNING - Synchronisation différée: 401 Client Error: Unauthorized for url: https://portfolio-python-entreprise.onrender.com/ventes/synchroniser
2026-09-14 16:01:39,720 - WARNING - Synchronisation différée: 401 Client Error: Unauthorized for url: https://portfolio-python-entreprise.onrender.com/ventes/synchroniser
2026-09-14 16:02:09,938 - WARNING - Synchronisation différée: 401 Client Error: Unauthorized for url: https://portfolio-python-entreprise.onrender.com/ventes/synchroniser
2026-09-14 16:02:39,797 - WARNING - Synchronisation différée: 401 Client Error: Unauthorized for url: https://portfolio-python-entreprise.onrender.com/ventes/synchroniser
2026-09-14 16:03:09,958 - WARNING - Synchronisation différée: 401 Client Error: Unauthorized for url: https://portfolio-python-entreprise.onrender.com/ventes/synchroniser
2026-09-14 16:03:39,877 - WARNING - Synchronisation différée: 401 Client Error: Unauthorized for url: https://portfolio-python-entreprise.onrender.com/ventes/synchroniser
2026-09-14 16:04:09,776 - WARNING - Synchronisation différée: 401 Client Error: Unauthorized for url: https://portfolio-python-entreprise.onrender.com/ventes/synchroniser
2026-09-14 16:04:43,518 - WARNING - Synchronisation différée: 401 Client Error: Unauthorized for url: https://portfolio-python-entreprise.onrender.com/ventes/synchroniser
2026-09-14 16:05:09,821 - WARNING - Synchronisation différée: 401 Client Error: Unauthorized for url: https://portfolio-python-entreprise.onrender.com/ventes/synchroniser
2026-09-14 16:05:39,973 - WARNING - Synchronisation différée: 401 Client Error: Unauthorized for url: https://portfolio-python-entreprise.onrender.com/ventes/synchroniser
2026-09-14 16:06:10,017 - WARNING - Synchronisation différée: 401 Client Error: Unauthorized for url: https://portfolio-python-entreprise.onrender.com/ventes/synchroniser
2026-09-14 16:06:40,196 - WARNING - Synchronisation différée: 401 Client Error: Unauthorized for url: https://portfolio-python-entreprise.onrender.com/ventes/synchroniser
2026-09-14 16:07:10,098 - WARNING - Synchronisation différée: 401 Client Error: Unauthorized for url: https://portfolio-python-entreprise.onrender.com/ventes/synchroniser
2026-09-14 16:07:39,873 - WARNING - Synchronisation différée: 401 Client Error: Unauthorized for url: https://portfolio-python-entreprise.onrender.com/ventes/synchroniser
2026-09-14 16:08:09,949 - WARNING - Synchronisation différée: 401 Client Error: Unauthorized for url: https://portfolio-python-entreprise.onrender.com/ventes/synchroniser
2026-09-14 16:08:39,864 - WARNING - Synchronisation différée: 401 Client Error: Unauthorized for url: https://portfolio-python-entreprise.onrender.com/ventes/synchroniser
2026-09-14 16:09:09,899 - WARNING - Synchronisation différée: 401 Client Error: Unauthorized for url: https://portfolio-python-entreprise.onrender.com/ventes/synchroniser
2026-09-14 16:09:39,984 - WARNING - Synchronisation différée: 401 Client Error: Unauthorized for url: https://portfolio-python-entreprise.onrender.com/ventes/synchroniser
2026-09-14 16:10:09,803 - WARNING - Synchronisation différée: 401 Client Error: Unauthorized for url: https://portfolio-python-entreprise.onrender.com/ventes/synchroniser
2026-09-14 16:10:39,980 - WARNING - Synchronisation différée: 401 Client Error: Unauthorized for url: https://portfolio-python-entreprise.onrender.com/ventes/synchroniser
2026-09-14 16:11:10,056 - WARNING - Synchronisation différée: 401 Client Error: Unauthorized for url: https://portfolio-python-entreprise.onrender.com/ventes/synchroniser
2026-09-14 16:11:39,917 - WARNING - Synchronisation différée: 401 Client Error: Unauthorized for url: https://portfolio-python-entreprise.onrender.com/ventes/synchroniser
2026-09-14 16:12:10,163 - WARNING - Synchronisation différée: 401 Client Error: Unauthorized for url: https://portfolio-python-entreprise.onrender.com/ventes/synchroniser
2026-09-14 16:12:40,887 - WARNING - Synchronisation différée: 401 Client Error: Unauthorized for url: https://portfolio-python-entreprise.onrender.com/ventes/synchroniser
2026-09-14 16:13:10,072 - WARNING - Synchronisation différée: 401 Client Error: Unauthorized for url: https://portfolio-python-entreprise.onrender.com/ventes/synchroniser
2026-09-14 16:13:40,681 - WARNING - Synchronisation différée: 401 Client Error: Unauthorized for url: https://portfolio-python-entreprise.onrender.com/ventes/synchroniser
2026-09-14 16:14:10,013 - WARNING - Synchronisation différée: 401 Client Error: Unauthorized for url: https://portfolio-python-entreprise.onrender.com/ventes/synchroniser
2026-09-14 16:14:40,842 - WARNING - Synchronisation différée: 401 Client Error: Unauthorized for url: https://portfolio-python-entreprise.onrender.com/ventes/synchroniser
2026-09-14 16:15:10,145 - WARNING - Synchronisation différée: 401 Client Error: Unauthorized for url: https://portfolio-python-entreprise.onrender.com/ventes/synchroniser
2026-09-14 16:15:40,010 - WARNING - Synchronisation différée: 401 Client Error: Unauthorized for url: https://portfolio-python-entreprise.onrender.com/ventes/synchroniser
2026-09-14 16:16:10,031 - WARNING - Synchronisation différée: 401 Client Error: Unauthorized for url: https://portfolio-python-entreprise.onrender.com/ventes/synchroniser
2026-09-14 16:16:40,373 - WARNING - Synchronisation différée: 401 Client Error: Unauthorized for url: https://portfolio-python-entreprise.onrender.com/ventes/synchroniser
2026-09-14 16:17:10,383 - WARNING - Synchronisation différée: 401 Client Error: Unauthorized for url: https://portfolio-python-entreprise.onrender.com/ventes/synchroniser
2026-09-14 16:17:40,174 - WARNING - Synchronisation différée: 401 Client Error: Unauthorized for url: https://portfolio-python-entreprise.onrender.com/ventes/synchroniser
2026-09-14 16:18:10,344 - WARNING - Synchronisation différée: 401 Client Error: Unauthorized for url: https://portfolio-python-entreprise.onrender.com/ventes/synchroniser
2026-09-14 16:18:40,913 - WARNING - Synchronisation différée: 401 Client Error: Unauthorized for url: https://portfolio-python-entreprise.onrender.com/ventes/synchroniser
2026-09-14 16:19:10,220 - WARNING - Synchronisation différée: 401 Client Error: Unauthorized for url: https://portfolio-python-entreprise.onrender.com/ventes/synchroniser
2026-09-14 16:19:40,891 - WARNING - Synchronisation différée: 401 Client Error: Unauthorized for url: https://portfolio-python-entreprise.onrender.com/ventes/synchroniser
2026-09-14 16:20:10,442 - WARNING - Synchronisation différée: 401 Client Error: Unauthorized for url: https://portfolio-python-entreprise.onrender.com/ventes/synchroniser
2026-09-14 16:20:40,294 - WARNING - Synchronisation différée: 401 Client Error: Unauthorized for url: https://portfolio-python-entreprise.onrender.com/ventes/synchroniser
2026-09-14 16:21:10,287 - WARNING - Synchronisation différée: 401 Client Error: Unauthorized for url: https://portfolio-python-entreprise.onrender.com/ventes/synchroniser
2026-09-14 16:21:40,321 - WARNING - Synchronisation différée: 401 Client Error: Unauthorized for url: https://portfolio-python-entreprise.onrender.com/ventes/synchroniser
2026-09-14 16:22:10,279 - WARNING - Synchronisation différée: 401 Client Error: Unauthorized for url: https://portfolio-python-entreprise.onrender.com/ventes/synchroniser
2026-09-14 16:22:40,810 - WARNING - Synchronisation différée: 401 Client Error: Unauthorized for url: https://portfolio-python-entreprise.onrender.com/ventes/synchroniser
2026-09-14 16:23:10,502 - WARNING - Synchronisation différée: 401 Client Error: Unauthorized for url: https://portfolio-python-entreprise.onrender.com/ventes/synchroniser
2026-09-14 16:23:40,390 - WARNING - Synchronisation différée: 401 Client Error: Unauthorized for url: https://portfolio-python-entreprise.onrender.com/ventes/synchroniser
2026-09-14 16:24:10,243 - WARNING - Synchronisation différée: 401 Client Error: Unauthorized for url: https://portfolio-python-entreprise.onrender.com/ventes/synchroniser
2026-09-14 16:24:43,778 - WARNING - Synchronisation différée: 401 Client Error: Unauthorized for url: https://portfolio-python-entreprise.onrender.com/ventes/synchroniser
2026-09-14 16:25:11,298 - WARNING - Synchronisation différée: 401 Client Error: Unauthorized for url: https://portfolio-python-entreprise.onrender.com/ventes/synchroniser
2026-09-14 16:25:44,927 - WARNING - Synchronisation différée: 401 Client Error: Unauthorized for url: https://portfolio-python-entreprise.onrender.com/ventes/synchroniser
2026-09-14 16:26:11,427 - WARNING - Synchronisation différée: 401 Client Error: Unauthorized for url: https://portfolio-python-entreprise.onrender.com/ventes/synchroniser
2026-09-14 16:26:40,426 - WARNING - Synchronisation différée: 401 Client Error: Unauthorized for url: https://portfolio-python-entreprise.onrender.com/ventes/synchroniser
2026-09-14 16:27:11,654 - WARNING - Synchronisation différée: 401 Client Error: Unauthorized for url: https://portfolio-python-entreprise.onrender.com/ventes/synchroniser
2026-09-14 16:27:40,463 - WARNING - Synchronisation différée: 401 Client Error: Unauthorized for url: https://portfolio-python-entreprise.onrender.com/ventes/synchroniser
2026-09-14 16:28:10,939 - WARNING - Synchronisation différée: 401 Client Error: Unauthorized for url: https://portfolio-python-entreprise.onrender.com/ventes/synchroniser
2026-09-14 16:28:41,106 - WARNING - Synchronisation différée: 401 Client Error: Unauthorized for url: https://portfolio-python-entreprise.onrender.com/ventes/synchroniser
2026-09-14 16:29:13,052 - WARNING - Synchronisation différée: 401 Client Error: Unauthorized for url: https://portfolio-python-entreprise.onrender.com/ventes/synchroniser
2026-09-14 16:29:40,658 - WARNING - Synchronisation différée: 401 Client Error: Unauthorized for url: https://portfolio-python-entreprise.onrender.com/ventes/synchroniser
2026-09-14 16:30:12,559 - WARNING - Synchronisation différée: 401 Client Error: Unauthorized for url: https://portfolio-python-entreprise.onrender.com/ventes/synchroniser
2026-09-14 16:30:40,644 - WARNING - Synchronisation différée: 401 Client Error: Unauthorized for url: https://portfolio-python-entreprise.onrender.com/ventes/synchroniser
2026-09-14 16:31:11,124 - WARNING - Synchronisation différée: 401 Client Error: Unauthorized for url: https://portfolio-python-entreprise.onrender.com/ventes/synchroniser
2026-09-14 16:31:40,516 - WARNING - Synchronisation différée: 401 Client Error: Unauthorized for url: https://portfolio-python-entreprise.onrender.com/ventes/synchroniser
2026-09-14 16:32:10,332 - WARNING - Synchronisation différée: 401 Client Error: Unauthorized for url: https://portfolio-python-entreprise.onrender.com/ventes/synchroniser
2026-09-14 16:32:40,501 - WARNING - Synchronisation différée: 401 Client Error: Unauthorized for url: https://portfolio-python-entreprise.onrender.com/ventes/synchroniser
2026-09-14 16:33:10,605 - WARNING - Synchronisation différée: 401 Client Error: Unauthorized for url: https://portfolio-python-entreprise.onrender.com/ventes/synchroniser
2026-09-14 16:33:40,703 - WARNING - Synchronisation différée: 401 Client Error: Unauthorized for url: https://portfolio-python-entreprise.onrender.com/ventes/synchroniser
2026-09-14 16:34:10,465 - WARNING - Synchronisation différée: 401 Client Error: Unauthorized for url: https://portfolio-python-entreprise.onrender.com/ventes/synchroniser
2026-09-14 16:34:40,731 - WARNING - Synchronisation différée: 401 Client Error: Unauthorized for url: https://portfolio-python-entreprise.onrender.com/ventes/synchroniser
2026-09-14 16:35:10,908 - WARNING - Synchronisation différée: 401 Client Error: Unauthorized for url: https://portfolio-python-entreprise.onrender.com/ventes/synchroniser
2026-09-14 16:35:43,217 - WARNING - Synchronisation différée: 401 Client Error: Unauthorized for url: https://portfolio-python-entreprise.onrender.com/ventes/synchroniser
2026-09-14 16:36:10,946 - WARNING - Synchronisation différée: 401 Client Error: Unauthorized for url: https://portfolio-python-entreprise.onrender.com/ventes/synchroniser
2026-09-14 16:36:40,848 - WARNING - Synchronisation différée: 401 Client Error: Unauthorized for url: https://portfolio-python-entreprise.onrender.com/ventes/synchroniser
2026-09-14 16:37:11,539 - WARNING - Synchronisation différée: 401 Client Error: Unauthorized for url: https://portfolio-python-entreprise.onrender.com/ventes/synchroniser
2026-09-14 16:37:41,214 - WARNING - Synchronisation différée: 401 Client Error: Unauthorized for url: https://portfolio-python-entreprise.onrender.com/ventes/synchroniser
2026-09-14 16:38:11,171 - WARNING - Synchronisation différée: 401 Client Error: Unauthorized for url: https://portfolio-python-entreprise.onrender.com/ventes/synchroniser
2026-09-14 16:38:40,901 - WARNING - Synchronisation différée: 401 Client Error: Unauthorized for url: https://portfolio-python-entreprise.onrender.com/ventes/synchroniser
2026-09-14 16:39:16,472 - WARNING - Synchronisation différée: 401 Client Error: Unauthorized for url: https://portfolio-python-entreprise.onrender.com/ventes/synchroniser
2026-09-14 16:39:41,350 - WARNING - Synchronisation différée: 401 Client Error: Unauthorized for url: https://portfolio-python-entreprise.onrender.com/ventes/synchroniser
2026-09-14 16:40:10,885 - WARNING - Synchronisation différée: 401 Client Error: Unauthorized for url: https://portfolio-python-entreprise.onrender.com/ventes/synchroniser
2026-09-14 16:40:40,885 - WARNING - Synchronisation différée: 401 Client Error: Unauthorized for url: https://portfolio-python-entreprise.onrender.com/ventes/synchroniser
2026-09-14 16:41:10,895 - WARNING - Synchronisation différée: 401 Client Error: Unauthorized for url: https://portfolio-python-entreprise.onrender.com/ventes/synchroniser
2026-09-14 16:41:41,633 - WARNING - Synchronisation différée: 401 Client Error: Unauthorized for url: https://portfolio-python-entreprise.onrender.com/ventes/synchroniser
2026-09-14 16:42:10,673 - WARNING - Synchronisation différée: 401 Client Error: Unauthorized for url: https://portfolio-python-entreprise.onrender.com/ventes/synchroniser
2026-09-14 16:42:41,338 - WARNING - Synchronisation différée: 401 Client Error: Unauthorized for url: https://portfolio-python-entreprise.onrender.com/ventes/synchroniser
2026-09-14 16:43:10,737 - WARNING - Synchronisation différée: 401 Client Error: Unauthorized for url: https://portfolio-python-entreprise.onrender.com/ventes/synchroniser
2026-09-14 16:43:41,103 - WARNING - Synchronisation différée: 401 Client Error: Unauthorized for url: https://portfolio-python-entreprise.onrender.com/ventes/synchroniser
2026-09-14 16:44:10,703 - WARNING - Synchronisation différée: 401 Client Error: Unauthorized for url: https://portfolio-python-entreprise.onrender.com/ventes/synchroniser
2026-09-14 16:44:40,753 - WARNING - Synchronisation différée: 401 Client Error: Unauthorized for url: https://portfolio-python-entreprise.onrender.com/ventes/synchroniser
2026-09-14 16:45:11,018 - WARNING - Synchronisation différée: 401 Client Error: Unauthorized for url: https://portfolio-python-entreprise.onrender.com/ventes/synchroniser
2026-09-14 16:45:40,951 - WARNING - Synchronisation différée: 401 Client Error: Unauthorized for url: https://portfolio-python-entreprise.onrender.com/ventes/synchroniser
2026-09-14 16:46:10,901 - WARNING - Synchronisation différée: 401 Client Error: Unauthorized for url: https://portfolio-python-entreprise.onrender.com/ventes/synchroniser
2026-09-14 16:46:40,833 - WARNING - Synchronisation différée: 401 Client Error: Unauthorized for url: https://portfolio-python-entreprise.onrender.com/ventes/synchroniser
2026-09-14 16:47:10,889 - WARNING - Synchronisation différée: 401 Client Error: Unauthorized for url: https://portfolio-python-entreprise.onrender.com/ventes/synchroniser
2026-09-14 16:47:42,698 - WARNING - Synchronisation différée: 401 Client Error: Unauthorized for url: https://portfolio-python-entreprise.onrender.com/ventes/synchroniser
2026-09-14 16:48:13,951 - WARNING - Synchronisation différée: 401 Client Error: Unauthorized for url: https://portfolio-python-entreprise.onrender.com/ventes/synchroniser
2026-09-14 16:48:43,275 - WARNING - Synchronisation différée: 401 Client Error: Unauthorized for url: https://portfolio-python-entreprise.onrender.com/ventes/synchroniser
2026-09-14 16:49:10,781 - WARNING - Synchronisation différée: 401 Client Error: Unauthorized for url: https://portfolio-python-entreprise.onrender.com/ventes/synchroniser
2026-09-14 16:49:40,848 - WARNING - Synchronisation différée: 401 Client Error: Unauthorized for url: https://portfolio-python-entreprise.onrender.com/ventes/synchroniser
2026-09-14 16:50:11,540 - WARNING - Synchronisation différée: 401 Client Error: Unauthorized for url: https://portfolio-python-entreprise.onrender.com/ventes/synchroniser
2026-09-14 16:50:41,204 - WARNING - Synchronisation différée: 401 Client Error: Unauthorized for url: https://portfolio-python-entreprise.onrender.com/ventes/synchroniser
2026-09-14 16:51:11,771 - WARNING - Synchronisation différée: 401 Client Error: Unauthorized for url: https://portfolio-python-entreprise.onrender.com/ventes/synchroniser
2026-09-14 16:51:40,958 - WARNING - Synchronisation différée: 401 Client Error: Unauthorized for url: https://portfolio-python-entreprise.onrender.com/ventes/synchroniser
2026-09-14 16:52:12,735 - WARNING - Synchronisation différée: 401 Client Error: Unauthorized for url: https://portfolio-python-entreprise.onrender.com/ventes/synchroniser
2026-09-14 16:52:43,890 - WARNING - Synchronisation différée: 401 Client Error: Unauthorized for url: https://portfolio-python-entreprise.onrender.com/ventes/synchroniser
2026-09-14 16:53:11,845 - WARNING - Synchronisation différée: 401 Client Error: Unauthorized for url: https://portfolio-python-entreprise.onrender.com/ventes/synchroniser
2026-09-14 16:53:41,626 - WARNING - Synchronisation différée: 401 Client Error: Unauthorized for url: https://portfolio-python-entreprise.onrender.com/ventes/synchroniser
2026-09-14 16:54:11,246 - WARNING - Synchronisation différée: 401 Client Error: Unauthorized for url: https://portfolio-python-entreprise.onrender.com/ventes/synchroniser
2026-09-14 16:54:41,202 - WARNING - Synchronisation différée: 401 Client Error: Unauthorized for url: https://portfolio-python-entreprise.onrender.com/ventes/synchroniser
2026-09-14 16:55:11,068 - WARNING - Synchronisation différée: 401 Client Error: Unauthorized for url: https://portfolio-python-entreprise.onrender.com/ventes/synchroniser
2026-09-14 16:55:42,089 - WARNING - Synchronisation différée: 401 Client Error: Unauthorized for url: https://portfolio-python-entreprise.onrender.com/ventes/synchroniser
2026-09-14 16:56:11,028 - WARNING - Synchronisation différée: 401 Client Error: Unauthorized for url: https://portfolio-python-entreprise.onrender.com/ventes/synchroniser
2026-09-14 16:56:41,295 - WARNING - Synchronisation différée: 401 Client Error: Unauthorized for url: https://portfolio-python-entreprise.onrender.com/ventes/synchroniser
2026-09-14 16:57:13,743 - WARNING - Synchronisation différée: 401 Client Error: Unauthorized for url: https://portfolio-python-entreprise.onrender.com/ventes/synchroniser
2026-09-14 16:57:49,248 - WARNING - Synchronisation différée: 401 Client Error: Unauthorized for url: https://portfolio-python-entreprise.onrender.com/ventes/synchroniser
2026-09-14 16:58:11,267 - WARNING - Synchronisation différée: 401 Client Error: Unauthorized for url: https://portfolio-python-entreprise.onrender.com/ventes/synchroniser
2026-09-14 16:58:41,691 - WARNING - Synchronisation différée: 401 Client Error: Unauthorized for url: https://portfolio-python-entreprise.onrender.com/ventes/synchroniser
2026-09-14 16:59:11,440 - WARNING - Synchronisation différée: 401 Client Error: Unauthorized for url: https://portfolio-python-entreprise.onrender.com/ventes/synchroniser
2026-09-14 16:59:41,557 - WARNING - Synchronisation différée: 401 Client Error: Unauthorized for url: https://portfolio-python-entreprise.onrender.com/ventes/synchroniser
2026-09-14 17:00:13,305 - WARNING - Synchronisation différée: 401 Client Error: Unauthorized for url: https://portfolio-python-entreprise.onrender.com/ventes/synchroniser
2026-09-14 17:00:41,368 - WARNING - Synchronisation différée: 401 Client Error: Unauthorized for url: https://portfolio-python-entreprise.onrender.com/ventes/synchroniser
2026-09-14 17:01:11,457 - WARNING - Synchronisation différée: 401 Client Error: Unauthorized for url: https://portfolio-python-entreprise.onrender.com/ventes/synchroniser
2026-09-14 17:01:41,423 - WARNING - Synchronisation différée: 401 Client Error: Unauthorized for url: https://portfolio-python-entreprise.onrender.com/ventes/synchroniser
2026-09-14 17:02:11,886 - WARNING - Synchronisation différée: 401 Client Error: Unauthorized for url: https://portfolio-python-entreprise.onrender.com/ventes/synchroniser
2026-09-14 17:02:41,391 - WARNING - Synchronisation différée: 401 Client Error: Unauthorized for url: https://portfolio-python-entreprise.onrender.com/ventes/synchroniser
2026-09-14 17:03:11,446 - WARNING - Synchronisation différée: 401 Client Error: Unauthorized for url: https://portfolio-python-entreprise.onrender.com/ventes/synchroniser
2026-09-14 17:03:41,204 - WARNING - Synchronisation différée: 401 Client Error: Unauthorized for url: https://portfolio-python-entreprise.onrender.com/ventes/synchroniser
2026-09-14 17:04:12,153 - WARNING - Synchronisation différée: 401 Client Error: Unauthorized for url: https://portfolio-python-entreprise.onrender.com/ventes/synchroniser
2026-09-14 17:04:41,592 - WARNING - Synchronisation différée: 401 Client Error: Unauthorized for url: https://portfolio-python-entreprise.onrender.com/ventes/synchroniser
2026-09-14 17:05:11,222 - WARNING - Synchronisation différée: 401 Client Error: Unauthorized for url: https://portfolio-python-entreprise.onrender.com/ventes/synchroniser
2026-09-14 17:05:43,593 - WARNING - Synchronisation différée: 401 Client Error: Unauthorized for url: https://portfolio-python-entreprise.onrender.com/ventes/synchroniser
2026-09-14 17:06:12,565 - WARNING - Synchronisation différée: 401 Client Error: Unauthorized for url: https://portfolio-python-entreprise.onrender.com/ventes/synchroniser
2026-09-14 17:06:44,830 - WARNING - Synchronisation différée: 401 Client Error: Unauthorized for url: https://portfolio-python-entreprise.onrender.com/ventes/synchroniser
2026-09-14 17:07:11,949 - WARNING - Synchronisation différée: 401 Client Error: Unauthorized for url: https://portfolio-python-entreprise.onrender.com/ventes/synchroniser
2026-09-14 17:07:45,593 - WARNING - Synchronisation différée: 401 Client Error: Unauthorized for url: https://portfolio-python-entreprise.onrender.com/ventes/synchroniser
2026-09-14 17:08:17,827 - WARNING - Synchronisation différée: 401 Client Error: Unauthorized for url: https://portfolio-python-entreprise.onrender.com/ventes/synchroniser
2026-09-14 17:08:41,054 - WARNING - Synchronisation différée: 401 Client Error: Unauthorized for url: https://portfolio-python-entreprise.onrender.com/ventes/synchroniser
2026-09-14 17:09:14,444 - WARNING - Synchronisation différée: 401 Client Error: Unauthorized for url: https://portfolio-python-entreprise.onrender.com/ventes/synchroniser
2026-09-14 17:09:42,026 - WARNING - Synchronisation différée: 401 Client Error: Unauthorized for url: https://portfolio-python-entreprise.onrender.com/ventes/synchroniser
2026-09-14 17:10:11,847 - WARNING - Synchronisation différée: 401 Client Error: Unauthorized for url: https://portfolio-python-entreprise.onrender.com/ventes/synchroniser
2026-09-14 17:10:41,713 - WARNING - Synchronisation différée: 401 Client Error: Unauthorized for url: https://portfolio-python-entreprise.onrender.com/ventes/synchroniser
2026-09-14 17:11:11,082 - WARNING - Synchronisation différée: 401 Client Error: Unauthorized for url: https://portfolio-python-entreprise.onrender.com/ventes/synchroniser
2026-09-14 17:11:41,747 - WARNING - Synchronisation différée: 401 Client Error: Unauthorized for url: https://portfolio-python-entreprise.onrender.com/ventes/synchroniser
2026-09-14 17:12:18,946 - WARNING - Synchronisation différée: 401 Client Error: Unauthorized for url: https://portfolio-python-entreprise.onrender.com/ventes/synchroniser
2026-09-14 17:12:41,299 - WARNING - Synchronisation différée: 401 Client Error: Unauthorized for url: https://portfolio-python-entreprise.onrender.com/ventes/synchroniser
2026-09-14 17:13:11,135 - WARNING - Synchronisation différée: 401 Client Error: Unauthorized for url: https://portfolio-python-entreprise.onrender.com/ventes/synchroniser
2026-09-14 17:13:41,349 - WARNING - Synchronisation différée: 401 Client Error: Unauthorized for url: https://portfolio-python-entreprise.onrender.com/ventes/synchroniser
2026-09-14 17:14:11,261 - WARNING - Synchronisation différée: 401 Client Error: Unauthorized for url: https://portfolio-python-entreprise.onrender.com/ventes/synchroniser
2026-09-14 17:14:41,435 - WARNING - Synchronisation différée: 401 Client Error: Unauthorized for url: https://portfolio-python-entreprise.onrender.com/ventes/synchroniser
2026-09-14 17:15:11,520 - WARNING - Synchronisation différée: 401 Client Error: Unauthorized for url: https://portfolio-python-entreprise.onrender.com/ventes/synchroniser
2026-09-14 17:15:41,463 - WARNING - Synchronisation différée: 401 Client Error: Unauthorized for url: https://portfolio-python-entreprise.onrender.com/ventes/synchroniser
2026-09-14 17:16:11,408 - WARNING - Synchronisation différée: 401 Client Error: Unauthorized for url: https://portfolio-python-entreprise.onrender.com/ventes/synchroniser
2026-09-14 17:16:42,127 - WARNING - Synchronisation différée: 401 Client Error: Unauthorized for url: https://portfolio-python-entreprise.onrender.com/ventes/synchroniser
2026-09-14 17:17:11,359 - WARNING - Synchronisation différée: 401 Client Error: Unauthorized for url: https://portfolio-python-entreprise.onrender.com/ventes/synchroniser
2026-09-14 17:17:42,045 - WARNING - Synchronisation différée: 401 Client Error: Unauthorized for url: https://portfolio-python-entreprise.onrender.com/ventes/synchroniser
2026-09-14 17:18:12,351 - WARNING - Synchronisation différée: 401 Client Error: Unauthorized for url: https://portfolio-python-entreprise.onrender.com/ventes/synchroniser
2026-09-14 17:18:41,891 - WARNING - Synchronisation différée: 401 Client Error: Unauthorized for url: https://portfolio-python-entreprise.onrender.com/ventes/synchroniser
2026-09-14 17:19:11,493 - WARNING - Synchronisation différée: 401 Client Error: Unauthorized for url: https://portfolio-python-entreprise.onrender.com/ventes/synchroniser
2026-09-14 17:19:43,073 - WARNING - Synchronisation différée: 401 Client Error: Unauthorized for url: https://portfolio-python-entreprise.onrender.com/ventes/synchroniser
2026-09-14 17:20:11,503 - WARNING - Synchronisation différée: 401 Client Error: Unauthorized for url: https://portfolio-python-entreprise.onrender.com/ventes/synchroniser
2026-09-14 17:20:42,382 - WARNING - Synchronisation différée: 401 Client Error: Unauthorized for url: https://portfolio-python-entreprise.onrender.com/ventes/synchroniser
2026-09-14 17:21:13,403 - WARNING - Synchronisation différée: 401 Client Error: Unauthorized for url: https://portfolio-python-entreprise.onrender.com/ventes/synchroniser
2026-09-14 17:21:41,670 - WARNING - Synchronisation différée: 401 Client Error: Unauthorized for url: https://portfolio-python-entreprise.onrender.com/ventes/synchroniser
2026-09-14 17:22:11,505 - WARNING - Synchronisation différée: 401 Client Error: Unauthorized for url: https://portfolio-python-entreprise.onrender.com/ventes/synchroniser
2026-09-14 17:22:42,643 - WARNING - Synchronisation différée: 401 Client Error: Unauthorized for url: https://portfolio-python-entreprise.onrender.com/ventes/synchroniser
2026-09-14 17:23:12,923 - WARNING - Synchronisation différée: 401 Client Error: Unauthorized for url: https://portfolio-python-entreprise.onrender.com/ventes/synchroniser
2026-09-14 17:23:42,678 - WARNING - Synchronisation différée: 401 Client Error: Unauthorized for url: https://portfolio-python-entreprise.onrender.com/ventes/synchroniser
2026-09-14 17:24:11,807 - WARNING - Synchronisation différée: 401 Client Error: Unauthorized for url: https://portfolio-python-entreprise.onrender.com/ventes/synchroniser
2026-09-14 17:24:41,964 - WARNING - Synchronisation différée: 401 Client Error: Unauthorized for url: https://portfolio-python-entreprise.onrender.com/ventes/synchroniser
2026-09-14 17:25:11,494 - WARNING - Synchronisation différée: 401 Client Error: Unauthorized for url: https://portfolio-python-entreprise.onrender.com/ventes/synchroniser
2026-09-14 17:25:42,081 - WARNING - Synchronisation différée: 401 Client Error: Unauthorized for url: https://portfolio-python-entreprise.onrender.com/ventes/synchroniser
2026-09-14 17:26:12,469 - WARNING - Synchronisation différée: 401 Client Error: Unauthorized for url: https://portfolio-python-entreprise.onrender.com/ventes/synchroniser
2026-09-14 17:26:41,681 - WARNING - Synchronisation différée: 401 Client Error: Unauthorized for url: https://portfolio-python-entreprise.onrender.com/ventes/synchroniser
2026-09-14 17:27:15,347 - WARNING - Synchronisation différée: 401 Client Error: Unauthorized for url: https://portfolio-python-entreprise.onrender.com/ventes/synchroniser
2026-09-14 17:27:42,464 - WARNING - Synchronisation différée: 401 Client Error: Unauthorized for url: https://portfolio-python-entreprise.onrender.com/ventes/synchroniser
2026-09-14 17:28:16,620 - WARNING - Synchronisation différée: 401 Client Error: Unauthorized for url: https://portfolio-python-entreprise.onrender.com/ventes/synchroniser
2026-09-14 17:28:42,568 - WARNING - Synchronisation différée: 401 Client Error: Unauthorized for url: https://portfolio-python-entreprise.onrender.com/ventes/synchroniser
2026-09-14 17:29:11,661 - WARNING - Synchronisation différée: 401 Client Error: Unauthorized for url: https://portfolio-python-entreprise.onrender.com/ventes/synchroniser
2026-09-14 17:29:42,807 - WARNING - Synchronisation différée: 401 Client Error: Unauthorized for url: https://portfolio-python-entreprise.onrender.com/ventes/synchroniser
2026-09-14 17:30:12,450 - WARNING - Synchronisation différée: 401 Client Error: Unauthorized for url: https://portfolio-python-entreprise.onrender.com/ventes/synchroniser
2026-09-14 17:30:42,256 - WARNING - Synchronisation différée: 401 Client Error: Unauthorized for url: https://portfolio-python-entreprise.onrender.com/ventes/synchroniser
2026-09-14 17:31:11,819 - WARNING - Synchronisation différée: 401 Client Error: Unauthorized for url: https://portfolio-python-entreprise.onrender.com/ventes/synchroniser
2026-09-14 17:31:43,281 - WARNING - Synchronisation différée: 401 Client Error: Unauthorized for url: https://portfolio-python-entreprise.onrender.com/ventes/synchroniser
2026-09-14 17:32:14,106 - WARNING - Synchronisation différée: 401 Client Error: Unauthorized for url: https://portfolio-python-entreprise.onrender.com/ventes/synchroniser
2026-09-14 17:32:41,789 - WARNING - Synchronisation différée: 401 Client Error: Unauthorized for url: https://portfolio-python-entreprise.onrender.com/ventes/synchroniser
2026-09-14 17:33:12,776 - WARNING - Synchronisation différée: 401 Client Error: Unauthorized for url: https://portfolio-python-entreprise.onrender.com/ventes/synchroniser
2026-09-14 17:33:42,538 - WARNING - Synchronisation différée: 401 Client Error: Unauthorized for url: https://portfolio-python-entreprise.onrender.com/ventes/synchroniser
2026-09-14 17:34:13,117 - WARNING - Synchronisation différée: 401 Client Error: Unauthorized for url: https://portfolio-python-entreprise.onrender.com/ventes/synchroniser
2026-09-14 17:34:42,713 - WARNING - Synchronisation différée: 401 Client Error: Unauthorized for url: https://portfolio-python-entreprise.onrender.com/ventes/synchroniser
2026-09-14 17:35:12,968 - WARNING - Synchronisation différée: 401 Client Error: Unauthorized for url: https://portfolio-python-entreprise.onrender.com/ventes/synchroniser
2026-09-14 17:35:41,812 - WARNING - Synchronisation différée: 401 Client Error: Unauthorized for url: https://portfolio-python-entreprise.onrender.com/ventes/synchroniser
2026-09-14 17:36:12,524 - WARNING - Synchronisation différée: 401 Client Error: Unauthorized for url: https://portfolio-python-entreprise.onrender.com/ventes/synchroniser
2026-09-14 17:36:42,414 - WARNING - Synchronisation différée: 401 Client Error: Unauthorized for url: https://portfolio-python-entreprise.onrender.com/ventes/synchroniser
2026-09-14 17:37:14,749 - WARNING - Synchronisation différée: 401 Client Error: Unauthorized for url: https://portfolio-python-entreprise.onrender.com/ventes/synchroniser
2026-09-14 17:37:41,922 - WARNING - Synchronisation différée: 401 Client Error: Unauthorized for url: https://portfolio-python-entreprise.onrender.com/ventes/synchroniser
2026-09-14 17:38:13,274 - WARNING - Synchronisation différée: 401 Client Error: Unauthorized for url: https://portfolio-python-entreprise.onrender.com/ventes/synchroniser
2026-09-14 17:38:41,933 - WARNING - Synchronisation différée: 401 Client Error: Unauthorized for url: https://portfolio-python-entreprise.onrender.com/ventes/synchroniser
2026-09-14 17:39:13,643 - WARNING - Synchronisation différée: 401 Client Error: Unauthorized for url: https://portfolio-python-entreprise.onrender.com/ventes/synchroniser
2026-09-14 17:39:41,917 - WARNING - Synchronisation différée: 401 Client Error: Unauthorized for url: https://portfolio-python-entreprise.onrender.com/ventes/synchroniser
2026-09-14 17:40:14,240 - WARNING - Synchronisation différée: 401 Client Error: Unauthorized for url: https://portfolio-python-entreprise.onrender.com/ventes/synchroniser
2026-09-14 17:40:48,038 - WARNING - Synchronisation différée: 401 Client Error: Unauthorized for url: https://portfolio-python-entreprise.onrender.com/ventes/synchroniser
2026-09-14 17:41:11,964 - WARNING - Synchronisation différée: 401 Client Error: Unauthorized for url: https://portfolio-python-entreprise.onrender.com/ventes/synchroniser
2026-09-14 17:41:43,076 - WARNING - Synchronisation différée: 401 Client Error: Unauthorized for url: https://portfolio-python-entreprise.onrender.com/ventes/synchroniser
2026-09-14 17:42:17,264 - WARNING - Synchronisation différée: 401 Client Error: Unauthorized for url: https://portfolio-python-entreprise.onrender.com/ventes/synchroniser
2026-09-14 17:42:42,110 - WARNING - Synchronisation différée: 401 Client Error: Unauthorized for url: https://portfolio-python-entreprise.onrender.com/ventes/synchroniser
2026-09-14 17:43:13,289 - WARNING - Synchronisation différée: 401 Client Error: Unauthorized for url: https://portfolio-python-entreprise.onrender.com/ventes/synchroniser
2026-09-14 17:43:44,478 - WARNING - Synchronisation différée: 401 Client Error: Unauthorized for url: https://portfolio-python-entreprise.onrender.com/ventes/synchroniser
2026-09-14 17:44:12,591 - WARNING - Synchronisation différée: 401 Client Error: Unauthorized for url: https://portfolio-python-entreprise.onrender.com/ventes/synchroniser
2026-09-14 17:44:45,509 - WARNING - Synchronisation différée: 401 Client Error: Unauthorized for url: https://portfolio-python-entreprise.onrender.com/ventes/synchroniser
2026-09-14 17:45:12,564 - WARNING - Synchronisation différée: 401 Client Error: Unauthorized for url: https://portfolio-python-entreprise.onrender.com/ventes/synchroniser
2026-09-14 17:45:43,025 - WARNING - Synchronisation différée: 401 Client Error: Unauthorized for url: https://portfolio-python-entreprise.onrender.com/ventes/synchroniser
2026-09-14 17:46:12,934 - WARNING - Synchronisation différée: 401 Client Error: Unauthorized for url: https://portfolio-python-entreprise.onrender.com/ventes/synchroniser
2026-09-14 17:46:43,216 - WARNING - Synchronisation différée: 401 Client Error: Unauthorized for url: https://portfolio-python-entreprise.onrender.com/ventes/synchroniser
2026-09-14 17:47:22,351 - WARNING - Synchronisation différée: HTTPSConnectionPool(host='portfolio-python-entreprise.onrender.com', port=443): Read timed out.
2026-09-14 17:47:45,020 - WARNING - Synchronisation différée: 401 Client Error: Unauthorized for url: https://portfolio-python-entreprise.onrender.com/ventes/synchroniser
2026-09-14 17:48:12,965 - WARNING - Synchronisation différée: 401 Client Error: Unauthorized for url: https://portfolio-python-entreprise.onrender.com/ventes/synchroniser
2026-09-14 17:48:43,082 - WARNING - Synchronisation différée: 401 Client Error: Unauthorized for url: https://portfolio-python-entreprise.onrender.com/ventes/synchroniser
2026-09-14 17:49:15,588 - WARNING - Synchronisation différée: 401 Client Error: Unauthorized for url: https://portfolio-python-entreprise.onrender.com/ventes/synchroniser
2026-09-14 17:49:47,642 - WARNING - Synchronisation différée: 401 Client Error: Unauthorized for url: https://portfolio-python-entreprise.onrender.com/ventes/synchroniser
2026-09-14 17:50:13,603 - WARNING - Synchronisation différée: 401 Client Error: Unauthorized for url: https://portfolio-python-entreprise.onrender.com/ventes/synchroniser
2026-09-14 17:50:46,773 - WARNING - Synchronisation différée: 401 Client Error: Unauthorized for url: https://portfolio-python-entreprise.onrender.com/ventes/synchroniser
2026-09-14 17:51:19,546 - WARNING - Synchronisation différée: 401 Client Error: Unauthorized for url: https://portfolio-python-entreprise.onrender.com/ventes/synchroniser
2026-09-14 17:51:45,016 - WARNING - Synchronisation différée: 401 Client Error: Unauthorized for url: https://portfolio-python-entreprise.onrender.com/ventes/synchroniser
2026-09-14 17:52:13,685 - WARNING - Synchronisation différée: 401 Client Error: Unauthorized for url: https://portfolio-python-entreprise.onrender.com/ventes/synchroniser
2026-09-14 17:52:44,746 - WARNING - Synchronisation différée: 401 Client Error: Unauthorized for url: https://portfolio-python-entreprise.onrender.com/ventes/synchroniser
2026-09-14 17:53:16,944 - WARNING - Synchronisation différée: 401 Client Error: Unauthorized for url: https://portfolio-python-entreprise.onrender.com/ventes/synchroniser
2026-09-14 17:53:43,343 - WARNING - Synchronisation différée: 401 Client Error: Unauthorized for url: https://portfolio-python-entreprise.onrender.com/ventes/synchroniser
2026-09-14 17:54:21,497 - WARNING - Synchronisation différée: 401 Client Error: Unauthorized for url: https://portfolio-python-entreprise.onrender.com/ventes/synchroniser
2026-09-14 17:54:48,042 - WARNING - Synchronisation différée: 401 Client Error: Unauthorized for url: https://portfolio-python-entreprise.onrender.com/ventes/synchroniser
2026-09-14 17:55:13,220 - WARNING - Synchronisation différée: 401 Client Error: Unauthorized for url: https://portfolio-python-entreprise.onrender.com/ventes/synchroniser
2026-09-14 17:55:47,217 - WARNING - Synchronisation différée: 401 Client Error: Unauthorized for url: https://portfolio-python-entreprise.onrender.com/ventes/synchroniser
2026-09-14 17:56:16,485 - WARNING - Synchronisation différée: 401 Client Error: Unauthorized for url: https://portfolio-python-entreprise.onrender.com/ventes/synchroniser
2026-09-14 17:56:43,557 - WARNING - Synchronisation différée: 401 Client Error: Unauthorized for url: https://portfolio-python-entreprise.onrender.com/ventes/synchroniser
2026-09-14 17:57:14,850 - WARNING - Synchronisation différée: 401 Client Error: Unauthorized for url: https://portfolio-python-entreprise.onrender.com/ventes/synchroniser
2026-09-14 17:57:43,361 - WARNING - Synchronisation différée: 401 Client Error: Unauthorized for url: https://portfolio-python-entreprise.onrender.com/ventes/synchroniser
2026-09-14 17:58:13,712 - WARNING - Synchronisation différée: 401 Client Error: Unauthorized for url: https://portfolio-python-entreprise.onrender.com/ventes/synchroniser
2026-09-14 17:58:44,318 - WARNING - Synchronisation différée: 401 Client Error: Unauthorized for url: https://portfolio-python-entreprise.onrender.com/ventes/synchroniser
2026-09-14 17:59:17,707 - WARNING - Synchronisation différée: 401 Client Error: Unauthorized for url: https://portfolio-python-entreprise.onrender.com/ventes/synchroniser
2026-09-14 17:59:51,509 - WARNING - Synchronisation différée: 401 Client Error: Unauthorized for url: https://portfolio-python-entreprise.onrender.com/ventes/synchroniser
2026-09-14 18:00:15,541 - WARNING - Synchronisation différée: 401 Client Error: Unauthorized for url: https://portfolio-python-entreprise.onrender.com/ventes/synchroniser
2026-09-14 18:00:43,956 - WARNING - Synchronisation différée: 401 Client Error: Unauthorized for url: https://portfolio-python-entreprise.onrender.com/ventes/synchroniser
2026-09-14 18:01:19,495 - WARNING - Synchronisation différée: 401 Client Error: Unauthorized for url: https://portfolio-python-entreprise.onrender.com/ventes/synchroniser
2026-09-14 18:01:45,254 - WARNING - Synchronisation différée: 401 Client Error: Unauthorized for url: https://portfolio-python-entreprise.onrender.com/ventes/synchroniser
2026-09-14 18:02:21,567 - WARNING - Synchronisation différée: 401 Client Error: Unauthorized for url: https://portfolio-python-entreprise.onrender.com/ventes/synchroniser
2026-09-14 18:02:43,319 - WARNING - Synchronisation différée: 401 Client Error: Unauthorized for url: https://portfolio-python-entreprise.onrender.com/ventes/synchroniser
2026-09-14 18:03:17,132 - WARNING - Synchronisation différée: 401 Client Error: Unauthorized for url: https://portfolio-python-entreprise.onrender.com/ventes/synchroniser
2026-09-14 18:03:45,069 - WARNING - Synchronisation différée: 401 Client Error: Unauthorized for url: https://portfolio-python-entreprise.onrender.com/ventes/synchroniser
2026-09-14 18:04:16,778 - WARNING - Synchronisation différée: 401 Client Error: Unauthorized for url: https://portfolio-python-entreprise.onrender.com/ventes/synchroniser
2026-09-14 18:04:43,992 - WARNING - Synchronisation différée: 401 Client Error: Unauthorized for url: https://portfolio-python-entreprise.onrender.com/ventes/synchroniser
2026-09-14 18:05:15,776 - WARNING - Synchronisation différée: 401 Client Error: Unauthorized for url: https://portfolio-python-entreprise.onrender.com/ventes/synchroniser
2026-09-14 18:05:44,728 - WARNING - Synchronisation différée: 401 Client Error: Unauthorized for url: https://portfolio-python-entreprise.onrender.com/ventes/synchroniser
2026-09-14 18:06:15,151 - WARNING - Synchronisation différée: 401 Client Error: Unauthorized for url: https://portfolio-python-entreprise.onrender.com/ventes/synchroniser
2026-09-14 18:06:45,850 - WARNING - Synchronisation différée: 401 Client Error: Unauthorized for url: https://portfolio-python-entreprise.onrender.com/ventes/synchroniser
2026-09-14 18:07:20,228 - WARNING - Synchronisation différée: HTTPSConnectionPool(host='portfolio-python-entreprise.onrender.com', port=443): Read timed out. (read timeout=8)
2026-09-14 18:07:44,064 - WARNING - Synchronisation différée: 401 Client Error: Unauthorized for url: https://portfolio-python-entreprise.onrender.com/ventes/synchroniser
2026-09-14 18:08:19,959 - WARNING - Synchronisation différée: 401 Client Error: Unauthorized for url: https://portfolio-python-entreprise.onrender.com/ventes/synchroniser
2026-09-14 18:08:49,367 - WARNING - Synchronisation différée: 401 Client Error: Unauthorized for url: https://portfolio-python-entreprise.onrender.com/ventes/synchroniser
2026-09-14 18:09:16,989 - WARNING - Synchronisation différée: 401 Client Error: Unauthorized for url: https://portfolio-python-entreprise.onrender.com/ventes/synchroniser
2026-09-14 18:09:47,477 - WARNING - Synchronisation différée: 401 Client Error: Unauthorized for url: https://portfolio-python-entreprise.onrender.com/ventes/synchroniser
2026-09-14 18:10:21,231 - WARNING - Synchronisation différée: 401 Client Error: Unauthorized for url: https://portfolio-python-entreprise.onrender.com/ventes/synchroniser
2026-09-14 18:10:51,575 - WARNING - Synchronisation différée: 401 Client Error: Unauthorized for url: https://portfolio-python-entreprise.onrender.com/ventes/synchroniser
2026-09-14 18:11:14,268 - WARNING - Synchronisation différée: 401 Client Error: Unauthorized for url: https://portfolio-python-entreprise.onrender.com/ventes/synchroniser
2026-09-14 18:11:43,445 - WARNING - Synchronisation différée: 401 Client Error: Unauthorized for url: https://portfolio-python-entreprise.onrender.com/ventes/synchroniser
2026-09-14 18:12:17,745 - WARNING - Synchronisation différée: 401 Client Error: Unauthorized for url: https://portfolio-python-entreprise.onrender.com/ventes/synchroniser
2026-09-14 18:12:45,420 - WARNING - Synchronisation différée: 401 Client Error: Unauthorized for url: https://portfolio-python-entreprise.onrender.com/ventes/synchroniser
2026-09-14 18:13:15,805 - WARNING - Synchronisation différée: 401 Client Error: Unauthorized for url: https://portfolio-python-entreprise.onrender.com/ventes/synchroniser
2026-09-14 18:13:44,601 - WARNING - Synchronisation différée: 401 Client Error: Unauthorized for url: https://portfolio-python-entreprise.onrender.com/ventes/synchroniser
2026-09-14 18:14:13,771 - WARNING - Synchronisation différée: 401 Client Error: Unauthorized for url: https://portfolio-python-entreprise.onrender.com/ventes/synchroniser
2026-09-14 18:14:43,889 - WARNING - Synchronisation différée: 401 Client Error: Unauthorized for url: https://portfolio-python-entreprise.onrender.com/ventes/synchroniser
2026-09-14 18:15:15,393 - WARNING - Synchronisation différée: 401 Client Error: Unauthorized for url: https://portfolio-python-entreprise.onrender.com/ventes/synchroniser
2026-09-14 18:15:43,527 - WARNING - Synchronisation différée: 401 Client Error: Unauthorized for url: https://portfolio-python-entreprise.onrender.com/ventes/synchroniser
2026-09-14 18:16:13,998 - WARNING - Synchronisation différée: 401 Client Error: Unauthorized for url: https://portfolio-python-entreprise.onrender.com/ventes/synchroniser
2026-09-14 18:16:44,207 - WARNING - Synchronisation différée: 401 Client Error: Unauthorized for url: https://portfolio-python-entreprise.onrender.com/ventes/synchroniser
2026-09-14 18:17:13,543 - WARNING - Synchronisation différée: 401 Client Error: Unauthorized for url: https://portfolio-python-entreprise.onrender.com/ventes/synchroniser
2026-09-14 18:17:43,699 - WARNING - Synchronisation différée: 401 Client Error: Unauthorized for url: https://portfolio-python-entreprise.onrender.com/ventes/synchroniser
2026-09-14 18:18:14,227 - WARNING - Synchronisation différée: 401 Client Error: Unauthorized for url: https://portfolio-python-entreprise.onrender.com/ventes/synchroniser
2026-09-14 18:18:44,330 - WARNING - Synchronisation différée: 401 Client Error: Unauthorized for url: https://portfolio-python-entreprise.onrender.com/ventes/synchroniser
2026-09-14 18:19:13,432 - WARNING - Synchronisation différée: 401 Client Error: Unauthorized for url: https://portfolio-python-entreprise.onrender.com/ventes/synchroniser
2026-09-14 18:19:44,125 - WARNING - Synchronisation différée: 401 Client Error: Unauthorized for url: https://portfolio-python-entreprise.onrender.com/ventes/synchroniser
2026-09-14 18:20:13,560 - WARNING - Synchronisation différée: 401 Client Error: Unauthorized for url: https://portfolio-python-entreprise.onrender.com/ventes/synchroniser
2026-09-14 18:20:43,446 - WARNING - Synchronisation différée: 401 Client Error: Unauthorized for url: https://portfolio-python-entreprise.onrender.com/ventes/synchroniser
2026-09-14 18:21:13,491 - WARNING - Synchronisation différée: 401 Client Error: Unauthorized for url: https://portfolio-python-entreprise.onrender.com/ventes/synchroniser
2026-09-14 18:21:44,101 - WARNING - Synchronisation différée: 401 Client Error: Unauthorized for url: https://portfolio-python-entreprise.onrender.com/ventes/synchroniser
2026-09-14 18:22:13,629 - WARNING - Synchronisation différée: 401 Client Error: Unauthorized for url: https://portfolio-python-entreprise.onrender.com/ventes/synchroniser
2026-09-14 18:22:43,551 - WARNING - Synchronisation différée: 401 Client Error: Unauthorized for url: https://portfolio-python-entreprise.onrender.com/ventes/synchroniser
2026-09-14 18:23:13,723 - WARNING - Synchronisation différée: 401 Client Error: Unauthorized for url: https://portfolio-python-entreprise.onrender.com/ventes/synchroniser
2026-09-14 18:23:52,496 - WARNING - Synchronisation différée: 401 Client Error: Unauthorized for url: https://portfolio-python-entreprise.onrender.com/ventes/synchroniser
2026-09-14 18:24:14,266 - WARNING - Synchronisation différée: 401 Client Error: Unauthorized for url: https://portfolio-python-entreprise.onrender.com/ventes/synchroniser
2026-09-14 18:24:43,928 - WARNING - Synchronisation différée: 401 Client Error: Unauthorized for url: https://portfolio-python-entreprise.onrender.com/ventes/synchroniser
2026-09-14 18:25:17,313 - WARNING - Synchronisation différée: 401 Client Error: Unauthorized for url: https://portfolio-python-entreprise.onrender.com/ventes/synchroniser
2026-09-14 18:25:47,724 - WARNING - Synchronisation différée: 401 Client Error: Unauthorized for url: https://portfolio-python-entreprise.onrender.com/ventes/synchroniser
2026-09-14 18:26:17,103 - WARNING - Synchronisation différée: 401 Client Error: Unauthorized for url: https://portfolio-python-entreprise.onrender.com/ventes/synchroniser
2026-09-14 18:26:44,485 - WARNING - Synchronisation différée: 401 Client Error: Unauthorized for url: https://portfolio-python-entreprise.onrender.com/ventes/synchroniser
2026-09-14 18:27:14,163 - WARNING - Synchronisation différée: 401 Client Error: Unauthorized for url: https://portfolio-python-entreprise.onrender.com/ventes/synchroniser
2026-09-14 18:27:45,882 - WARNING - Synchronisation différée: 401 Client Error: Unauthorized for url: https://portfolio-python-entreprise.onrender.com/ventes/synchroniser
2026-09-14 18:28:13,829 - WARNING - Synchronisation différée: 401 Client Error: Unauthorized for url: https://portfolio-python-entreprise.onrender.com/ventes/synchroniser
2026-09-14 18:28:43,572 - WARNING - Synchronisation différée: 401 Client Error: Unauthorized for url: https://portfolio-python-entreprise.onrender.com/ventes/synchroniser
2026-09-14 18:29:14,667 - WARNING - Synchronisation différée: 401 Client Error: Unauthorized for url: https://portfolio-python-entreprise.onrender.com/ventes/synchroniser
2026-09-14 18:29:44,330 - WARNING - Synchronisation différée: 401 Client Error: Unauthorized for url: https://portfolio-python-entreprise.onrender.com/ventes/synchroniser
2026-09-14 18:30:14,253 - WARNING - Synchronisation différée: 401 Client Error: Unauthorized for url: https://portfolio-python-entreprise.onrender.com/ventes/synchroniser
2026-09-14 18:30:43,798 - WARNING - Synchronisation différée: 401 Client Error: Unauthorized for url: https://portfolio-python-entreprise.onrender.com/ventes/synchroniser
2026-09-14 18:31:13,642 - WARNING - Synchronisation différée: 401 Client Error: Unauthorized for url: https://portfolio-python-entreprise.onrender.com/ventes/synchroniser
2026-09-14 18:31:43,727 - WARNING - Synchronisation différée: 401 Client Error: Unauthorized for url: https://portfolio-python-entreprise.onrender.com/ventes/synchroniser
2026-09-14 18:32:16,642 - WARNING - Synchronisation différée: 401 Client Error: Unauthorized for url: https://portfolio-python-entreprise.onrender.com/ventes/synchroniser
2026-09-14 18:32:43,785 - WARNING - Synchronisation différée: 401 Client Error: Unauthorized for url: https://portfolio-python-entreprise.onrender.com/ventes/synchroniser
2026-09-14 18:33:13,877 - WARNING - Synchronisation différée: 401 Client Error: Unauthorized for url: https://portfolio-python-entreprise.onrender.com/ventes/synchroniser
2026-09-14 18:33:44,568 - WARNING - Synchronisation différée: 401 Client Error: Unauthorized for url: https://portfolio-python-entreprise.onrender.com/ventes/synchroniser
2026-09-14 18:34:13,574 - WARNING - Synchronisation différée: 401 Client Error: Unauthorized for url: https://portfolio-python-entreprise.onrender.com/ventes/synchroniser
2026-09-14 18:34:50,177 - WARNING - Synchronisation différée: 401 Client Error: Unauthorized for url: https://portfolio-python-entreprise.onrender.com/ventes/synchroniser
2026-09-14 18:35:13,780 - WARNING - Synchronisation différée: 401 Client Error: Unauthorized for url: https://portfolio-python-entreprise.onrender.com/ventes/synchroniser
2026-09-14 18:35:43,917 - WARNING - Synchronisation différée: 401 Client Error: Unauthorized for url: https://portfolio-python-entreprise.onrender.com/ventes/synchroniser
2026-09-14 18:36:14,459 - WARNING - Synchronisation différée: 401 Client Error: Unauthorized for url: https://portfolio-python-entreprise.onrender.com/ventes/synchroniser
2026-09-14 18:36:44,257 - WARNING - Synchronisation différée: 401 Client Error: Unauthorized for url: https://portfolio-python-entreprise.onrender.com/ventes/synchroniser
2026-09-14 18:37:16,280 - WARNING - Synchronisation différée: 401 Client Error: Unauthorized for url: https://portfolio-python-entreprise.onrender.com/ventes/synchroniser
2026-09-14 18:37:44,248 - WARNING - Synchronisation différée: 401 Client Error: Unauthorized for url: https://portfolio-python-entreprise.onrender.com/ventes/synchroniser
2026-09-14 18:38:14,243 - WARNING - Synchronisation différée: 401 Client Error: Unauthorized for url: https://portfolio-python-entreprise.onrender.com/ventes/synchroniser
2026-09-14 18:38:44,306 - WARNING - Synchronisation différée: 401 Client Error: Unauthorized for url: https://portfolio-python-entreprise.onrender.com/ventes/synchroniser
2026-09-14 18:39:21,807 - WARNING - Synchronisation différée: 401 Client Error: Unauthorized for url: https://portfolio-python-entreprise.onrender.com/ventes/synchroniser
2026-09-14 18:39:44,659 - WARNING - Synchronisation différée: 401 Client Error: Unauthorized for url: https://portfolio-python-entreprise.onrender.com/ventes/synchroniser
2026-09-14 18:40:15,938 - WARNING - Synchronisation différée: 401 Client Error: Unauthorized for url: https://portfolio-python-entreprise.onrender.com/ventes/synchroniser
2026-09-14 18:40:44,067 - WARNING - Synchronisation différée: 401 Client Error: Unauthorized for url: https://portfolio-python-entreprise.onrender.com/ventes/synchroniser
2026-09-14 18:41:15,383 - WARNING - Synchronisation différée: 401 Client Error: Unauthorized for url: https://portfolio-python-entreprise.onrender.com/ventes/synchroniser
2026-09-14 18:41:44,051 - WARNING - Synchronisation différée: 401 Client Error: Unauthorized for url: https://portfolio-python-entreprise.onrender.com/ventes/synchroniser
2026-09-14 18:42:14,525 - WARNING - Synchronisation différée: 401 Client Error: Unauthorized for url: https://portfolio-python-entreprise.onrender.com/ventes/synchroniser
2026-09-14 18:42:44,597 - WARNING - Synchronisation différée: 401 Client Error: Unauthorized for url: https://portfolio-python-entreprise.onrender.com/ventes/synchroniser
2026-09-14 18:43:13,925 - WARNING - Synchronisation différée: 401 Client Error: Unauthorized for url: https://portfolio-python-entreprise.onrender.com/ventes/synchroniser
2026-09-14 18:43:44,463 - WARNING - Synchronisation différée: 401 Client Error: Unauthorized for url: https://portfolio-python-entreprise.onrender.com/ventes/synchroniser
2026-09-14 18:44:14,556 - WARNING - Synchronisation différée: 401 Client Error: Unauthorized for url: https://portfolio-python-entreprise.onrender.com/ventes/synchroniser
2026-09-14 18:44:44,831 - WARNING - Synchronisation différée: 401 Client Error: Unauthorized for url: https://portfolio-python-entreprise.onrender.com/ventes/synchroniser
2026-09-14 18:45:15,311 - WARNING - Synchronisation différée: 401 Client Error: Unauthorized for url: https://portfolio-python-entreprise.onrender.com/ventes/synchroniser
2026-09-14 18:45:44,928 - WARNING - Synchronisation différée: 401 Client Error: Unauthorized for url: https://portfolio-python-entreprise.onrender.com/ventes/synchroniser
2026-09-14 18:46:14,797 - WARNING - Synchronisation différée: 401 Client Error: Unauthorized for url: https://portfolio-python-entreprise.onrender.com/ventes/synchroniser
2026-09-14 18:46:51,617 - WARNING - Synchronisation différée: 401 Client Error: Unauthorized for url: https://portfolio-python-entreprise.onrender.com/ventes/synchroniser
2026-09-14 18:47:15,168 - WARNING - Synchronisation différée: 401 Client Error: Unauthorized for url: https://portfolio-python-entreprise.onrender.com/ventes/synchroniser
2026-09-14 18:47:43,870 - WARNING - Synchronisation différée: 401 Client Error: Unauthorized for url: https://portfolio-python-entreprise.onrender.com/ventes/synchroniser
2026-09-14 18:48:16,548 - WARNING - Synchronisation différée: 401 Client Error: Unauthorized for url: https://portfolio-python-entreprise.onrender.com/ventes/synchroniser
2026-09-14 18:48:43,833 - WARNING - Synchronisation différée: 401 Client Error: Unauthorized for url: https://portfolio-python-entreprise.onrender.com/ventes/synchroniser
2026-09-14 18:49:14,644 - WARNING - Synchronisation différée: 401 Client Error: Unauthorized for url: https://portfolio-python-entreprise.onrender.com/ventes/synchroniser
2026-09-14 18:49:43,721 - WARNING - Synchronisation différée: 401 Client Error: Unauthorized for url: https://portfolio-python-entreprise.onrender.com/ventes/synchroniser
2026-09-14 18:50:14,349 - WARNING - Synchronisation différée: 401 Client Error: Unauthorized for url: https://portfolio-python-entreprise.onrender.com/ventes/synchroniser
2026-09-14 18:50:43,719 - WARNING - Synchronisation différée: 401 Client Error: Unauthorized for url: https://portfolio-python-entreprise.onrender.com/ventes/synchroniser
2026-09-14 18:51:16,586 - WARNING - Synchronisation différée: 401 Client Error: Unauthorized for url: https://portfolio-python-entreprise.onrender.com/ventes/synchroniser
2026-09-14 18:51:44,217 - WARNING - Synchronisation différée: 401 Client Error: Unauthorized for url: https://portfolio-python-entreprise.onrender.com/ventes/synchroniser
2026-09-14 18:52:13,917 - WARNING - Synchronisation différée: 401 Client Error: Unauthorized for url: https://portfolio-python-entreprise.onrender.com/ventes/synchroniser
2026-09-14 18:52:43,893 - WARNING - Synchronisation différée: 401 Client Error: Unauthorized for url: https://portfolio-python-entreprise.onrender.com/ventes/synchroniser
2026-09-14 18:53:14,156 - WARNING - Synchronisation différée: 401 Client Error: Unauthorized for url: https://portfolio-python-entreprise.onrender.com/ventes/synchroniser
2026-09-14 18:53:45,531 - WARNING - Synchronisation différée: 401 Client Error: Unauthorized for url: https://portfolio-python-entreprise.onrender.com/ventes/synchroniser
2026-09-14 18:54:15,638 - WARNING - Synchronisation différée: 401 Client Error: Unauthorized for url: https://portfolio-python-entreprise.onrender.com/ventes/synchroniser
2026-09-14 18:54:44,778 - WARNING - Synchronisation différée: 401 Client Error: Unauthorized for url: https://portfolio-python-entreprise.onrender.com/ventes/synchroniser
2026-09-14 18:55:13,847 - WARNING - Synchronisation différée: 401 Client Error: Unauthorized for url: https://portfolio-python-entreprise.onrender.com/ventes/synchroniser
2026-09-14 18:55:43,751 - WARNING - Synchronisation différée: 401 Client Error: Unauthorized for url: https://portfolio-python-entreprise.onrender.com/ventes/synchroniser
2026-09-14 18:56:14,504 - WARNING - Synchronisation différée: 401 Client Error: Unauthorized for url: https://portfolio-python-entreprise.onrender.com/ventes/synchroniser
2026-09-14 18:56:44,254 - WARNING - Synchronisation différée: 401 Client Error: Unauthorized for url: https://portfolio-python-entreprise.onrender.com/ventes/synchroniser
2026-09-14 18:57:14,003 - WARNING - Synchronisation différée: 401 Client Error: Unauthorized for url: https://portfolio-python-entreprise.onrender.com/ventes/synchroniser
2026-09-14 18:57:44,465 - WARNING - Synchronisation différée: 401 Client Error: Unauthorized for url: https://portfolio-python-entreprise.onrender.com/ventes/synchroniser
2026-09-14 18:58:14,034 - WARNING - Synchronisation différée: 401 Client Error: Unauthorized for url: https://portfolio-python-entreprise.onrender.com/ventes/synchroniser
2026-09-14 18:58:44,078 - WARNING - Synchronisation différée: 401 Client Error: Unauthorized for url: https://portfolio-python-entreprise.onrender.com/ventes/synchroniser
2026-09-14 18:59:14,049 - WARNING - Synchronisation différée: 401 Client Error: Unauthorized for url: https://portfolio-python-entreprise.onrender.com/ventes/synchroniser
2026-09-14 18:59:45,233 - WARNING - Synchronisation différée: 401 Client Error: Unauthorized for url: https://portfolio-python-entreprise.onrender.com/ventes/synchroniser
2026-09-14 19:00:13,926 - WARNING - Synchronisation différée: 401 Client Error: Unauthorized for url: https://portfolio-python-entreprise.onrender.com/ventes/synchroniser
2026-09-14 19:00:44,036 - WARNING - Synchronisation différée: 401 Client Error: Unauthorized for url: https://portfolio-python-entreprise.onrender.com/ventes/synchroniser
2026-09-14 19:01:14,964 - WARNING - Synchronisation différée: 401 Client Error: Unauthorized for url: https://portfolio-python-entreprise.onrender.com/ventes/synchroniser
2026-09-14 19:01:48,210 - WARNING - Synchronisation différée: 401 Client Error: Unauthorized for url: https://portfolio-python-entreprise.onrender.com/ventes/synchroniser
2026-09-14 19:02:13,859 - WARNING - Synchronisation différée: 401 Client Error: Unauthorized for url: https://portfolio-python-entreprise.onrender.com/ventes/synchroniser
2026-09-14 19:02:44,012 - WARNING - Synchronisation différée: 401 Client Error: Unauthorized for url: https://portfolio-python-entreprise.onrender.com/ventes/synchroniser
2026-09-14 19:03:14,108 - WARNING - Synchronisation différée: 401 Client Error: Unauthorized for url: https://portfolio-python-entreprise.onrender.com/ventes/synchroniser
2026-09-14 19:03:43,974 - WARNING - Synchronisation différée: 401 Client Error: Unauthorized for url: https://portfolio-python-entreprise.onrender.com/ventes/synchroniser
2026-09-14 19:04:17,304 - WARNING - Synchronisation différée: 401 Client Error: Unauthorized for url: https://portfolio-python-entreprise.onrender.com/ventes/synchroniser
2026-09-14 19:04:44,170 - WARNING - Synchronisation différée: 401 Client Error: Unauthorized for url: https://portfolio-python-entreprise.onrender.com/ventes/synchroniser
2026-09-14 19:05:14,450 - WARNING - Synchronisation différée: 401 Client Error: Unauthorized for url: https://portfolio-python-entreprise.onrender.com/ventes/synchroniser
2026-09-14 19:05:44,052 - WARNING - Synchronisation différée: 401 Client Error: Unauthorized for url: https://portfolio-python-entreprise.onrender.com/ventes/synchroniser
2026-09-14 19:06:14,227 - WARNING - Synchronisation différée: 401 Client Error: Unauthorized for url: https://portfolio-python-entreprise.onrender.com/ventes/synchroniser
2026-09-14 19:06:46,346 - WARNING - Synchronisation différée: 401 Client Error: Unauthorized for url: https://portfolio-python-entreprise.onrender.com/ventes/synchroniser
2026-09-14 19:07:14,073 - WARNING - Synchronisation différée: 401 Client Error: Unauthorized for url: https://portfolio-python-entreprise.onrender.com/ventes/synchroniser
2026-09-14 19:07:44,742 - WARNING - Synchronisation différée: 401 Client Error: Unauthorized for url: https://portfolio-python-entreprise.onrender.com/ventes/synchroniser
2026-09-14 19:08:13,995 - WARNING - Synchronisation différée: 401 Client Error: Unauthorized for url: https://portfolio-python-entreprise.onrender.com/ventes/synchroniser
2026-09-14 19:08:43,946 - WARNING - Synchronisation différée: 401 Client Error: Unauthorized for url: https://portfolio-python-entreprise.onrender.com/ventes/synchroniser
2026-09-14 19:09:14,141 - WARNING - Synchronisation différée: 401 Client Error: Unauthorized for url: https://portfolio-python-entreprise.onrender.com/ventes/synchroniser
2026-09-14 19:09:44,050 - WARNING - Synchronisation différée: 401 Client Error: Unauthorized for url: https://portfolio-python-entreprise.onrender.com/ventes/synchroniser
2026-09-14 19:10:19,837 - WARNING - Synchronisation différée: 401 Client Error: Unauthorized for url: https://portfolio-python-entreprise.onrender.com/ventes/synchroniser
2026-09-14 19:10:44,153 - WARNING - Synchronisation différée: 401 Client Error: Unauthorized for url: https://portfolio-python-entreprise.onrender.com/ventes/synchroniser
2026-09-14 19:11:20,482 - WARNING - Synchronisation différée: 401 Client Error: Unauthorized for url: https://portfolio-python-entreprise.onrender.com/ventes/synchroniser
2026-09-14 19:11:54,221 - WARNING - Synchronisation différée: 401 Client Error: Unauthorized for url: https://portfolio-python-entreprise.onrender.com/ventes/synchroniser
2026-09-14 19:12:14,224 - WARNING - Synchronisation différée: 401 Client Error: Unauthorized for url: https://portfolio-python-entreprise.onrender.com/ventes/synchroniser
2026-09-14 19:12:46,132 - WARNING - Synchronisation différée: 401 Client Error: Unauthorized for url: https://portfolio-python-entreprise.onrender.com/ventes/synchroniser
2026-09-14 19:13:13,942 - WARNING - Synchronisation différée: 401 Client Error: Unauthorized for url: https://portfolio-python-entreprise.onrender.com/ventes/synchroniser
2026-09-14 19:13:44,254 - WARNING - Synchronisation différée: 401 Client Error: Unauthorized for url: https://portfolio-python-entreprise.onrender.com/ventes/synchroniser
2026-09-14 19:14:15,187 - WARNING - Synchronisation différée: 401 Client Error: Unauthorized for url: https://portfolio-python-entreprise.onrender.com/ventes/synchroniser
2026-09-14 19:14:57,963 - WARNING - Synchronisation différée: ('Connection aborted.', RemoteDisconnected('Remote end closed connection without response'))
2026-09-14 19:15:16,998 - WARNING - Synchronisation différée: 401 Client Error: Unauthorized for url: https://portfolio-python-entreprise.onrender.com/ventes/synchroniser
2026-09-14 19:15:50,886 - WARNING - Synchronisation différée: HTTPSConnectionPool(host='portfolio-python-entreprise.onrender.com', port=443): Read timed out. (read timeout=8)
2026-09-14 19:16:28,178 - WARNING - Synchronisation différée: HTTPSConnectionPool(host='portfolio-python-entreprise.onrender.com', port=443): Max retries exceeded with url: /ventes/synchroniser (Caused by ConnectTimeoutError(<HTTPSConnection(host='portfolio-python-entreprise.onrender.com', port=443) at 0x2a5410e6490>, 'Connection to portfolio-python-entreprise.onrender.com timed out. (connect timeout=8)'))
2026-09-14 19:16:53,746 - WARNING - Synchronisation différée: ('Connection aborted.', ConnectionResetError(10054, 'Une connexion existante a dû être fermée par l’hôte distant', None, 10054, None))
2026-09-14 19:17:25,182 - WARNING - Synchronisation différée: 401 Client Error: Unauthorized for url: https://portfolio-python-entreprise.onrender.com/ventes/synchroniser
2026-09-14 19:17:43,941 - WARNING - Synchronisation différée: 401 Client Error: Unauthorized for url: https://portfolio-python-entreprise.onrender.com/ventes/synchroniser
2026-09-14 19:18:22,094 - WARNING - Synchronisation différée: ('Connection aborted.', ConnectionResetError(10054, 'Une connexion existante a dû être fermée par l’hôte distant', None, 10054, None))
2026-09-14 19:19:07,273 - WARNING - Synchronisation différée: HTTPSConnectionPool(host='portfolio-python-entreprise.onrender.com', port=443): Read timed out. (read timeout=8)
2026-09-14 19:19:19,239 - WARNING - Synchronisation différée: ('Connection aborted.', ConnectionResetError(10054, 'Une connexion existante a dû être fermée par l’hôte distant', None, 10054, None))
2026-09-14 19:19:51,076 - WARNING - Synchronisation différée: HTTPSConnectionPool(host='portfolio-python-entreprise.onrender.com', port=443): Read timed out. (read timeout=8)
2026-09-14 19:20:26,894 - WARNING - Synchronisation différée: 401 Client Error: Unauthorized for url: https://portfolio-python-entreprise.onrender.com/ventes/synchroniser
2026-09-14 19:20:54,988 - WARNING - Synchronisation différée: ('Connection aborted.', ConnectionResetError(10054, 'Une connexion existante a dû être fermée par l’hôte distant', None, 10054, None))
2026-09-14 19:21:22,314 - WARNING - Synchronisation différée: 401 Client Error: Unauthorized for url: https://portfolio-python-entreprise.onrender.com/ventes/synchroniser
2026-09-14 19:21:58,259 - WARNING - Synchronisation différée: HTTPSConnectionPool(host='portfolio-python-entreprise.onrender.com', port=443): Read timed out. (read timeout=8)
2026-09-14 19:22:29,511 - WARNING - Synchronisation différée: ('Connection aborted.', ConnectionResetError(10054, 'Une connexion existante a dû être fermée par l’hôte distant', None, 10054, None))
2026-09-14 19:22:55,093 - WARNING - Synchronisation différée: HTTPSConnectionPool(host='portfolio-python-entreprise.onrender.com', port=443): Read timed out. (read timeout=8)
2026-09-14 19:23:27,941 - WARNING - Synchronisation différée: ('Connection aborted.', ConnectionResetError(10054, 'Une connexion existante a dû être fermée par l’hôte distant', None, 10054, None))
2026-09-14 19:23:48,612 - WARNING - Synchronisation différée: 401 Client Error: Unauthorized for url: https://portfolio-python-entreprise.onrender.com/ventes/synchroniser
2026-09-14 19:24:17,689 - WARNING - Synchronisation différée: 401 Client Error: Unauthorized for url: https://portfolio-python-entreprise.onrender.com/ventes/synchroniser
2026-09-14 19:24:44,806 - WARNING - Synchronisation différée: 401 Client Error: Unauthorized for url: https://portfolio-python-entreprise.onrender.com/ventes/synchroniser
2026-09-14 19:25:14,414 - WARNING - Synchronisation différée: 401 Client Error: Unauthorized for url: https://portfolio-python-entreprise.onrender.com/ventes/synchroniser
2026-09-14 19:25:44,405 - WARNING - Synchronisation différée: 401 Client Error: Unauthorized for url: https://portfolio-python-entreprise.onrender.com/ventes/synchroniser
2026-09-14 19:26:14,397 - WARNING - Synchronisation différée: 401 Client Error: Unauthorized for url: https://portfolio-python-entreprise.onrender.com/ventes/synchroniser
2026-09-14 19:26:44,208 - WARNING - Synchronisation différée: 401 Client Error: Unauthorized for url: https://portfolio-python-entreprise.onrender.com/ventes/synchroniser
2026-09-14 19:27:18,683 - WARNING - Synchronisation différée: 401 Client Error: Unauthorized for url: https://portfolio-python-entreprise.onrender.com/ventes/synchroniser
2026-09-14 19:27:44,222 - WARNING - Synchronisation différée: 401 Client Error: Unauthorized for url: https://portfolio-python-entreprise.onrender.com/ventes/synchroniser
2026-09-14 19:28:15,111 - WARNING - Synchronisation différée: 401 Client Error: Unauthorized for url: https://portfolio-python-entreprise.onrender.com/ventes/synchroniser
2026-09-14 19:28:44,142 - WARNING - Synchronisation différée: 401 Client Error: Unauthorized for url: https://portfolio-python-entreprise.onrender.com/ventes/synchroniser
2026-09-14 19:29:14,649 - WARNING - Synchronisation différée: 401 Client Error: Unauthorized for url: https://portfolio-python-entreprise.onrender.com/ventes/synchroniser
2026-09-14 19:29:44,333 - WARNING - Synchronisation différée: 401 Client Error: Unauthorized for url: https://portfolio-python-entreprise.onrender.com/ventes/synchroniser
2026-09-14 19:30:14,776 - WARNING - Synchronisation différée: 401 Client Error: Unauthorized for url: https://portfolio-python-entreprise.onrender.com/ventes/synchroniser
2026-09-14 19:30:44,723 - WARNING - Synchronisation différée: 401 Client Error: Unauthorized for url: https://portfolio-python-entreprise.onrender.com/ventes/synchroniser
2026-09-14 19:31:16,700 - WARNING - Synchronisation différée: 401 Client Error: Unauthorized for url: https://portfolio-python-entreprise.onrender.com/ventes/synchroniser
2026-09-14 19:31:44,596 - WARNING - Synchronisation différée: 401 Client Error: Unauthorized for url: https://portfolio-python-entreprise.onrender.com/ventes/synchroniser
2026-09-14 19:32:15,990 - WARNING - Synchronisation différée: 401 Client Error: Unauthorized for url: https://portfolio-python-entreprise.onrender.com/ventes/synchroniser
2026-09-14 19:32:44,255 - WARNING - Synchronisation différée: 401 Client Error: Unauthorized for url: https://portfolio-python-entreprise.onrender.com/ventes/synchroniser
2026-09-14 19:33:21,419 - WARNING - Synchronisation différée: 401 Client Error: Unauthorized for url: https://portfolio-python-entreprise.onrender.com/ventes/synchroniser
2026-09-14 19:33:45,394 - WARNING - Synchronisation différée: 401 Client Error: Unauthorized for url: https://portfolio-python-entreprise.onrender.com/ventes/synchroniser
2026-09-14 19:34:15,955 - WARNING - Synchronisation différée: 401 Client Error: Unauthorized for url: https://portfolio-python-entreprise.onrender.com/ventes/synchroniser
2026-09-14 19:34:44,507 - WARNING - Synchronisation différée: 401 Client Error: Unauthorized for url: https://portfolio-python-entreprise.onrender.com/ventes/synchroniser
2026-09-14 19:35:15,010 - WARNING - Synchronisation différée: 401 Client Error: Unauthorized for url: https://portfolio-python-entreprise.onrender.com/ventes/synchroniser
2026-09-14 19:35:45,615 - WARNING - Synchronisation différée: 401 Client Error: Unauthorized for url: https://portfolio-python-entreprise.onrender.com/ventes/synchroniser
2026-09-14 19:36:19,847 - WARNING - Synchronisation différée: 401 Client Error: Unauthorized for url: https://portfolio-python-entreprise.onrender.com/ventes/synchroniser
2026-09-14 19:36:44,249 - WARNING - Synchronisation différée: 401 Client Error: Unauthorized for url: https://portfolio-python-entreprise.onrender.com/ventes/synchroniser
2026-09-14 19:37:23,676 - WARNING - Synchronisation différée: 401 Client Error: Unauthorized for url: https://portfolio-python-entreprise.onrender.com/ventes/synchroniser
2026-09-14 19:37:44,708 - WARNING - Synchronisation différée: 401 Client Error: Unauthorized for url: https://portfolio-python-entreprise.onrender.com/ventes/synchroniser
2026-09-14 19:38:14,461 - WARNING - Synchronisation différée: 401 Client Error: Unauthorized for url: https://portfolio-python-entreprise.onrender.com/ventes/synchroniser
2026-09-14 19:38:44,170 - WARNING - Synchronisation différée: 401 Client Error: Unauthorized for url: https://portfolio-python-entreprise.onrender.com/ventes/synchroniser
2026-09-14 19:39:14,555 - WARNING - Synchronisation différée: 401 Client Error: Unauthorized for url: https://portfolio-python-entreprise.onrender.com/ventes/synchroniser
2026-09-14 19:39:52,261 - WARNING - Synchronisation différée: HTTPSConnectionPool(host='portfolio-python-entreprise.onrender.com', port=443): Read timed out. (read timeout=8)
2026-09-14 19:40:22,357 - WARNING - Synchronisation différée: HTTPSConnectionPool(host='portfolio-python-entreprise.onrender.com', port=443): Read timed out. (read timeout=8)
2026-09-14 19:41:00,048 - WARNING - Synchronisation différée: HTTPSConnectionPool(host='portfolio-python-entreprise.onrender.com', port=443): Max retries exceeded with url: /ventes/synchroniser (Caused by ConnectTimeoutError(<HTTPSConnection(host='portfolio-python-entreprise.onrender.com', port=443) at 0x2a5410e6c10>, 'Connection to portfolio-python-entreprise.onrender.com timed out. (connect timeout=8)'))
2026-09-14 19:41:30,717 - WARNING - Synchronisation différée: HTTPSConnectionPool(host='portfolio-python-entreprise.onrender.com', port=443): Read timed out. (read timeout=8)
2026-09-14 19:41:53,922 - WARNING - Synchronisation différée: HTTPSConnectionPool(host='portfolio-python-entreprise.onrender.com', port=443): Read timed out. (read timeout=8)
2026-09-14 19:42:23,994 - WARNING - Synchronisation différée: HTTPSConnectionPool(host='portfolio-python-entreprise.onrender.com', port=443): Read timed out. (read timeout=8)
2026-09-14 19:42:44,564 - WARNING - Synchronisation différée: 401 Client Error: Unauthorized for url: https://portfolio-python-entreprise.onrender.com/ventes/synchroniser
2026-09-14 19:43:14,447 - WARNING - Synchronisation différée: 401 Client Error: Unauthorized for url: https://portfolio-python-entreprise.onrender.com/ventes/synchroniser
2026-09-14 19:43:44,300 - WARNING - Synchronisation différée: 401 Client Error: Unauthorized for url: https://portfolio-python-entreprise.onrender.com/ventes/synchroniser
2026-09-14 19:44:14,304 - WARNING - Synchronisation différée: 401 Client Error: Unauthorized for url: https://portfolio-python-entreprise.onrender.com/ventes/synchroniser
2026-09-14 19:44:44,363 - WARNING - Synchronisation différée: 401 Client Error: Unauthorized for url: https://portfolio-python-entreprise.onrender.com/ventes/synchroniser
2026-09-14 19:45:14,519 - WARNING - Synchronisation différée: 401 Client Error: Unauthorized for url: https://portfolio-python-entreprise.onrender.com/ventes/synchroniser
2026-09-14 19:45:44,451 - WARNING - Synchronisation différée: 401 Client Error: Unauthorized for url: https://portfolio-python-entreprise.onrender.com/ventes/synchroniser
2026-09-14 19:46:15,045 - WARNING - Synchronisation différée: 401 Client Error: Unauthorized for url: https://portfolio-python-entreprise.onrender.com/ventes/synchroniser
2026-09-14 19:46:44,421 - WARNING - Synchronisation différée: 401 Client Error: Unauthorized for url: https://portfolio-python-entreprise.onrender.com/ventes/synchroniser
2026-09-14 19:47:14,159 - WARNING - Synchronisation différée: 401 Client Error: Unauthorized for url: https://portfolio-python-entreprise.onrender.com/ventes/synchroniser
2026-09-14 19:47:44,612 - WARNING - Synchronisation différée: 401 Client Error: Unauthorized for url: https://portfolio-python-entreprise.onrender.com/ventes/synchroniser
2026-09-14 19:48:14,383 - WARNING - Synchronisation différée: 401 Client Error: Unauthorized for url: https://portfolio-python-entreprise.onrender.com/ventes/synchroniser
2026-09-14 19:48:44,656 - WARNING - Synchronisation différée: 401 Client Error: Unauthorized for url: https://portfolio-python-entreprise.onrender.com/ventes/synchroniser
2026-09-14 19:49:14,672 - WARNING - Synchronisation différée: 401 Client Error: Unauthorized for url: https://portfolio-python-entreprise.onrender.com/ventes/synchroniser
2026-09-14 19:49:44,809 - WARNING - Synchronisation différée: 401 Client Error: Unauthorized for url: https://portfolio-python-entreprise.onrender.com/ventes/synchroniser
2026-09-14 19:50:14,349 - WARNING - Synchronisation différée: 401 Client Error: Unauthorized for url: https://portfolio-python-entreprise.onrender.com/ventes/synchroniser
2026-09-14 19:50:45,632 - WARNING - Synchronisation différée: 401 Client Error: Unauthorized for url: https://portfolio-python-entreprise.onrender.com/ventes/synchroniser
2026-09-14 19:51:14,764 - WARNING - Synchronisation différée: 401 Client Error: Unauthorized for url: https://portfolio-python-entreprise.onrender.com/ventes/synchroniser
2026-09-14 19:51:45,279 - WARNING - Synchronisation différée: 401 Client Error: Unauthorized for url: https://portfolio-python-entreprise.onrender.com/ventes/synchroniser
2026-09-14 19:52:14,709 - WARNING - Synchronisation différée: 401 Client Error: Unauthorized for url: https://portfolio-python-entreprise.onrender.com/ventes/synchroniser
2026-09-14 19:52:44,725 - WARNING - Synchronisation différée: 401 Client Error: Unauthorized for url: https://portfolio-python-entreprise.onrender.com/ventes/synchroniser
2026-09-14 19:53:15,072 - WARNING - Synchronisation différée: 401 Client Error: Unauthorized for url: https://portfolio-python-entreprise.onrender.com/ventes/synchroniser
2026-09-14 19:53:44,905 - WARNING - Synchronisation différée: 401 Client Error: Unauthorized for url: https://portfolio-python-entreprise.onrender.com/ventes/synchroniser
2026-09-14 19:54:15,607 - WARNING - Synchronisation différée: 401 Client Error: Unauthorized for url: https://portfolio-python-entreprise.onrender.com/ventes/synchroniser
2026-09-14 19:54:45,541 - WARNING - Synchronisation différée: 401 Client Error: Unauthorized for url: https://portfolio-python-entreprise.onrender.com/ventes/synchroniser
2026-09-14 19:55:14,802 - WARNING - Synchronisation différée: 401 Client Error: Unauthorized for url: https://portfolio-python-entreprise.onrender.com/ventes/synchroniser
2026-09-14 19:55:45,471 - WARNING - Synchronisation différée: 401 Client Error: Unauthorized for url: https://portfolio-python-entreprise.onrender.com/ventes/synchroniser
2026-09-14 19:56:17,495 - WARNING - Synchronisation différée: 401 Client Error: Unauthorized for url: https://portfolio-python-entreprise.onrender.com/ventes/synchroniser
2026-09-14 19:56:45,127 - WARNING - Synchronisation différée: 401 Client Error: Unauthorized for url: https://portfolio-python-entreprise.onrender.com/ventes/synchroniser
2026-09-14 19:57:15,560 - WARNING - Synchronisation différée: 401 Client Error: Unauthorized for url: https://portfolio-python-entreprise.onrender.com/ventes/synchroniser
2026-09-14 19:57:45,547 - WARNING - Synchronisation différée: 401 Client Error: Unauthorized for url: https://portfolio-python-entreprise.onrender.com/ventes/synchroniser
2026-09-14 19:58:15,165 - WARNING - Synchronisation différée: 401 Client Error: Unauthorized for url: https://portfolio-python-entreprise.onrender.com/ventes/synchroniser
2026-09-14 19:58:45,092 - WARNING - Synchronisation différée: 401 Client Error: Unauthorized for url: https://portfolio-python-entreprise.onrender.com/ventes/synchroniser
2026-09-14 19:59:15,453 - WARNING - Synchronisation différée: 401 Client Error: Unauthorized for url: https://portfolio-python-entreprise.onrender.com/ventes/synchroniser
2026-09-14 19:59:45,196 - WARNING - Synchronisation différée: 401 Client Error: Unauthorized for url: https://portfolio-python-entreprise.onrender.com/ventes/synchroniser
2026-09-14 20:00:15,373 - WARNING - Synchronisation différée: 401 Client Error: Unauthorized for url: https://portfolio-python-entreprise.onrender.com/ventes/synchroniser
2026-09-14 20:00:45,731 - WARNING - Synchronisation différée: 401 Client Error: Unauthorized for url: https://portfolio-python-entreprise.onrender.com/ventes/synchroniser
2026-09-14 20:01:15,224 - WARNING - Synchronisation différée: 401 Client Error: Unauthorized for url: https://portfolio-python-entreprise.onrender.com/ventes/synchroniser
2026-09-14 20:01:45,562 - WARNING - Synchronisation différée: 401 Client Error: Unauthorized for url: https://portfolio-python-entreprise.onrender.com/ventes/synchroniser
2026-09-14 20:02:15,122 - WARNING - Synchronisation différée: 401 Client Error: Unauthorized for url: https://portfolio-python-entreprise.onrender.com/ventes/synchroniser
2026-09-14 20:02:45,624 - WARNING - Synchronisation différée: 401 Client Error: Unauthorized for url: https://portfolio-python-entreprise.onrender.com/ventes/synchroniser
2026-09-14 20:03:15,451 - WARNING - Synchronisation différée: 401 Client Error: Unauthorized for url: https://portfolio-python-entreprise.onrender.com/ventes/synchroniser
2026-09-14 20:03:47,728 - WARNING - Synchronisation différée: 401 Client Error: Unauthorized for url: https://portfolio-python-entreprise.onrender.com/ventes/synchroniser
2026-09-14 20:04:15,572 - WARNING - Synchronisation différée: 401 Client Error: Unauthorized for url: https://portfolio-python-entreprise.onrender.com/ventes/synchroniser
2026-09-14 20:04:48,761 - WARNING - Synchronisation différée: 401 Client Error: Unauthorized for url: https://portfolio-python-entreprise.onrender.com/ventes/synchroniser
2026-09-14 20:05:15,082 - WARNING - Synchronisation différée: 401 Client Error: Unauthorized for url: https://portfolio-python-entreprise.onrender.com/ventes/synchroniser
2026-09-14 20:05:45,343 - WARNING - Synchronisation différée: 401 Client Error: Unauthorized for url: https://portfolio-python-entreprise.onrender.com/ventes/synchroniser
2026-09-14 20:06:15,284 - WARNING - Synchronisation différée: 401 Client Error: Unauthorized for url: https://portfolio-python-entreprise.onrender.com/ventes/synchroniser
2026-09-14 20:06:45,112 - WARNING - Synchronisation différée: 401 Client Error: Unauthorized for url: https://portfolio-python-entreprise.onrender.com/ventes/synchroniser
2026-09-14 20:07:14,682 - WARNING - Synchronisation différée: 401 Client Error: Unauthorized for url: https://portfolio-python-entreprise.onrender.com/ventes/synchroniser
2026-09-14 20:07:45,005 - WARNING - Synchronisation différée: 401 Client Error: Unauthorized for url: https://portfolio-python-entreprise.onrender.com/ventes/synchroniser
2026-09-14 20:08:14,754 - WARNING - Synchronisation différée: 401 Client Error: Unauthorized for url: https://portfolio-python-entreprise.onrender.com/ventes/synchroniser
2026-09-14 20:08:45,572 - WARNING - Synchronisation différée: 401 Client Error: Unauthorized for url: https://portfolio-python-entreprise.onrender.com/ventes/synchroniser
2026-09-14 20:09:18,602 - WARNING - Synchronisation différée: 401 Client Error: Unauthorized for url: https://portfolio-python-entreprise.onrender.com/ventes/synchroniser
2026-09-14 20:09:46,474 - WARNING - Synchronisation différée: 401 Client Error: Unauthorized for url: https://portfolio-python-entreprise.onrender.com/ventes/synchroniser
2026-09-14 20:10:15,349 - WARNING - Synchronisation différée: 401 Client Error: Unauthorized for url: https://portfolio-python-entreprise.onrender.com/ventes/synchroniser
2026-09-14 20:10:44,730 - WARNING - Synchronisation différée: 401 Client Error: Unauthorized for url: https://portfolio-python-entreprise.onrender.com/ventes/synchroniser
2026-09-14 20:11:14,994 - WARNING - Synchronisation différée: 401 Client Error: Unauthorized for url: https://portfolio-python-entreprise.onrender.com/ventes/synchroniser
2026-09-14 20:11:44,989 - WARNING - Synchronisation différée: 401 Client Error: Unauthorized for url: https://portfolio-python-entreprise.onrender.com/ventes/synchroniser
2026-09-14 20:12:18,777 - WARNING - Synchronisation différée: 401 Client Error: Unauthorized for url: https://portfolio-python-entreprise.onrender.com/ventes/synchroniser
2026-09-14 20:12:45,688 - WARNING - Synchronisation différée: 401 Client Error: Unauthorized for url: https://portfolio-python-entreprise.onrender.com/ventes/synchroniser
2026-09-14 20:13:17,006 - WARNING - Synchronisation différée: 401 Client Error: Unauthorized for url: https://portfolio-python-entreprise.onrender.com/ventes/synchroniser
2026-09-14 20:13:45,583 - WARNING - Synchronisation différée: 401 Client Error: Unauthorized for url: https://portfolio-python-entreprise.onrender.com/ventes/synchroniser
2026-09-14 20:14:17,535 - WARNING - Synchronisation différée: 401 Client Error: Unauthorized for url: https://portfolio-python-entreprise.onrender.com/ventes/synchroniser
2026-09-14 20:14:44,921 - WARNING - Synchronisation différée: 401 Client Error: Unauthorized for url: https://portfolio-python-entreprise.onrender.com/ventes/synchroniser
2026-09-14 20:15:17,237 - WARNING - Synchronisation différée: 401 Client Error: Unauthorized for url: https://portfolio-python-entreprise.onrender.com/ventes/synchroniser
2026-09-14 20:15:52,283 - WARNING - Synchronisation différée: 401 Client Error: Unauthorized for url: https://portfolio-python-entreprise.onrender.com/ventes/synchroniser
2026-09-14 20:16:16,521 - WARNING - Synchronisation différée: 401 Client Error: Unauthorized for url: https://portfolio-python-entreprise.onrender.com/ventes/synchroniser
2026-09-14 20:16:47,677 - WARNING - Synchronisation différée: 401 Client Error: Unauthorized for url: https://portfolio-python-entreprise.onrender.com/ventes/synchroniser
2026-09-14 20:17:16,361 - WARNING - Synchronisation différée: 401 Client Error: Unauthorized for url: https://portfolio-python-entreprise.onrender.com/ventes/synchroniser
2026-09-14 20:17:46,020 - WARNING - Synchronisation différée: 401 Client Error: Unauthorized for url: https://portfolio-python-entreprise.onrender.com/ventes/synchroniser
2026-09-14 20:18:17,052 - WARNING - Synchronisation différée: 401 Client Error: Unauthorized for url: https://portfolio-python-entreprise.onrender.com/ventes/synchroniser
2026-09-14 20:18:46,313 - WARNING - Synchronisation différée: 401 Client Error: Unauthorized for url: https://portfolio-python-entreprise.onrender.com/ventes/synchroniser
2026-09-14 20:19:16,095 - WARNING - Synchronisation différée: 401 Client Error: Unauthorized for url: https://portfolio-python-entreprise.onrender.com/ventes/synchroniser
2026-09-14 20:19:46,720 - WARNING - Synchronisation différée: 401 Client Error: Unauthorized for url: https://portfolio-python-entreprise.onrender.com/ventes/synchroniser
2026-09-14 20:20:16,421 - WARNING - Synchronisation différée: 401 Client Error: Unauthorized for url: https://portfolio-python-entreprise.onrender.com/ventes/synchroniser
2026-09-14 20:20:54,024 - WARNING - Synchronisation différée: 401 Client Error: Unauthorized for url: https://portfolio-python-entreprise.onrender.com/ventes/synchroniser
2026-09-14 20:21:16,400 - WARNING - Synchronisation différée: 401 Client Error: Unauthorized for url: https://portfolio-python-entreprise.onrender.com/ventes/synchroniser
2026-09-14 20:21:48,388 - WARNING - Synchronisation différée: 401 Client Error: Unauthorized for url: https://portfolio-python-entreprise.onrender.com/ventes/synchroniser
2026-09-14 20:22:21,237 - WARNING - Synchronisation différée: 401 Client Error: Unauthorized for url: https://portfolio-python-entreprise.onrender.com/ventes/synchroniser
2026-09-14 20:22:52,865 - WARNING - Synchronisation différée: 401 Client Error: Unauthorized for url: https://portfolio-python-entreprise.onrender.com/ventes/synchroniser
2026-09-14 20:23:24,755 - WARNING - Synchronisation différée: HTTPSConnectionPool(host='portfolio-python-entreprise.onrender.com', port=443): Read timed out. (read timeout=8)
2026-09-14 20:23:46,279 - WARNING - Synchronisation différée: 401 Client Error: Unauthorized for url: https://portfolio-python-entreprise.onrender.com/ventes/synchroniser
2026-09-14 20:24:17,114 - WARNING - Synchronisation différée: 401 Client Error: Unauthorized for url: https://portfolio-python-entreprise.onrender.com/ventes/synchroniser
2026-09-14 20:24:46,846 - WARNING - Synchronisation différée: 401 Client Error: Unauthorized for url: https://portfolio-python-entreprise.onrender.com/ventes/synchroniser
2026-09-14 20:25:16,182 - WARNING - Synchronisation différée: 401 Client Error: Unauthorized for url: https://portfolio-python-entreprise.onrender.com/ventes/synchroniser
2026-09-14 20:25:46,261 - WARNING - Synchronisation différée: 401 Client Error: Unauthorized for url: https://portfolio-python-entreprise.onrender.com/ventes/synchroniser
2026-09-14 20:26:16,293 - WARNING - Synchronisation différée: 401 Client Error: Unauthorized for url: https://portfolio-python-entreprise.onrender.com/ventes/synchroniser
2026-09-14 20:26:46,140 - WARNING - Synchronisation différée: 401 Client Error: Unauthorized for url: https://portfolio-python-entreprise.onrender.com/ventes/synchroniser
2026-09-14 20:27:16,863 - WARNING - Synchronisation différée: 401 Client Error: Unauthorized for url: https://portfolio-python-entreprise.onrender.com/ventes/synchroniser
2026-09-14 20:27:47,008 - WARNING - Synchronisation différée: 401 Client Error: Unauthorized for url: https://portfolio-python-entreprise.onrender.com/ventes/synchroniser
2026-09-14 20:28:15,312 - WARNING - Synchronisation différée: 401 Client Error: Unauthorized for url: https://portfolio-python-entreprise.onrender.com/ventes/synchroniser
2026-09-14 20:28:47,190 - WARNING - Synchronisation différée: 401 Client Error: Unauthorized for url: https://portfolio-python-entreprise.onrender.com/ventes/synchroniser
2026-09-14 20:29:20,730 - WARNING - Synchronisation différée: 401 Client Error: Unauthorized for url: https://portfolio-python-entreprise.onrender.com/ventes/synchroniser
2026-09-14 20:29:45,776 - WARNING - Synchronisation différée: 401 Client Error: Unauthorized for url: https://portfolio-python-entreprise.onrender.com/ventes/synchroniser
2026-09-14 20:30:16,136 - WARNING - Synchronisation différée: 401 Client Error: Unauthorized for url: https://portfolio-python-entreprise.onrender.com/ventes/synchroniser
2026-09-14 20:30:52,804 - WARNING - Synchronisation différée: 401 Client Error: Unauthorized for url: https://portfolio-python-entreprise.onrender.com/ventes/synchroniser
2026-09-14 20:31:16,138 - WARNING - Synchronisation différée: 401 Client Error: Unauthorized for url: https://portfolio-python-entreprise.onrender.com/ventes/synchroniser
2026-09-14 20:31:46,525 - WARNING - Synchronisation différée: 401 Client Error: Unauthorized for url: https://portfolio-python-entreprise.onrender.com/ventes/synchroniser
2026-09-14 20:32:16,016 - WARNING - Synchronisation différée: 401 Client Error: Unauthorized for url: https://portfolio-python-entreprise.onrender.com/ventes/synchroniser
2026-09-14 20:32:52,693 - WARNING - Synchronisation différée: 401 Client Error: Unauthorized for url: https://portfolio-python-entreprise.onrender.com/ventes/synchroniser
2026-09-14 20:33:15,781 - WARNING - Synchronisation différée: 401 Client Error: Unauthorized for url: https://portfolio-python-entreprise.onrender.com/ventes/synchroniser
2026-09-14 20:33:45,744 - WARNING - Synchronisation différée: 401 Client Error: Unauthorized for url: https://portfolio-python-entreprise.onrender.com/ventes/synchroniser
2026-09-14 20:34:17,618 - WARNING - Synchronisation différée: 401 Client Error: Unauthorized for url: https://portfolio-python-entreprise.onrender.com/ventes/synchroniser
2026-09-14 20:34:46,133 - WARNING - Synchronisation différée: 401 Client Error: Unauthorized for url: https://portfolio-python-entreprise.onrender.com/ventes/synchroniser
2026-09-14 20:35:17,371 - WARNING - Synchronisation différée: 401 Client Error: Unauthorized for url: https://portfolio-python-entreprise.onrender.com/ventes/synchroniser
2026-09-14 20:35:45,981 - WARNING - Synchronisation différée: 401 Client Error: Unauthorized for url: https://portfolio-python-entreprise.onrender.com/ventes/synchroniser
2026-09-14 20:36:16,487 - WARNING - Synchronisation différée: 401 Client Error: Unauthorized for url: https://portfolio-python-entreprise.onrender.com/ventes/synchroniser
2026-09-14 20:36:46,211 - WARNING - Synchronisation différée: 401 Client Error: Unauthorized for url: https://portfolio-python-entreprise.onrender.com/ventes/synchroniser
2026-09-14 20:37:15,097 - WARNING - Synchronisation différée: 401 Client Error: Unauthorized for url: https://portfolio-python-entreprise.onrender.com/ventes/synchroniser
2026-09-14 20:37:46,959 - WARNING - Synchronisation différée: 401 Client Error: Unauthorized for url: https://portfolio-python-entreprise.onrender.com/ventes/synchroniser
2026-09-14 20:38:15,538 - WARNING - Synchronisation différée: 401 Client Error: Unauthorized for url: https://portfolio-python-entreprise.onrender.com/ventes/synchroniser
2026-09-14 20:38:46,318 - WARNING - Synchronisation différée: 401 Client Error: Unauthorized for url: https://portfolio-python-entreprise.onrender.com/ventes/synchroniser
2026-09-14 20:39:16,569 - WARNING - Synchronisation différée: 401 Client Error: Unauthorized for url: https://portfolio-python-entreprise.onrender.com/ventes/synchroniser
2026-09-14 20:39:46,193 - WARNING - Synchronisation différée: 401 Client Error: Unauthorized for url: https://portfolio-python-entreprise.onrender.com/ventes/synchroniser
2026-09-14 20:40:16,439 - WARNING - Synchronisation différée: 401 Client Error: Unauthorized for url: https://portfolio-python-entreprise.onrender.com/ventes/synchroniser
2026-09-14 20:40:46,932 - WARNING - Synchronisation différée: 401 Client Error: Unauthorized for url: https://portfolio-python-entreprise.onrender.com/ventes/synchroniser
2026-09-14 20:41:15,979 - WARNING - Synchronisation différée: 401 Client Error: Unauthorized for url: https://portfolio-python-entreprise.onrender.com/ventes/synchroniser
2026-09-14 20:41:45,690 - WARNING - Synchronisation différée: 401 Client Error: Unauthorized for url: https://portfolio-python-entreprise.onrender.com/ventes/synchroniser
2026-09-14 20:42:16,103 - WARNING - Synchronisation différée: 401 Client Error: Unauthorized for url: https://portfolio-python-entreprise.onrender.com/ventes/synchroniser
2026-09-14 20:42:45,834 - WARNING - Synchronisation différée: 401 Client Error: Unauthorized for url: https://portfolio-python-entreprise.onrender.com/ventes/synchroniser
2026-09-14 20:43:15,606 - WARNING - Synchronisation différée: 401 Client Error: Unauthorized for url: https://portfolio-python-entreprise.onrender.com/ventes/synchroniser
2026-09-14 20:43:48,538 - WARNING - Synchronisation différée: 401 Client Error: Unauthorized for url: https://portfolio-python-entreprise.onrender.com/ventes/synchroniser
2026-09-14 20:44:23,098 - WARNING - Synchronisation différée: 401 Client Error: Unauthorized for url: https://portfolio-python-entreprise.onrender.com/ventes/synchroniser
2026-09-14 20:44:45,837 - WARNING - Synchronisation différée: 401 Client Error: Unauthorized for url: https://portfolio-python-entreprise.onrender.com/ventes/synchroniser
2026-09-14 20:45:16,340 - WARNING - Synchronisation différée: 401 Client Error: Unauthorized for url: https://portfolio-python-entreprise.onrender.com/ventes/synchroniser
2026-09-14 20:45:45,801 - WARNING - Synchronisation différée: 401 Client Error: Unauthorized for url: https://portfolio-python-entreprise.onrender.com/ventes/synchroniser
2026-09-14 20:46:15,859 - WARNING - Synchronisation différée: 401 Client Error: Unauthorized for url: https://portfolio-python-entreprise.onrender.com/ventes/synchroniser
2026-09-14 20:46:46,437 - WARNING - Synchronisation différée: 401 Client Error: Unauthorized for url: https://portfolio-python-entreprise.onrender.com/ventes/synchroniser
2026-09-14 20:47:15,879 - WARNING - Synchronisation différée: 401 Client Error: Unauthorized for url: https://portfolio-python-entreprise.onrender.com/ventes/synchroniser
2026-09-14 20:47:46,350 - WARNING - Synchronisation différée: 401 Client Error: Unauthorized for url: https://portfolio-python-entreprise.onrender.com/ventes/synchroniser
2026-09-14 20:48:15,747 - WARNING - Synchronisation différée: 401 Client Error: Unauthorized for url: https://portfolio-python-entreprise.onrender.com/ventes/synchroniser
2026-09-14 20:48:45,601 - WARNING - Synchronisation différée: 401 Client Error: Unauthorized for url: https://portfolio-python-entreprise.onrender.com/ventes/synchroniser
2026-09-14 20:49:18,804 - WARNING - Synchronisation différée: 401 Client Error: Unauthorized for url: https://portfolio-python-entreprise.onrender.com/ventes/synchroniser
2026-09-14 20:49:45,989 - WARNING - Synchronisation différée: 401 Client Error: Unauthorized for url: https://portfolio-python-entreprise.onrender.com/ventes/synchroniser
2026-09-14 20:50:15,907 - WARNING - Synchronisation différée: 401 Client Error: Unauthorized for url: https://portfolio-python-entreprise.onrender.com/ventes/synchroniser
2026-09-14 20:50:46,267 - WARNING - Synchronisation différée: 401 Client Error: Unauthorized for url: https://portfolio-python-entreprise.onrender.com/ventes/synchroniser
2026-09-14 20:51:15,944 - WARNING - Synchronisation différée: 401 Client Error: Unauthorized for url: https://portfolio-python-entreprise.onrender.com/ventes/synchroniser
2026-09-14 20:51:46,271 - WARNING - Synchronisation différée: 401 Client Error: Unauthorized for url: https://portfolio-python-entreprise.onrender.com/ventes/synchroniser
2026-09-14 20:52:16,653 - WARNING - Synchronisation différée: 401 Client Error: Unauthorized for url: https://portfolio-python-entreprise.onrender.com/ventes/synchroniser
2026-09-14 20:52:46,259 - WARNING - Synchronisation différée: 401 Client Error: Unauthorized for url: https://portfolio-python-entreprise.onrender.com/ventes/synchroniser
2026-09-14 20:53:16,347 - WARNING - Synchronisation différée: 401 Client Error: Unauthorized for url: https://portfolio-python-entreprise.onrender.com/ventes/synchroniser
2026-09-14 20:53:52,016 - WARNING - Synchronisation différée: 401 Client Error: Unauthorized for url: https://portfolio-python-entreprise.onrender.com/ventes/synchroniser
2026-09-14 20:54:16,104 - WARNING - Synchronisation différée: 401 Client Error: Unauthorized for url: https://portfolio-python-entreprise.onrender.com/ventes/synchroniser
2026-09-14 20:54:46,161 - WARNING - Synchronisation différée: 401 Client Error: Unauthorized for url: https://portfolio-python-entreprise.onrender.com/ventes/synchroniser
2026-09-14 20:55:16,316 - WARNING - Synchronisation différée: 401 Client Error: Unauthorized for url: https://portfolio-python-entreprise.onrender.com/ventes/synchroniser
2026-09-14 20:55:46,859 - WARNING - Synchronisation différée: 401 Client Error: Unauthorized for url: https://portfolio-python-entreprise.onrender.com/ventes/synchroniser
2026-09-14 20:56:17,378 - WARNING - Synchronisation différée: 401 Client Error: Unauthorized for url: https://portfolio-python-entreprise.onrender.com/ventes/synchroniser
2026-09-14 20:56:46,323 - WARNING - Synchronisation différée: 401 Client Error: Unauthorized for url: https://portfolio-python-entreprise.onrender.com/ventes/synchroniser
2026-09-14 20:57:15,596 - WARNING - Synchronisation différée: 401 Client Error: Unauthorized for url: https://portfolio-python-entreprise.onrender.com/ventes/synchroniser
2026-09-14 20:57:46,042 - WARNING - Synchronisation différée: 401 Client Error: Unauthorized for url: https://portfolio-python-entreprise.onrender.com/ventes/synchroniser
2026-09-14 20:58:16,938 - WARNING - Synchronisation différée: 401 Client Error: Unauthorized for url: https://portfolio-python-entreprise.onrender.com/ventes/synchroniser
2026-09-14 20:58:46,204 - WARNING - Synchronisation différée: 401 Client Error: Unauthorized for url: https://portfolio-python-entreprise.onrender.com/ventes/synchroniser
2026-09-14 20:59:17,192 - WARNING - Synchronisation différée: 401 Client Error: Unauthorized for url: https://portfolio-python-entreprise.onrender.com/ventes/synchroniser
2026-09-14 20:59:46,668 - WARNING - Synchronisation différée: 401 Client Error: Unauthorized for url: https://portfolio-python-entreprise.onrender.com/ventes/synchroniser
2026-09-14 21:00:16,915 - WARNING - Synchronisation différée: 401 Client Error: Unauthorized for url: https://portfolio-python-entreprise.onrender.com/ventes/synchroniser
2026-09-14 21:00:59,686 - WARNING - Synchronisation différée: HTTPSConnectionPool(host='portfolio-python-entreprise.onrender.com', port=443): Max retries exceeded with url: /ventes/synchroniser (Caused by ConnectTimeoutError(<HTTPSConnection(host='portfolio-python-entreprise.onrender.com', port=443) at 0x2a540f8bc50>, 'Connection to portfolio-python-entreprise.onrender.com timed out. (connect timeout=8)'))
2026-09-14 21:01:18,987 - WARNING - Synchronisation différée: 401 Client Error: Unauthorized for url: https://portfolio-python-entreprise.onrender.com/ventes/synchroniser
2026-09-14 21:01:47,569 - WARNING - Synchronisation différée: 401 Client Error: Unauthorized for url: https://portfolio-python-entreprise.onrender.com/ventes/synchroniser
2026-09-14 21:02:16,886 - WARNING - Synchronisation différée: 401 Client Error: Unauthorized for url: https://portfolio-python-entreprise.onrender.com/ventes/synchroniser
2026-09-14 21:02:46,480 - WARNING - Synchronisation différée: 401 Client Error: Unauthorized for url: https://portfolio-python-entreprise.onrender.com/ventes/synchroniser
2026-09-14 21:03:17,520 - WARNING - Synchronisation différée: 401 Client Error: Unauthorized for url: https://portfolio-python-entreprise.onrender.com/ventes/synchroniser
2026-09-14 21:03:47,691 - WARNING - Synchronisation différée: 401 Client Error: Unauthorized for url: https://portfolio-python-entreprise.onrender.com/ventes/synchroniser
2026-09-14 21:04:17,867 - WARNING - Synchronisation différée: 401 Client Error: Unauthorized for url: https://portfolio-python-entreprise.onrender.com/ventes/synchroniser
2026-09-14 21:04:46,944 - WARNING - Synchronisation différée: 401 Client Error: Unauthorized for url: https://portfolio-python-entreprise.onrender.com/ventes/synchroniser
2026-09-14 21:05:16,829 - WARNING - Synchronisation différée: 401 Client Error: Unauthorized for url: https://portfolio-python-entreprise.onrender.com/ventes/synchroniser
2026-09-14 21:05:46,737 - WARNING - Synchronisation différée: 401 Client Error: Unauthorized for url: https://portfolio-python-entreprise.onrender.com/ventes/synchroniser
2026-09-14 21:06:16,556 - WARNING - Synchronisation différée: 401 Client Error: Unauthorized for url: https://portfolio-python-entreprise.onrender.com/ventes/synchroniser
2026-09-14 21:06:46,687 - WARNING - Synchronisation différée: 401 Client Error: Unauthorized for url: https://portfolio-python-entreprise.onrender.com/ventes/synchroniser
2026-09-14 21:07:18,129 - WARNING - Synchronisation différée: 401 Client Error: Unauthorized for url: https://portfolio-python-entreprise.onrender.com/ventes/synchroniser
2026-09-14 21:07:47,736 - WARNING - Synchronisation différée: 401 Client Error: Unauthorized for url: https://portfolio-python-entreprise.onrender.com/ventes/synchroniser
2026-09-14 21:08:17,143 - WARNING - Synchronisation différée: 401 Client Error: Unauthorized for url: https://portfolio-python-entreprise.onrender.com/ventes/synchroniser
2026-09-14 21:08:47,849 - WARNING - Synchronisation différée: 401 Client Error: Unauthorized for url: https://portfolio-python-entreprise.onrender.com/ventes/synchroniser
2026-09-14 21:09:18,596 - WARNING - Synchronisation différée: 401 Client Error: Unauthorized for url: https://portfolio-python-entreprise.onrender.com/ventes/synchroniser
2026-09-14 21:09:47,362 - WARNING - Synchronisation différée: 401 Client Error: Unauthorized for url: https://portfolio-python-entreprise.onrender.com/ventes/synchroniser
2026-09-14 21:10:18,063 - WARNING - Synchronisation différée: 401 Client Error: Unauthorized for url: https://portfolio-python-entreprise.onrender.com/ventes/synchroniser
2026-09-14 21:10:46,565 - WARNING - Synchronisation différée: 401 Client Error: Unauthorized for url: https://portfolio-python-entreprise.onrender.com/ventes/synchroniser
2026-09-14 21:11:17,073 - WARNING - Synchronisation différée: 401 Client Error: Unauthorized for url: https://portfolio-python-entreprise.onrender.com/ventes/synchroniser
2026-09-14 21:11:46,711 - WARNING - Synchronisation différée: 401 Client Error: Unauthorized for url: https://portfolio-python-entreprise.onrender.com/ventes/synchroniser
2026-09-14 21:12:16,385 - WARNING - Synchronisation différée: 401 Client Error: Unauthorized for url: https://portfolio-python-entreprise.onrender.com/ventes/synchroniser
2026-09-14 21:12:46,389 - WARNING - Synchronisation différée: 401 Client Error: Unauthorized for url: https://portfolio-python-entreprise.onrender.com/ventes/synchroniser
2026-09-14 21:13:17,239 - WARNING - Synchronisation différée: 401 Client Error: Unauthorized for url: https://portfolio-python-entreprise.onrender.com/ventes/synchroniser
2026-09-14 21:13:47,674 - WARNING - Synchronisation différée: 401 Client Error: Unauthorized for url: https://portfolio-python-entreprise.onrender.com/ventes/synchroniser
2026-09-14 21:14:18,801 - WARNING - Synchronisation différée: 401 Client Error: Unauthorized for url: https://portfolio-python-entreprise.onrender.com/ventes/synchroniser
2026-09-14 21:14:47,327 - WARNING - Synchronisation différée: 401 Client Error: Unauthorized for url: https://portfolio-python-entreprise.onrender.com/ventes/synchroniser
2026-09-14 21:15:29,581 - WARNING - Synchronisation différée: HTTPSConnectionPool(host='portfolio-python-entreprise.onrender.com', port=443): Read timed out. (read timeout=8)
2026-09-14 21:16:04,184 - WARNING - Synchronisation différée: HTTPSConnectionPool(host='portfolio-python-entreprise.onrender.com', port=443): Read timed out. (read timeout=8)
2026-09-14 21:16:29,906 - WARNING - Synchronisation différée: HTTPSConnectionPool(host='portfolio-python-entreprise.onrender.com', port=443): Max retries exceeded with url: /ventes/synchroniser (Caused by ConnectTimeoutError(<HTTPSConnection(host='portfolio-python-entreprise.onrender.com', port=443) at 0x2a5410e6e90>, 'Connection to portfolio-python-entreprise.onrender.com timed out. (connect timeout=8)'))
2026-09-14 21:16:59,929 - WARNING - Synchronisation différée: HTTPSConnectionPool(host='portfolio-python-entreprise.onrender.com', port=443): Max retries exceeded with url: /ventes/synchroniser (Caused by ConnectTimeoutError(<HTTPSConnection(host='portfolio-python-entreprise.onrender.com', port=443) at 0x2a5410e6ad0>, 'Connection to portfolio-python-entreprise.onrender.com timed out. (connect timeout=8)'))
2026-09-14 21:17:29,907 - WARNING - Synchronisation différée: HTTPSConnectionPool(host='portfolio-python-entreprise.onrender.com', port=443): Max retries exceeded with url: /ventes/synchroniser (Caused by ConnectTimeoutError(<HTTPSConnection(host='portfolio-python-entreprise.onrender.com', port=443) at 0x2a5410e6c10>, 'Connection to portfolio-python-entreprise.onrender.com timed out. (connect timeout=8)'))
2026-09-14 21:17:59,908 - WARNING - Synchronisation différée: HTTPSConnectionPool(host='portfolio-python-entreprise.onrender.com', port=443): Max retries exceeded with url: /ventes/synchroniser (Caused by ConnectTimeoutError(<HTTPSConnection(host='portfolio-python-entreprise.onrender.com', port=443) at 0x2a5410e6990>, 'Connection to portfolio-python-entreprise.onrender.com timed out. (connect timeout=8)'))
2026-09-14 21:18:29,932 - WARNING - Synchronisation différée: HTTPSConnectionPool(host='portfolio-python-entreprise.onrender.com', port=443): Max retries exceeded with url: /ventes/synchroniser (Caused by ConnectTimeoutError(<HTTPSConnection(host='portfolio-python-entreprise.onrender.com', port=443) at 0x2a5410e6350>, 'Connection to portfolio-python-entreprise.onrender.com timed out. (connect timeout=8)'))
2026-09-14 21:18:59,935 - WARNING - Synchronisation différée: HTTPSConnectionPool(host='portfolio-python-entreprise.onrender.com', port=443): Max retries exceeded with url: /ventes/synchroniser (Caused by ConnectTimeoutError(<HTTPSConnection(host='portfolio-python-entreprise.onrender.com', port=443) at 0x2a5410e6850>, 'Connection to portfolio-python-entreprise.onrender.com timed out. (connect timeout=8)'))
2026-09-14 21:19:25,397 - WARNING - Synchronisation différée: HTTPSConnectionPool(host='portfolio-python-entreprise.onrender.com', port=443): Max retries exceeded with url: /ventes/synchroniser (Caused by NameResolutionError("HTTPSConnection(host='portfolio-python-entreprise.onrender.com', port=443): Failed to resolve 'portfolio-python-entreprise.onrender.com' ([Errno 11001] getaddrinfo failed)"))
2026-09-14 21:19:43,915 - WARNING - Synchronisation différée: HTTPSConnectionPool(host='portfolio-python-entreprise.onrender.com', port=443): Max retries exceeded with url: /ventes/synchroniser (Caused by NameResolutionError("HTTPSConnection(host='portfolio-python-entreprise.onrender.com', port=443): Failed to resolve 'portfolio-python-entreprise.onrender.com' ([Errno 11001] getaddrinfo failed)"))
2026-09-14 21:20:13,955 - WARNING - Synchronisation différée: HTTPSConnectionPool(host='portfolio-python-entreprise.onrender.com', port=443): Max retries exceeded with url: /ventes/synchroniser (Caused by NameResolutionError("HTTPSConnection(host='portfolio-python-entreprise.onrender.com', port=443): Failed to resolve 'portfolio-python-entreprise.onrender.com' ([Errno 11001] getaddrinfo failed)"))
2026-09-14 21:20:55,344 - WARNING - Synchronisation différée: HTTPSConnectionPool(host='portfolio-python-entreprise.onrender.com', port=443): Max retries exceeded with url: /ventes/synchroniser (Caused by NameResolutionError("HTTPSConnection(host='portfolio-python-entreprise.onrender.com', port=443): Failed to resolve 'portfolio-python-entreprise.onrender.com' ([Errno 11001] getaddrinfo failed)"))
2026-09-14 21:21:30,003 - WARNING - Synchronisation différée: HTTPSConnectionPool(host='portfolio-python-entreprise.onrender.com', port=443): Max retries exceeded with url: /ventes/synchroniser (Caused by ConnectTimeoutError(<HTTPSConnection(host='portfolio-python-entreprise.onrender.com', port=443) at 0x2a5410e7750>, 'Connection to portfolio-python-entreprise.onrender.com timed out. (connect timeout=8)'))
2026-09-14 21:22:00,275 - WARNING - Synchronisation différée: HTTPSConnectionPool(host='portfolio-python-entreprise.onrender.com', port=443): Max retries exceeded with url: /ventes/synchroniser (Caused by ConnectTimeoutError(<HTTPSConnection(host='portfolio-python-entreprise.onrender.com', port=443) at 0x2a540f8bed0>, 'Connection to portfolio-python-entreprise.onrender.com timed out. (connect timeout=8)'))
2026-09-14 21:22:30,074 - WARNING - Synchronisation différée: HTTPSConnectionPool(host='portfolio-python-entreprise.onrender.com', port=443): Max retries exceeded with url: /ventes/synchroniser (Caused by ConnectTimeoutError(<HTTPSConnection(host='portfolio-python-entreprise.onrender.com', port=443) at 0x2a540f8bc50>, 'Connection to portfolio-python-entreprise.onrender.com timed out. (connect timeout=8)'))
2026-09-14 21:23:00,261 - WARNING - Synchronisation différée: HTTPSConnectionPool(host='portfolio-python-entreprise.onrender.com', port=443): Max retries exceeded with url: /ventes/synchroniser (Caused by ConnectTimeoutError(<HTTPSConnection(host='portfolio-python-entreprise.onrender.com', port=443) at 0x2a5410e7c50>, 'Connection to portfolio-python-entreprise.onrender.com timed out. (connect timeout=8)'))
2026-09-14 21:23:30,144 - WARNING - Synchronisation différée: HTTPSConnectionPool(host='portfolio-python-entreprise.onrender.com', port=443): Max retries exceeded with url: /ventes/synchroniser (Caused by ConnectTimeoutError(<HTTPSConnection(host='portfolio-python-entreprise.onrender.com', port=443) at 0x2a5410e7d90>, 'Connection to portfolio-python-entreprise.onrender.com timed out. (connect timeout=8)'))
2026-09-14 21:23:44,298 - WARNING - Synchronisation différée: HTTPSConnectionPool(host='portfolio-python-entreprise.onrender.com', port=443): Max retries exceeded with url: /ventes/synchroniser (Caused by NameResolutionError("HTTPSConnection(host='portfolio-python-entreprise.onrender.com', port=443): Failed to resolve 'portfolio-python-entreprise.onrender.com' ([Errno 11001] getaddrinfo failed)"))
2026-09-14 21:24:14,140 - WARNING - Synchronisation différée: HTTPSConnectionPool(host='portfolio-python-entreprise.onrender.com', port=443): Max retries exceeded with url: /ventes/synchroniser (Caused by NameResolutionError("HTTPSConnection(host='portfolio-python-entreprise.onrender.com', port=443): Failed to resolve 'portfolio-python-entreprise.onrender.com' ([Errno 11001] getaddrinfo failed)"))
2026-09-14 21:24:44,156 - WARNING - Synchronisation différée: HTTPSConnectionPool(host='portfolio-python-entreprise.onrender.com', port=443): Max retries exceeded with url: /ventes/synchroniser (Caused by NameResolutionError("HTTPSConnection(host='portfolio-python-entreprise.onrender.com', port=443): Failed to resolve 'portfolio-python-entreprise.onrender.com' ([Errno 11001] getaddrinfo failed)"))
2026-09-14 21:25:14,140 - WARNING - Synchronisation différée: HTTPSConnectionPool(host='portfolio-python-entreprise.onrender.com', port=443): Max retries exceeded with url: /ventes/synchroniser (Caused by NameResolutionError("HTTPSConnection(host='portfolio-python-entreprise.onrender.com', port=443): Failed to resolve 'portfolio-python-entreprise.onrender.com' ([Errno 11001] getaddrinfo failed)"))
2026-09-14 21:25:44,184 - WARNING - Synchronisation différée: HTTPSConnectionPool(host='portfolio-python-entreprise.onrender.com', port=443): Max retries exceeded with url: /ventes/synchroniser (Caused by NameResolutionError("HTTPSConnection(host='portfolio-python-entreprise.onrender.com', port=443): Failed to resolve 'portfolio-python-entreprise.onrender.com' ([Errno 11001] getaddrinfo failed)"))
2026-09-14 21:26:14,206 - WARNING - Synchronisation différée: HTTPSConnectionPool(host='portfolio-python-entreprise.onrender.com', port=443): Max retries exceeded with url: /ventes/synchroniser (Caused by NameResolutionError("HTTPSConnection(host='portfolio-python-entreprise.onrender.com', port=443): Failed to resolve 'portfolio-python-entreprise.onrender.com' ([Errno 11001] getaddrinfo failed)"))
2026-09-14 21:26:44,293 - WARNING - Synchronisation différée: HTTPSConnectionPool(host='portfolio-python-entreprise.onrender.com', port=443): Max retries exceeded with url: /ventes/synchroniser (Caused by NameResolutionError("HTTPSConnection(host='portfolio-python-entreprise.onrender.com', port=443): Failed to resolve 'portfolio-python-entreprise.onrender.com' ([Errno 11001] getaddrinfo failed)"))
2026-09-14 21:27:14,266 - WARNING - Synchronisation différée: HTTPSConnectionPool(host='portfolio-python-entreprise.onrender.com', port=443): Max retries exceeded with url: /ventes/synchroniser (Caused by NameResolutionError("HTTPSConnection(host='portfolio-python-entreprise.onrender.com', port=443): Failed to resolve 'portfolio-python-entreprise.onrender.com' ([Errno 11001] getaddrinfo failed)"))
2026-09-14 21:27:44,313 - WARNING - Synchronisation différée: HTTPSConnectionPool(host='portfolio-python-entreprise.onrender.com', port=443): Max retries exceeded with url: /ventes/synchroniser (Caused by NameResolutionError("HTTPSConnection(host='portfolio-python-entreprise.onrender.com', port=443): Failed to resolve 'portfolio-python-entreprise.onrender.com' ([Errno 11001] getaddrinfo failed)"))
2026-09-14 21:28:14,311 - WARNING - Synchronisation différée: HTTPSConnectionPool(host='portfolio-python-entreprise.onrender.com', port=443): Max retries exceeded with url: /ventes/synchroniser (Caused by NameResolutionError("HTTPSConnection(host='portfolio-python-entreprise.onrender.com', port=443): Failed to resolve 'portfolio-python-entreprise.onrender.com' ([Errno 11001] getaddrinfo failed)"))
2026-09-14 21:28:44,305 - WARNING - Synchronisation différée: HTTPSConnectionPool(host='portfolio-python-entreprise.onrender.com', port=443): Max retries exceeded with url: /ventes/synchroniser (Caused by NameResolutionError("HTTPSConnection(host='portfolio-python-entreprise.onrender.com', port=443): Failed to resolve 'portfolio-python-entreprise.onrender.com' ([Errno 11001] getaddrinfo failed)"))
2026-09-14 21:29:14,349 - WARNING - Synchronisation différée: HTTPSConnectionPool(host='portfolio-python-entreprise.onrender.com', port=443): Max retries exceeded with url: /ventes/synchroniser (Caused by NameResolutionError("HTTPSConnection(host='portfolio-python-entreprise.onrender.com', port=443): Failed to resolve 'portfolio-python-entreprise.onrender.com' ([Errno 11001] getaddrinfo failed)"))
2026-09-14 21:29:55,524 - WARNING - Synchronisation différée: HTTPSConnectionPool(host='portfolio-python-entreprise.onrender.com', port=443): Read timed out. (read timeout=8)
2026-09-14 21:30:18,716 - WARNING - Synchronisation différée: 401 Client Error: Unauthorized for url: https://portfolio-python-entreprise.onrender.com/ventes/synchroniser
2026-09-14 21:30:52,438 - WARNING - Synchronisation différée: HTTPSConnectionPool(host='portfolio-python-entreprise.onrender.com', port=443): Max retries exceeded with url: /ventes/synchroniser (Caused by NewConnectionError("HTTPSConnection(host='portfolio-python-entreprise.onrender.com', port=443): Failed to establish a new connection: [WinError 10065] Une opération a été tentée sur un hôte impossible à atteindre"))
2026-09-14 21:31:19,016 - WARNING - Synchronisation différée: 401 Client Error: Unauthorized for url: https://portfolio-python-entreprise.onrender.com/ventes/synchroniser
2026-09-14 21:31:50,916 - WARNING - Synchronisation différée: 401 Client Error: Unauthorized for url: https://portfolio-python-entreprise.onrender.com/ventes/synchroniser
2026-09-14 21:32:18,132 - WARNING - Synchronisation différée: 401 Client Error: Unauthorized for url: https://portfolio-python-entreprise.onrender.com/ventes/synchroniser
2026-09-14 21:32:48,422 - WARNING - Synchronisation différée: 401 Client Error: Unauthorized for url: https://portfolio-python-entreprise.onrender.com/ventes/synchroniser
2026-09-14 21:33:23,055 - WARNING - Synchronisation différée: 401 Client Error: Unauthorized for url: https://portfolio-python-entreprise.onrender.com/ventes/synchroniser
2026-09-14 21:33:48,045 - WARNING - Synchronisation différée: 401 Client Error: Unauthorized for url: https://portfolio-python-entreprise.onrender.com/ventes/synchroniser
2026-09-14 21:34:19,894 - WARNING - Synchronisation différée: 401 Client Error: Unauthorized for url: https://portfolio-python-entreprise.onrender.com/ventes/synchroniser
2026-09-14 21:34:50,799 - WARNING - Synchronisation différée: 401 Client Error: Unauthorized for url: https://portfolio-python-entreprise.onrender.com/ventes/synchroniser
2026-09-14 21:35:19,234 - WARNING - Synchronisation différée: 401 Client Error: Unauthorized for url: https://portfolio-python-entreprise.onrender.com/ventes/synchroniser
2026-09-14 21:35:48,658 - WARNING - Synchronisation différée: 401 Client Error: Unauthorized for url: https://portfolio-python-entreprise.onrender.com/ventes/synchroniser
2026-09-14 21:36:18,679 - WARNING - Synchronisation différée: 401 Client Error: Unauthorized for url: https://portfolio-python-entreprise.onrender.com/ventes/synchroniser
2026-09-14 21:37:02,742 - WARNING - Synchronisation différée: HTTPSConnectionPool(host='portfolio-python-entreprise.onrender.com', port=443): Read timed out.
2026-09-14 21:37:18,499 - WARNING - Synchronisation différée: 401 Client Error: Unauthorized for url: https://portfolio-python-entreprise.onrender.com/ventes/synchroniser
2026-09-14 21:37:48,724 - WARNING - Synchronisation différée: 401 Client Error: Unauthorized for url: https://portfolio-python-entreprise.onrender.com/ventes/synchroniser
2026-09-14 21:38:18,533 - WARNING - Synchronisation différée: 401 Client Error: Unauthorized for url: https://portfolio-python-entreprise.onrender.com/ventes/synchroniser
2026-09-14 21:38:49,564 - WARNING - Synchronisation différée: 401 Client Error: Unauthorized for url: https://portfolio-python-entreprise.onrender.com/ventes/synchroniser
2026-09-14 21:39:18,115 - WARNING - Synchronisation différée: 401 Client Error: Unauthorized for url: https://portfolio-python-entreprise.onrender.com/ventes/synchroniser
2026-09-14 21:39:49,217 - WARNING - Synchronisation différée: 401 Client Error: Unauthorized for url: https://portfolio-python-entreprise.onrender.com/ventes/synchroniser
2026-09-14 21:40:18,052 - WARNING - Synchronisation différée: 401 Client Error: Unauthorized for url: https://portfolio-python-entreprise.onrender.com/ventes/synchroniser
2026-09-14 21:40:49,104 - WARNING - Synchronisation différée: 401 Client Error: Unauthorized for url: https://portfolio-python-entreprise.onrender.com/ventes/synchroniser
2026-09-14 21:41:19,940 - WARNING - Synchronisation différée: 401 Client Error: Unauthorized for url: https://portfolio-python-entreprise.onrender.com/ventes/synchroniser
2026-09-14 21:41:47,959 - WARNING - Synchronisation différée: 401 Client Error: Unauthorized for url: https://portfolio-python-entreprise.onrender.com/ventes/synchroniser
2026-09-14 21:42:19,178 - WARNING - Synchronisation différée: 401 Client Error: Unauthorized for url: https://portfolio-python-entreprise.onrender.com/ventes/synchroniser
2026-09-14 21:42:48,715 - WARNING - Synchronisation différée: 401 Client Error: Unauthorized for url: https://portfolio-python-entreprise.onrender.com/ventes/synchroniser
2026-09-14 21:43:18,638 - WARNING - Synchronisation différée: 401 Client Error: Unauthorized for url: https://portfolio-python-entreprise.onrender.com/ventes/synchroniser
2026-09-14 21:43:50,404 - WARNING - Synchronisation différée: 401 Client Error: Unauthorized for url: https://portfolio-python-entreprise.onrender.com/ventes/synchroniser
2026-09-14 21:44:18,308 - WARNING - Synchronisation différée: 401 Client Error: Unauthorized for url: https://portfolio-python-entreprise.onrender.com/ventes/synchroniser
2026-09-14 21:44:49,851 - WARNING - Synchronisation différée: 401 Client Error: Unauthorized for url: https://portfolio-python-entreprise.onrender.com/ventes/synchroniser
2026-09-14 21:45:19,778 - WARNING - Synchronisation différée: 401 Client Error: Unauthorized for url: https://portfolio-python-entreprise.onrender.com/ventes/synchroniser
2026-09-14 21:45:51,055 - WARNING - Synchronisation différée: 401 Client Error: Unauthorized for url: https://portfolio-python-entreprise.onrender.com/ventes/synchroniser
2026-09-14 21:46:20,628 - WARNING - Synchronisation différée: 401 Client Error: Unauthorized for url: https://portfolio-python-entreprise.onrender.com/ventes/synchroniser
2026-09-14 21:46:51,713 - WARNING - Synchronisation différée: 401 Client Error: Unauthorized for url: https://portfolio-python-entreprise.onrender.com/ventes/synchroniser
2026-09-14 21:47:19,262 - WARNING - Synchronisation différée: 401 Client Error: Unauthorized for url: https://portfolio-python-entreprise.onrender.com/ventes/synchroniser
2026-09-14 21:47:48,579 - WARNING - Synchronisation différée: 401 Client Error: Unauthorized for url: https://portfolio-python-entreprise.onrender.com/ventes/synchroniser
2026-09-14 21:48:18,978 - WARNING - Synchronisation différée: 401 Client Error: Unauthorized for url: https://portfolio-python-entreprise.onrender.com/ventes/synchroniser
2026-09-14 21:48:49,824 - WARNING - Synchronisation différée: 401 Client Error: Unauthorized for url: https://portfolio-python-entreprise.onrender.com/ventes/synchroniser
2026-09-14 21:49:23,559 - WARNING - Synchronisation différée: 401 Client Error: Unauthorized for url: https://portfolio-python-entreprise.onrender.com/ventes/synchroniser
2026-09-14 21:49:50,495 - WARNING - Synchronisation différée: 401 Client Error: Unauthorized for url: https://portfolio-python-entreprise.onrender.com/ventes/synchroniser
2026-09-14 21:50:19,386 - WARNING - Synchronisation différée: 401 Client Error: Unauthorized for url: https://portfolio-python-entreprise.onrender.com/ventes/synchroniser
2026-09-14 21:50:49,312 - WARNING - Synchronisation différée: 401 Client Error: Unauthorized for url: https://portfolio-python-entreprise.onrender.com/ventes/synchroniser
2026-09-14 21:51:23,757 - WARNING - Synchronisation différée: 401 Client Error: Unauthorized for url: https://portfolio-python-entreprise.onrender.com/ventes/synchroniser
2026-09-14 21:51:48,960 - WARNING - Synchronisation différée: 401 Client Error: Unauthorized for url: https://portfolio-python-entreprise.onrender.com/ventes/synchroniser
2026-09-14 21:52:19,000 - WARNING - Synchronisation différée: 401 Client Error: Unauthorized for url: https://portfolio-python-entreprise.onrender.com/ventes/synchroniser
2026-09-14 21:52:50,213 - WARNING - Synchronisation différée: 401 Client Error: Unauthorized for url: https://portfolio-python-entreprise.onrender.com/ventes/synchroniser
2026-09-14 21:53:35,107 - WARNING - Synchronisation différée: 401 Client Error: Unauthorized for url: https://portfolio-python-entreprise.onrender.com/ventes/synchroniser
2026-09-14 21:53:49,108 - WARNING - Synchronisation différée: 401 Client Error: Unauthorized for url: https://portfolio-python-entreprise.onrender.com/ventes/synchroniser
2026-09-14 21:54:19,774 - WARNING - Synchronisation différée: 401 Client Error: Unauthorized for url: https://portfolio-python-entreprise.onrender.com/ventes/synchroniser
2026-09-14 21:54:51,328 - WARNING - Synchronisation différée: 401 Client Error: Unauthorized for url: https://portfolio-python-entreprise.onrender.com/ventes/synchroniser
2026-09-14 21:55:20,030 - WARNING - Synchronisation différée: 401 Client Error: Unauthorized for url: https://portfolio-python-entreprise.onrender.com/ventes/synchroniser
2026-09-14 21:55:48,943 - WARNING - Synchronisation différée: 401 Client Error: Unauthorized for url: https://portfolio-python-entreprise.onrender.com/ventes/synchroniser
2026-09-14 21:56:19,287 - WARNING - Synchronisation différée: 401 Client Error: Unauthorized for url: https://portfolio-python-entreprise.onrender.com/ventes/synchroniser
2026-09-14 21:56:49,861 - WARNING - Synchronisation différée: 401 Client Error: Unauthorized for url: https://portfolio-python-entreprise.onrender.com/ventes/synchroniser
2026-09-14 21:57:20,413 - WARNING - Synchronisation différée: 401 Client Error: Unauthorized for url: https://portfolio-python-entreprise.onrender.com/ventes/synchroniser
2026-09-14 21:57:50,491 - WARNING - Synchronisation différée: 401 Client Error: Unauthorized for url: https://portfolio-python-entreprise.onrender.com/ventes/synchroniser
2026-09-14 21:58:19,501 - WARNING - Synchronisation différée: 401 Client Error: Unauthorized for url: https://portfolio-python-entreprise.onrender.com/ventes/synchroniser
2026-09-14 21:58:49,814 - WARNING - Synchronisation différée: 401 Client Error: Unauthorized for url: https://portfolio-python-entreprise.onrender.com/ventes/synchroniser
2026-09-14 21:59:20,048 - WARNING - Synchronisation différée: 401 Client Error: Unauthorized for url: https://portfolio-python-entreprise.onrender.com/ventes/synchroniser
2026-09-14 21:59:49,202 - WARNING - Synchronisation différée: 401 Client Error: Unauthorized for url: https://portfolio-python-entreprise.onrender.com/ventes/synchroniser
2026-09-14 22:00:19,923 - WARNING - Synchronisation différée: 401 Client Error: Unauthorized for url: https://portfolio-python-entreprise.onrender.com/ventes/synchroniser
2026-09-14 22:00:49,624 - WARNING - Synchronisation différée: 401 Client Error: Unauthorized for url: https://portfolio-python-entreprise.onrender.com/ventes/synchroniser
2026-09-14 22:01:19,016 - WARNING - Synchronisation différée: 401 Client Error: Unauthorized for url: https://portfolio-python-entreprise.onrender.com/ventes/synchroniser
2026-09-14 22:01:49,253 - WARNING - Synchronisation différée: 401 Client Error: Unauthorized for url: https://portfolio-python-entreprise.onrender.com/ventes/synchroniser
2026-09-14 22:02:17,280 - WARNING - Synchronisation différée: 401 Client Error: Unauthorized for url: https://portfolio-python-entreprise.onrender.com/ventes/synchroniser
2026-09-14 22:02:47,450 - WARNING - Synchronisation différée: 401 Client Error: Unauthorized for url: https://portfolio-python-entreprise.onrender.com/ventes/synchroniser
2026-09-14 22:03:17,433 - WARNING - Synchronisation différée: 401 Client Error: Unauthorized for url: https://portfolio-python-entreprise.onrender.com/ventes/synchroniser
2026-09-14 22:03:47,420 - WARNING - Synchronisation différée: 401 Client Error: Unauthorized for url: https://portfolio-python-entreprise.onrender.com/ventes/synchroniser
2026-09-14 22:04:17,414 - WARNING - Synchronisation différée: 401 Client Error: Unauthorized for url: https://portfolio-python-entreprise.onrender.com/ventes/synchroniser
2026-09-14 22:04:47,547 - WARNING - Synchronisation différée: 401 Client Error: Unauthorized for url: https://portfolio-python-entreprise.onrender.com/ventes/synchroniser
2026-09-14 22:05:17,599 - WARNING - Synchronisation différée: 401 Client Error: Unauthorized for url: https://portfolio-python-entreprise.onrender.com/ventes/synchroniser
2026-09-14 22:05:58,695 - WARNING - Synchronisation différée: 401 Client Error: Unauthorized for url: https://portfolio-python-entreprise.onrender.com/ventes/synchroniser
2026-09-14 22:06:17,683 - WARNING - Synchronisation différée: 401 Client Error: Unauthorized for url: https://portfolio-python-entreprise.onrender.com/ventes/synchroniser
2026-09-14 22:06:49,129 - WARNING - Synchronisation différée: 401 Client Error: Unauthorized for url: https://portfolio-python-entreprise.onrender.com/ventes/synchroniser
2026-09-14 22:07:17,322 - WARNING - Synchronisation différée: 401 Client Error: Unauthorized for url: https://portfolio-python-entreprise.onrender.com/ventes/synchroniser
2026-09-14 22:07:47,908 - WARNING - Synchronisation différée: 401 Client Error: Unauthorized for url: https://portfolio-python-entreprise.onrender.com/ventes/synchroniser
2026-09-14 22:08:24,060 - WARNING - Synchronisation différée: HTTPSConnectionPool(host='portfolio-python-entreprise.onrender.com', port=443): Read timed out. (read timeout=8)
2026-09-14 22:08:48,993 - WARNING - Synchronisation différée: 401 Client Error: Unauthorized for url: https://portfolio-python-entreprise.onrender.com/ventes/synchroniser
2026-09-14 22:09:17,608 - WARNING - Synchronisation différée: 401 Client Error: Unauthorized for url: https://portfolio-python-entreprise.onrender.com/ventes/synchroniser
2026-09-14 22:09:47,459 - WARNING - Synchronisation différée: 401 Client Error: Unauthorized for url: https://portfolio-python-entreprise.onrender.com/ventes/synchroniser
2026-09-14 22:10:23,016 - WARNING - Synchronisation différée: 401 Client Error: Unauthorized for url: https://portfolio-python-entreprise.onrender.com/ventes/synchroniser
2026-09-14 22:10:53,087 - WARNING - Synchronisation différée: 401 Client Error: Unauthorized for url: https://portfolio-python-entreprise.onrender.com/ventes/synchroniser
2026-09-14 22:11:26,798 - WARNING - Synchronisation différée: HTTPSConnectionPool(host='portfolio-python-entreprise.onrender.com', port=443): Max retries exceeded with url: /ventes/synchroniser (Caused by NameResolutionError("HTTPSConnection(host='portfolio-python-entreprise.onrender.com', port=443): Failed to resolve 'portfolio-python-entreprise.onrender.com' ([Errno 11001] getaddrinfo failed)"))
2026-09-14 22:11:45,293 - WARNING - Synchronisation différée: HTTPSConnectionPool(host='portfolio-python-entreprise.onrender.com', port=443): Max retries exceeded with url: /ventes/synchroniser (Caused by NameResolutionError("HTTPSConnection(host='portfolio-python-entreprise.onrender.com', port=443): Failed to resolve 'portfolio-python-entreprise.onrender.com' ([Errno 11001] getaddrinfo failed)"))
2026-09-14 22:12:15,312 - WARNING - Synchronisation différée: HTTPSConnectionPool(host='portfolio-python-entreprise.onrender.com', port=443): Max retries exceeded with url: /ventes/synchroniser (Caused by NameResolutionError("HTTPSConnection(host='portfolio-python-entreprise.onrender.com', port=443): Failed to resolve 'portfolio-python-entreprise.onrender.com' ([Errno 11001] getaddrinfo failed)"))
2026-09-14 22:12:56,826 - WARNING - Synchronisation différée: HTTPSConnectionPool(host='portfolio-python-entreprise.onrender.com', port=443): Max retries exceeded with url: /ventes/synchroniser (Caused by NameResolutionError("HTTPSConnection(host='portfolio-python-entreprise.onrender.com', port=443): Failed to resolve 'portfolio-python-entreprise.onrender.com' ([Errno 11001] getaddrinfo failed)"))
2026-09-14 22:13:15,322 - WARNING - Synchronisation différée: HTTPSConnectionPool(host='portfolio-python-entreprise.onrender.com', port=443): Max retries exceeded with url: /ventes/synchroniser (Caused by NameResolutionError("HTTPSConnection(host='portfolio-python-entreprise.onrender.com', port=443): Failed to resolve 'portfolio-python-entreprise.onrender.com' ([Errno 11001] getaddrinfo failed)"))
2026-09-14 22:13:45,339 - WARNING - Synchronisation différée: HTTPSConnectionPool(host='portfolio-python-entreprise.onrender.com', port=443): Max retries exceeded with url: /ventes/synchroniser (Caused by NameResolutionError("HTTPSConnection(host='portfolio-python-entreprise.onrender.com', port=443): Failed to resolve 'portfolio-python-entreprise.onrender.com' ([Errno 11001] getaddrinfo failed)"))
2026-09-14 22:14:15,375 - WARNING - Synchronisation différée: HTTPSConnectionPool(host='portfolio-python-entreprise.onrender.com', port=443): Max retries exceeded with url: /ventes/synchroniser (Caused by NameResolutionError("HTTPSConnection(host='portfolio-python-entreprise.onrender.com', port=443): Failed to resolve 'portfolio-python-entreprise.onrender.com' ([Errno 11001] getaddrinfo failed)"))
2026-09-14 22:14:49,002 - WARNING - Synchronisation différée: 401 Client Error: Unauthorized for url: https://portfolio-python-entreprise.onrender.com/ventes/synchroniser
2026-09-14 22:15:18,982 - WARNING - Synchronisation différée: 401 Client Error: Unauthorized for url: https://portfolio-python-entreprise.onrender.com/ventes/synchroniser
2026-09-14 22:15:50,587 - WARNING - Synchronisation différée: 401 Client Error: Unauthorized for url: https://portfolio-python-entreprise.onrender.com/ventes/synchroniser
2026-09-14 22:16:20,007 - WARNING - Synchronisation différée: 401 Client Error: Unauthorized for url: https://portfolio-python-entreprise.onrender.com/ventes/synchroniser
2026-09-14 22:16:53,240 - WARNING - Synchronisation différée: 401 Client Error: Unauthorized for url: https://portfolio-python-entreprise.onrender.com/ventes/synchroniser
2026-09-14 22:17:23,683 - WARNING - Synchronisation différée: 401 Client Error: Unauthorized for url: https://portfolio-python-entreprise.onrender.com/ventes/synchroniser
2026-09-14 22:17:49,509 - WARNING - Synchronisation différée: 401 Client Error: Unauthorized for url: https://portfolio-python-entreprise.onrender.com/ventes/synchroniser
2026-09-14 22:18:19,653 - WARNING - Synchronisation différée: 401 Client Error: Unauthorized for url: https://portfolio-python-entreprise.onrender.com/ventes/synchroniser
2026-09-14 22:18:50,626 - WARNING - Synchronisation différée: 401 Client Error: Unauthorized for url: https://portfolio-python-entreprise.onrender.com/ventes/synchroniser
2026-09-14 22:19:19,111 - WARNING - Synchronisation différée: 401 Client Error: Unauthorized for url: https://portfolio-python-entreprise.onrender.com/ventes/synchroniser
2026-09-14 22:19:50,348 - WARNING - Synchronisation différée: 401 Client Error: Unauthorized for url: https://portfolio-python-entreprise.onrender.com/ventes/synchroniser
2026-09-14 22:20:19,282 - WARNING - Synchronisation différée: 401 Client Error: Unauthorized for url: https://portfolio-python-entreprise.onrender.com/ventes/synchroniser
2026-09-14 22:20:49,387 - WARNING - Synchronisation différée: 401 Client Error: Unauthorized for url: https://portfolio-python-entreprise.onrender.com/ventes/synchroniser
2026-09-14 22:21:20,021 - WARNING - Synchronisation différée: 401 Client Error: Unauthorized for url: https://portfolio-python-entreprise.onrender.com/ventes/synchroniser
2026-09-14 22:21:50,537 - WARNING - Synchronisation différée: 401 Client Error: Unauthorized for url: https://portfolio-python-entreprise.onrender.com/ventes/synchroniser
2026-09-14 22:22:20,859 - WARNING - Synchronisation différée: 401 Client Error: Unauthorized for url: https://portfolio-python-entreprise.onrender.com/ventes/synchroniser
2026-09-14 22:22:49,745 - WARNING - Synchronisation différée: 401 Client Error: Unauthorized for url: https://portfolio-python-entreprise.onrender.com/ventes/synchroniser
2026-09-14 22:23:19,604 - WARNING - Synchronisation différée: 401 Client Error: Unauthorized for url: https://portfolio-python-entreprise.onrender.com/ventes/synchroniser
2026-09-14 22:23:49,248 - WARNING - Synchronisation différée: 401 Client Error: Unauthorized for url: https://portfolio-python-entreprise.onrender.com/ventes/synchroniser
2026-09-14 22:24:19,252 - WARNING - Synchronisation différée: 401 Client Error: Unauthorized for url: https://portfolio-python-entreprise.onrender.com/ventes/synchroniser
2026-09-14 22:24:49,755 - WARNING - Synchronisation différée: 401 Client Error: Unauthorized for url: https://portfolio-python-entreprise.onrender.com/ventes/synchroniser
2026-09-14 22:25:19,835 - WARNING - Synchronisation différée: 401 Client Error: Unauthorized for url: https://portfolio-python-entreprise.onrender.com/ventes/synchroniser
2026-09-14 22:25:49,613 - WARNING - Synchronisation différée: 401 Client Error: Unauthorized for url: https://portfolio-python-entreprise.onrender.com/ventes/synchroniser
2026-09-14 22:26:19,919 - WARNING - Synchronisation différée: 401 Client Error: Unauthorized for url: https://portfolio-python-entreprise.onrender.com/ventes/synchroniser
2026-09-14 22:26:49,253 - WARNING - Synchronisation différée: 401 Client Error: Unauthorized for url: https://portfolio-python-entreprise.onrender.com/ventes/synchroniser
2026-09-14 22:27:20,751 - WARNING - Synchronisation différée: 401 Client Error: Unauthorized for url: https://portfolio-python-entreprise.onrender.com/ventes/synchroniser
2026-09-14 22:27:50,183 - WARNING - Synchronisation différée: 401 Client Error: Unauthorized for url: https://portfolio-python-entreprise.onrender.com/ventes/synchroniser
2026-09-14 22:28:20,529 - WARNING - Synchronisation différée: 401 Client Error: Unauthorized for url: https://portfolio-python-entreprise.onrender.com/ventes/synchroniser
2026-09-14 22:28:50,704 - WARNING - Synchronisation différée: 401 Client Error: Unauthorized for url: https://portfolio-python-entreprise.onrender.com/ventes/synchroniser
2026-09-14 22:29:20,766 - WARNING - Synchronisation différée: 401 Client Error: Unauthorized for url: https://portfolio-python-entreprise.onrender.com/ventes/synchroniser
2026-09-14 22:29:50,190 - WARNING - Synchronisation différée: 401 Client Error: Unauthorized for url: https://portfolio-python-entreprise.onrender.com/ventes/synchroniser
2026-09-14 22:30:20,170 - WARNING - Synchronisation différée: 401 Client Error: Unauthorized for url: https://portfolio-python-entreprise.onrender.com/ventes/synchroniser
2026-09-14 22:30:49,801 - WARNING - Synchronisation différée: 401 Client Error: Unauthorized for url: https://portfolio-python-entreprise.onrender.com/ventes/synchroniser
2026-09-14 22:31:20,632 - WARNING - Synchronisation différée: 401 Client Error: Unauthorized for url: https://portfolio-python-entreprise.onrender.com/ventes/synchroniser
2026-09-14 22:31:50,150 - WARNING - Synchronisation différée: 401 Client Error: Unauthorized for url: https://portfolio-python-entreprise.onrender.com/ventes/synchroniser
2026-09-14 22:32:19,961 - WARNING - Synchronisation différée: 401 Client Error: Unauthorized for url: https://portfolio-python-entreprise.onrender.com/ventes/synchroniser
2026-09-14 22:32:51,646 - WARNING - Synchronisation différée: 401 Client Error: Unauthorized for url: https://portfolio-python-entreprise.onrender.com/ventes/synchroniser
2026-09-14 22:33:20,008 - WARNING - Synchronisation différée: 401 Client Error: Unauthorized for url: https://portfolio-python-entreprise.onrender.com/ventes/synchroniser
2026-09-14 22:33:49,944 - WARNING - Synchronisation différée: 401 Client Error: Unauthorized for url: https://portfolio-python-entreprise.onrender.com/ventes/synchroniser
2026-09-14 22:34:20,985 - WARNING - Synchronisation différée: 401 Client Error: Unauthorized for url: https://portfolio-python-entreprise.onrender.com/ventes/synchroniser
2026-09-14 22:35:02,378 - WARNING - Synchronisation différée: 401 Client Error: Unauthorized for url: https://portfolio-python-entreprise.onrender.com/ventes/synchroniser
2026-09-14 22:35:21,063 - WARNING - Synchronisation différée: 401 Client Error: Unauthorized for url: https://portfolio-python-entreprise.onrender.com/ventes/synchroniser
2026-09-14 22:35:51,173 - WARNING - Synchronisation différée: 401 Client Error: Unauthorized for url: https://portfolio-python-entreprise.onrender.com/ventes/synchroniser
2026-09-14 22:36:22,595 - WARNING - Synchronisation différée: 401 Client Error: Unauthorized for url: https://portfolio-python-entreprise.onrender.com/ventes/synchroniser
2026-09-14 22:36:50,308 - WARNING - Synchronisation différée: 401 Client Error: Unauthorized for url: https://portfolio-python-entreprise.onrender.com/ventes/synchroniser
2026-09-14 22:37:20,216 - WARNING - Synchronisation différée: 401 Client Error: Unauthorized for url: https://portfolio-python-entreprise.onrender.com/ventes/synchroniser
2026-09-14 22:37:51,181 - WARNING - Synchronisation différée: 401 Client Error: Unauthorized for url: https://portfolio-python-entreprise.onrender.com/ventes/synchroniser
2026-09-14 22:38:22,895 - WARNING - Synchronisation différée: 401 Client Error: Unauthorized for url: https://portfolio-python-entreprise.onrender.com/ventes/synchroniser
2026-09-14 22:39:07,586 - WARNING - Synchronisation différée: 401 Client Error: Unauthorized for url: https://portfolio-python-entreprise.onrender.com/ventes/synchroniser
2026-09-14 22:39:27,388 - WARNING - Synchronisation différée: HTTPSConnectionPool(host='portfolio-python-entreprise.onrender.com', port=443): Read timed out. (read timeout=8)
2026-09-14 22:40:02,713 - WARNING - Synchronisation différée: 401 Client Error: Unauthorized for url: https://portfolio-python-entreprise.onrender.com/ventes/synchroniser
2026-09-14 22:40:21,097 - WARNING - Synchronisation différée: 401 Client Error: Unauthorized for url: https://portfolio-python-entreprise.onrender.com/ventes/synchroniser
2026-09-14 22:40:51,607 - WARNING - Synchronisation différée: 401 Client Error: Unauthorized for url: https://portfolio-python-entreprise.onrender.com/ventes/synchroniser
2026-09-14 22:41:20,396 - WARNING - Synchronisation différée: 401 Client Error: Unauthorized for url: https://portfolio-python-entreprise.onrender.com/ventes/synchroniser
2026-09-14 22:41:50,438 - WARNING - Synchronisation différée: 401 Client Error: Unauthorized for url: https://portfolio-python-entreprise.onrender.com/ventes/synchroniser
2026-09-14 22:42:20,414 - WARNING - Synchronisation différée: 401 Client Error: Unauthorized for url: https://portfolio-python-entreprise.onrender.com/ventes/synchroniser
2026-09-14 22:42:53,526 - WARNING - Synchronisation différée: 401 Client Error: Unauthorized for url: https://portfolio-python-entreprise.onrender.com/ventes/synchroniser
2026-09-14 22:43:20,146 - WARNING - Synchronisation différée: 401 Client Error: Unauthorized for url: https://portfolio-python-entreprise.onrender.com/ventes/synchroniser
2026-09-14 22:43:51,252 - WARNING - Synchronisation différée: 401 Client Error: Unauthorized for url: https://portfolio-python-entreprise.onrender.com/ventes/synchroniser
2026-09-14 22:44:20,837 - WARNING - Synchronisation différée: 401 Client Error: Unauthorized for url: https://portfolio-python-entreprise.onrender.com/ventes/synchroniser
2026-09-14 22:44:50,315 - WARNING - Synchronisation différée: 401 Client Error: Unauthorized for url: https://portfolio-python-entreprise.onrender.com/ventes/synchroniser
2026-09-14 22:45:19,882 - WARNING - Synchronisation différée: 401 Client Error: Unauthorized for url: https://portfolio-python-entreprise.onrender.com/ventes/synchroniser
2026-09-14 22:45:50,252 - WARNING - Synchronisation différée: 401 Client Error: Unauthorized for url: https://portfolio-python-entreprise.onrender.com/ventes/synchroniser
2026-09-14 22:46:20,754 - WARNING - Synchronisation différée: 401 Client Error: Unauthorized for url: https://portfolio-python-entreprise.onrender.com/ventes/synchroniser
2026-09-14 22:46:50,566 - WARNING - Synchronisation différée: 401 Client Error: Unauthorized for url: https://portfolio-python-entreprise.onrender.com/ventes/synchroniser
2026-09-14 22:47:19,297 - WARNING - Synchronisation différée: 401 Client Error: Unauthorized for url: https://portfolio-python-entreprise.onrender.com/ventes/synchroniser
2026-09-14 22:47:49,410 - WARNING - Synchronisation différée: 401 Client Error: Unauthorized for url: https://portfolio-python-entreprise.onrender.com/ventes/synchroniser
2026-09-14 22:48:19,503 - WARNING - Synchronisation différée: 401 Client Error: Unauthorized for url: https://portfolio-python-entreprise.onrender.com/ventes/synchroniser
2026-09-14 22:48:49,339 - WARNING - Synchronisation différée: 401 Client Error: Unauthorized for url: https://portfolio-python-entreprise.onrender.com/ventes/synchroniser
2026-09-14 22:49:20,651 - WARNING - Synchronisation différée: 401 Client Error: Unauthorized for url: https://portfolio-python-entreprise.onrender.com/ventes/synchroniser
2026-09-14 22:49:50,606 - WARNING - Synchronisation différée: 401 Client Error: Unauthorized for url: https://portfolio-python-entreprise.onrender.com/ventes/synchroniser
2026-09-14 22:50:31,810 - WARNING - Synchronisation différée: 401 Client Error: Unauthorized for url: https://portfolio-python-entreprise.onrender.com/ventes/synchroniser
2026-09-14 22:50:51,150 - WARNING - Synchronisation différée: 401 Client Error: Unauthorized for url: https://portfolio-python-entreprise.onrender.com/ventes/synchroniser
2026-09-14 22:51:20,038 - WARNING - Synchronisation différée: 401 Client Error: Unauthorized for url: https://portfolio-python-entreprise.onrender.com/ventes/synchroniser
2026-09-14 22:51:50,382 - WARNING - Synchronisation différée: 401 Client Error: Unauthorized for url: https://portfolio-python-entreprise.onrender.com/ventes/synchroniser
2026-09-14 22:52:23,230 - WARNING - Synchronisation différée: 401 Client Error: Unauthorized for url: https://portfolio-python-entreprise.onrender.com/ventes/synchroniser
2026-09-14 22:52:51,221 - WARNING - Synchronisation différée: 401 Client Error: Unauthorized for url: https://portfolio-python-entreprise.onrender.com/ventes/synchroniser
2026-09-14 22:53:20,883 - WARNING - Synchronisation différée: 401 Client Error: Unauthorized for url: https://portfolio-python-entreprise.onrender.com/ventes/synchroniser
2026-09-14 22:53:50,199 - WARNING - Synchronisation différée: 401 Client Error: Unauthorized for url: https://portfolio-python-entreprise.onrender.com/ventes/synchroniser
2026-09-14 22:54:21,499 - WARNING - Synchronisation différée: 401 Client Error: Unauthorized for url: https://portfolio-python-entreprise.onrender.com/ventes/synchroniser
2026-09-14 22:54:51,024 - WARNING - Synchronisation différée: 401 Client Error: Unauthorized for url: https://portfolio-python-entreprise.onrender.com/ventes/synchroniser
2026-09-14 22:55:20,696 - WARNING - Synchronisation différée: 401 Client Error: Unauthorized for url: https://portfolio-python-entreprise.onrender.com/ventes/synchroniser
2026-09-14 22:55:50,453 - WARNING - Synchronisation différée: 401 Client Error: Unauthorized for url: https://portfolio-python-entreprise.onrender.com/ventes/synchroniser
2026-09-14 22:56:22,220 - WARNING - Synchronisation différée: 401 Client Error: Unauthorized for url: https://portfolio-python-entreprise.onrender.com/ventes/synchroniser
2026-09-14 22:56:52,749 - WARNING - Synchronisation différée: 401 Client Error: Unauthorized for url: https://portfolio-python-entreprise.onrender.com/ventes/synchroniser
2026-09-14 22:57:20,095 - WARNING - Synchronisation différée: 401 Client Error: Unauthorized for url: https://portfolio-python-entreprise.onrender.com/ventes/synchroniser
2026-09-14 22:57:51,783 - WARNING - Synchronisation différée: 401 Client Error: Unauthorized for url: https://portfolio-python-entreprise.onrender.com/ventes/synchroniser
2026-09-14 22:58:21,770 - WARNING - Synchronisation différée: 401 Client Error: Unauthorized for url: https://portfolio-python-entreprise.onrender.com/ventes/synchroniser
2026-09-14 22:58:50,753 - WARNING - Synchronisation différée: 401 Client Error: Unauthorized for url: https://portfolio-python-entreprise.onrender.com/ventes/synchroniser
2026-09-14 22:59:21,430 - WARNING - Synchronisation différée: 401 Client Error: Unauthorized for url: https://portfolio-python-entreprise.onrender.com/ventes/synchroniser
2026-09-14 22:59:50,968 - WARNING - Synchronisation différée: 401 Client Error: Unauthorized for url: https://portfolio-python-entreprise.onrender.com/ventes/synchroniser
2026-09-14 23:00:21,470 - WARNING - Synchronisation différée: 401 Client Error: Unauthorized for url: https://portfolio-python-entreprise.onrender.com/ventes/synchroniser
2026-09-14 23:00:50,535 - WARNING - Synchronisation différée: 401 Client Error: Unauthorized for url: https://portfolio-python-entreprise.onrender.com/ventes/synchroniser
2026-09-14 23:01:20,649 - WARNING - Synchronisation différée: 401 Client Error: Unauthorized for url: https://portfolio-python-entreprise.onrender.com/ventes/synchroniser
2026-09-14 23:01:52,620 - WARNING - Synchronisation différée: 401 Client Error: Unauthorized for url: https://portfolio-python-entreprise.onrender.com/ventes/synchroniser
2026-09-14 23:02:21,085 - WARNING - Synchronisation différée: 401 Client Error: Unauthorized for url: https://portfolio-python-entreprise.onrender.com/ventes/synchroniser
2026-09-14 23:02:56,363 - WARNING - Synchronisation différée: HTTPSConnectionPool(host='portfolio-python-entreprise.onrender.com', port=443): Read timed out. (read timeout=8)
2026-09-14 23:03:21,170 - WARNING - Synchronisation différée: 401 Client Error: Unauthorized for url: https://portfolio-python-entreprise.onrender.com/ventes/synchroniser
2026-09-14 23:03:52,085 - WARNING - Synchronisation différée: 401 Client Error: Unauthorized for url: https://portfolio-python-entreprise.onrender.com/ventes/synchroniser
2026-09-14 23:04:21,001 - WARNING - Synchronisation différée: 401 Client Error: Unauthorized for url: https://portfolio-python-entreprise.onrender.com/ventes/synchroniser
2026-09-14 23:04:50,926 - WARNING - Synchronisation différée: 401 Client Error: Unauthorized for url: https://portfolio-python-entreprise.onrender.com/ventes/synchroniser
2026-09-14 23:05:21,171 - WARNING - Synchronisation différée: 401 Client Error: Unauthorized for url: https://portfolio-python-entreprise.onrender.com/ventes/synchroniser
2026-09-14 23:05:52,563 - WARNING - Synchronisation différée: 401 Client Error: Unauthorized for url: https://portfolio-python-entreprise.onrender.com/ventes/synchroniser
2026-09-14 23:06:26,072 - WARNING - Synchronisation différée: 401 Client Error: Unauthorized for url: https://portfolio-python-entreprise.onrender.com/ventes/synchroniser
2026-09-14 23:06:51,845 - WARNING - Synchronisation différée: 401 Client Error: Unauthorized for url: https://portfolio-python-entreprise.onrender.com/ventes/synchroniser
2026-09-14 23:07:20,500 - WARNING - Synchronisation différée: 401 Client Error: Unauthorized for url: https://portfolio-python-entreprise.onrender.com/ventes/synchroniser
2026-09-14 23:07:50,791 - WARNING - Synchronisation différée: 401 Client Error: Unauthorized for url: https://portfolio-python-entreprise.onrender.com/ventes/synchroniser
2026-09-14 23:08:20,879 - WARNING - Synchronisation différée: 401 Client Error: Unauthorized for url: https://portfolio-python-entreprise.onrender.com/ventes/synchroniser
2026-09-14 23:08:58,547 - WARNING - Synchronisation différée: HTTPSConnectionPool(host='portfolio-python-entreprise.onrender.com', port=443): Read timed out. (read timeout=8)
2026-09-14 23:09:32,622 - WARNING - Synchronisation différée: ('Connection aborted.', RemoteDisconnected('Remote end closed connection without response'))
2026-09-14 23:09:55,656 - WARNING - Synchronisation différée: HTTPSConnectionPool(host='portfolio-python-entreprise.onrender.com', port=443): Read timed out. (read timeout=8)
2026-09-14 23:10:28,986 - WARNING - Synchronisation différée: HTTPSConnectionPool(host='portfolio-python-entreprise.onrender.com', port=443): Read timed out. (read timeout=8)
2026-09-14 23:10:55,655 - WARNING - Synchronisation différée: HTTPSConnectionPool(host='portfolio-python-entreprise.onrender.com', port=443): Read timed out. (read timeout=8)
2026-09-14 23:11:28,482 - WARNING - Synchronisation différée: HTTPSConnectionPool(host='portfolio-python-entreprise.onrender.com', port=443): Max retries exceeded with url: /ventes/synchroniser (Caused by NameResolutionError("HTTPSConnection(host='portfolio-python-entreprise.onrender.com', port=443): Failed to resolve 'portfolio-python-entreprise.onrender.com' ([Errno 11001] getaddrinfo failed)"))
2026-09-14 23:11:56,767 - WARNING - Synchronisation différée: HTTPSConnectionPool(host='portfolio-python-entreprise.onrender.com', port=443): Read timed out. (read timeout=8)
2026-09-14 23:12:33,805 - WARNING - Synchronisation différée: HTTPSConnectionPool(host='portfolio-python-entreprise.onrender.com', port=443): Read timed out. (read timeout=8)
2026-09-14 23:12:55,621 - WARNING - Synchronisation différée: HTTPSConnectionPool(host='portfolio-python-entreprise.onrender.com', port=443): Read timed out. (read timeout=8)
2026-09-14 23:13:25,900 - WARNING - Synchronisation différée: HTTPSConnectionPool(host='portfolio-python-entreprise.onrender.com', port=443): Read timed out. (read timeout=8)
2026-09-14 23:13:54,987 - WARNING - Synchronisation différée: HTTPSConnectionPool(host='portfolio-python-entreprise.onrender.com', port=443): Max retries exceeded with url: /ventes/synchroniser (Caused by NewConnectionError("HTTPSConnection(host='portfolio-python-entreprise.onrender.com', port=443): Failed to establish a new connection: [WinError 10065] Une opération a été tentée sur un hôte impossible à atteindre"))
2026-09-14 23:14:17,539 - WARNING - Synchronisation différée: HTTPSConnectionPool(host='portfolio-python-entreprise.onrender.com', port=443): Max retries exceeded with url: /ventes/synchroniser (Caused by NameResolutionError("HTTPSConnection(host='portfolio-python-entreprise.onrender.com', port=443): Failed to resolve 'portfolio-python-entreprise.onrender.com' ([Errno 11001] getaddrinfo failed)"))
2026-09-14 23:15:16,189 - WARNING - Synchronisation différée: ('Connection aborted.', RemoteDisconnected('Remote end closed connection without response'))
2026-09-14 23:15:33,050 - WARNING - Synchronisation différée: HTTPSConnectionPool(host='portfolio-python-entreprise.onrender.com', port=443): Max retries exceeded with url: /ventes/synchroniser (Caused by ConnectTimeoutError(<HTTPSConnection(host='portfolio-python-entreprise.onrender.com', port=443) at 0x2a5410e6fd0>, 'Connection to portfolio-python-entreprise.onrender.com timed out. (connect timeout=8)'))
2026-09-14 23:16:01,868 - WARNING - Synchronisation différée: HTTPSConnectionPool(host='portfolio-python-entreprise.onrender.com', port=443): Read timed out. (read timeout=8)
2026-09-14 23:16:25,618 - WARNING - Synchronisation différée: ('Connection aborted.', ConnectionResetError(10054, 'Une connexion existante a dû être fermée par l’hôte distant', None, 10054, None))
2026-09-14 23:16:58,704 - WARNING - Synchronisation différée: HTTPSConnectionPool(host='portfolio-python-entreprise.onrender.com', port=443): Max retries exceeded with url: /ventes/synchroniser (Caused by NameResolutionError("HTTPSConnection(host='portfolio-python-entreprise.onrender.com', port=443): Failed to resolve 'portfolio-python-entreprise.onrender.com' ([Errno 11001] getaddrinfo failed)"))
2026-09-14 23:17:17,183 - WARNING - Synchronisation différée: HTTPSConnectionPool(host='portfolio-python-entreprise.onrender.com', port=443): Max retries exceeded with url: /ventes/synchroniser (Caused by NameResolutionError("HTTPSConnection(host='portfolio-python-entreprise.onrender.com', port=443): Failed to resolve 'portfolio-python-entreprise.onrender.com' ([Errno 11001] getaddrinfo failed)"))
2026-09-14 23:18:03,888 - WARNING - Synchronisation différée: 401 Client Error: Unauthorized for url: https://portfolio-python-entreprise.onrender.com/ventes/synchroniser
2026-09-14 23:18:23,934 - WARNING - Synchronisation différée: 401 Client Error: Unauthorized for url: https://portfolio-python-entreprise.onrender.com/ventes/synchroniser
2026-09-14 23:18:58,122 - WARNING - Synchronisation différée: HTTPSConnectionPool(host='portfolio-python-entreprise.onrender.com', port=443): Read timed out.
2026-09-14 23:19:24,877 - WARNING - Synchronisation différée: 401 Client Error: Unauthorized for url: https://portfolio-python-entreprise.onrender.com/ventes/synchroniser
2026-09-14 23:19:50,114 - WARNING - Synchronisation différée: 401 Client Error: Unauthorized for url: https://portfolio-python-entreprise.onrender.com/ventes/synchroniser
2026-09-14 23:20:20,449 - WARNING - Synchronisation différée: 401 Client Error: Unauthorized for url: https://portfolio-python-entreprise.onrender.com/ventes/synchroniser
2026-09-14 23:20:56,215 - WARNING - Synchronisation différée: 401 Client Error: Unauthorized for url: https://portfolio-python-entreprise.onrender.com/ventes/synchroniser
2026-09-14 23:21:21,771 - WARNING - Synchronisation différée: 401 Client Error: Unauthorized for url: https://portfolio-python-entreprise.onrender.com/ventes/synchroniser
2026-09-14 23:21:51,938 - WARNING - Synchronisation différée: 401 Client Error: Unauthorized for url: https://portfolio-python-entreprise.onrender.com/ventes/synchroniser
2026-09-14 23:22:21,199 - WARNING - Synchronisation différée: 401 Client Error: Unauthorized for url: https://portfolio-python-entreprise.onrender.com/ventes/synchroniser
2026-09-14 23:22:50,139 - WARNING - Synchronisation différée: 401 Client Error: Unauthorized for url: https://portfolio-python-entreprise.onrender.com/ventes/synchroniser
2026-09-14 23:23:20,168 - WARNING - Synchronisation différée: 401 Client Error: Unauthorized for url: https://portfolio-python-entreprise.onrender.com/ventes/synchroniser
2026-09-14 23:23:50,101 - WARNING - Synchronisation différée: 401 Client Error: Unauthorized for url: https://portfolio-python-entreprise.onrender.com/ventes/synchroniser
2026-09-14 23:24:19,505 - WARNING - Synchronisation différée: 401 Client Error: Unauthorized for url: https://portfolio-python-entreprise.onrender.com/ventes/synchroniser
2026-09-14 23:24:50,563 - WARNING - Synchronisation différée: 401 Client Error: Unauthorized for url: https://portfolio-python-entreprise.onrender.com/ventes/synchroniser
2026-09-14 23:25:20,543 - WARNING - Synchronisation différée: 401 Client Error: Unauthorized for url: https://portfolio-python-entreprise.onrender.com/ventes/synchroniser
2026-09-14 23:25:49,891 - WARNING - Synchronisation différée: 401 Client Error: Unauthorized for url: https://portfolio-python-entreprise.onrender.com/ventes/synchroniser
2026-09-14 23:26:23,554 - WARNING - Synchronisation différée: 401 Client Error: Unauthorized for url: https://portfolio-python-entreprise.onrender.com/ventes/synchroniser
2026-09-14 23:26:53,820 - WARNING - Synchronisation différée: 401 Client Error: Unauthorized for url: https://portfolio-python-entreprise.onrender.com/ventes/synchroniser
2026-09-14 23:27:20,215 - WARNING - Synchronisation différée: 401 Client Error: Unauthorized for url: https://portfolio-python-entreprise.onrender.com/ventes/synchroniser
2026-09-14 23:27:51,559 - WARNING - Synchronisation différée: 401 Client Error: Unauthorized for url: https://portfolio-python-entreprise.onrender.com/ventes/synchroniser
2026-09-14 23:28:22,359 - WARNING - Synchronisation différée: 401 Client Error: Unauthorized for url: https://portfolio-python-entreprise.onrender.com/ventes/synchroniser
2026-09-14 23:28:52,530 - WARNING - Synchronisation différée: 401 Client Error: Unauthorized for url: https://portfolio-python-entreprise.onrender.com/ventes/synchroniser
2026-09-14 23:29:20,889 - WARNING - Synchronisation différée: 401 Client Error: Unauthorized for url: https://portfolio-python-entreprise.onrender.com/ventes/synchroniser
2026-09-14 23:29:51,643 - WARNING - Synchronisation différée: 401 Client Error: Unauthorized for url: https://portfolio-python-entreprise.onrender.com/ventes/synchroniser
2026-09-14 23:30:21,093 - WARNING - Synchronisation différée: 401 Client Error: Unauthorized for url: https://portfolio-python-entreprise.onrender.com/ventes/synchroniser
2026-09-14 23:30:51,034 - WARNING - Synchronisation différée: 401 Client Error: Unauthorized for url: https://portfolio-python-entreprise.onrender.com/ventes/synchroniser
2026-09-14 23:31:20,663 - WARNING - Synchronisation différée: 401 Client Error: Unauthorized for url: https://portfolio-python-entreprise.onrender.com/ventes/synchroniser
2026-09-14 23:32:02,615 - WARNING - Synchronisation différée: 401 Client Error: Unauthorized for url: https://portfolio-python-entreprise.onrender.com/ventes/synchroniser
2026-09-14 23:32:21,009 - WARNING - Synchronisation différée: 401 Client Error: Unauthorized for url: https://portfolio-python-entreprise.onrender.com/ventes/synchroniser
2026-09-14 23:32:51,727 - WARNING - Synchronisation différée: 401 Client Error: Unauthorized for url: https://portfolio-python-entreprise.onrender.com/ventes/synchroniser
2026-09-14 23:33:21,837 - WARNING - Synchronisation différée: 401 Client Error: Unauthorized for url: https://portfolio-python-entreprise.onrender.com/ventes/synchroniser
2026-09-14 23:33:51,172 - WARNING - Synchronisation différée: 401 Client Error: Unauthorized for url: https://portfolio-python-entreprise.onrender.com/ventes/synchroniser
2026-09-14 23:34:22,180 - WARNING - Synchronisation différée: 401 Client Error: Unauthorized for url: https://portfolio-python-entreprise.onrender.com/ventes/synchroniser
2026-09-14 23:34:51,534 - WARNING - Synchronisation différée: 401 Client Error: Unauthorized for url: https://portfolio-python-entreprise.onrender.com/ventes/synchroniser
2026-09-14 23:35:20,520 - WARNING - Synchronisation différée: 401 Client Error: Unauthorized for url: https://portfolio-python-entreprise.onrender.com/ventes/synchroniser
2026-09-14 23:35:51,488 - WARNING - Synchronisation différée: 401 Client Error: Unauthorized for url: https://portfolio-python-entreprise.onrender.com/ventes/synchroniser
2026-09-14 23:36:21,385 - WARNING - Synchronisation différée: 401 Client Error: Unauthorized for url: https://portfolio-python-entreprise.onrender.com/ventes/synchroniser
2026-09-14 23:36:51,213 - WARNING - Synchronisation différée: 401 Client Error: Unauthorized for url: https://portfolio-python-entreprise.onrender.com/ventes/synchroniser
2026-09-14 23:37:22,443 - WARNING - Synchronisation différée: 401 Client Error: Unauthorized for url: https://portfolio-python-entreprise.onrender.com/ventes/synchroniser
2026-09-14 23:37:58,113 - WARNING - Synchronisation différée: HTTPSConnectionPool(host='portfolio-python-entreprise.onrender.com', port=443): Read timed out. (read timeout=8)
2026-09-14 23:38:17,488 - WARNING - Synchronisation différée: HTTPSConnectionPool(host='portfolio-python-entreprise.onrender.com', port=443): Max retries exceeded with url: /ventes/synchroniser (Caused by NameResolutionError("HTTPSConnection(host='portfolio-python-entreprise.onrender.com', port=443): Failed to resolve 'portfolio-python-entreprise.onrender.com' ([Errno 11001] getaddrinfo failed)"))
2026-09-14 23:38:47,481 - WARNING - Synchronisation différée: HTTPSConnectionPool(host='portfolio-python-entreprise.onrender.com', port=443): Max retries exceeded with url: /ventes/synchroniser (Caused by NameResolutionError("HTTPSConnection(host='portfolio-python-entreprise.onrender.com', port=443): Failed to resolve 'portfolio-python-entreprise.onrender.com' ([Errno 11001] getaddrinfo failed)"))
2026-09-14 23:39:17,533 - WARNING - Synchronisation différée: HTTPSConnectionPool(host='portfolio-python-entreprise.onrender.com', port=443): Max retries exceeded with url: /ventes/synchroniser (Caused by NameResolutionError("HTTPSConnection(host='portfolio-python-entreprise.onrender.com', port=443): Failed to resolve 'portfolio-python-entreprise.onrender.com' ([Errno 11001] getaddrinfo failed)"))
2026-09-14 23:39:47,588 - WARNING - Synchronisation différée: HTTPSConnectionPool(host='portfolio-python-entreprise.onrender.com', port=443): Max retries exceeded with url: /ventes/synchroniser (Caused by NameResolutionError("HTTPSConnection(host='portfolio-python-entreprise.onrender.com', port=443): Failed to resolve 'portfolio-python-entreprise.onrender.com' ([Errno 11001] getaddrinfo failed)"))
2026-09-14 23:40:17,620 - WARNING - Synchronisation différée: HTTPSConnectionPool(host='portfolio-python-entreprise.onrender.com', port=443): Max retries exceeded with url: /ventes/synchroniser (Caused by NameResolutionError("HTTPSConnection(host='portfolio-python-entreprise.onrender.com', port=443): Failed to resolve 'portfolio-python-entreprise.onrender.com' ([Errno 11001] getaddrinfo failed)"))
2026-09-14 23:40:47,617 - WARNING - Synchronisation différée: HTTPSConnectionPool(host='portfolio-python-entreprise.onrender.com', port=443): Max retries exceeded with url: /ventes/synchroniser (Caused by NameResolutionError("HTTPSConnection(host='portfolio-python-entreprise.onrender.com', port=443): Failed to resolve 'portfolio-python-entreprise.onrender.com' ([Errno 11001] getaddrinfo failed)"))
2026-09-14 23:41:17,678 - WARNING - Synchronisation différée: HTTPSConnectionPool(host='portfolio-python-entreprise.onrender.com', port=443): Max retries exceeded with url: /ventes/synchroniser (Caused by NameResolutionError("HTTPSConnection(host='portfolio-python-entreprise.onrender.com', port=443): Failed to resolve 'portfolio-python-entreprise.onrender.com' ([Errno 11001] getaddrinfo failed)"))
2026-09-14 23:41:47,676 - WARNING - Synchronisation différée: HTTPSConnectionPool(host='portfolio-python-entreprise.onrender.com', port=443): Max retries exceeded with url: /ventes/synchroniser (Caused by NameResolutionError("HTTPSConnection(host='portfolio-python-entreprise.onrender.com', port=443): Failed to resolve 'portfolio-python-entreprise.onrender.com' ([Errno 11001] getaddrinfo failed)"))
2026-09-14 23:42:17,686 - WARNING - Synchronisation différée: HTTPSConnectionPool(host='portfolio-python-entreprise.onrender.com', port=443): Max retries exceeded with url: /ventes/synchroniser (Caused by NameResolutionError("HTTPSConnection(host='portfolio-python-entreprise.onrender.com', port=443): Failed to resolve 'portfolio-python-entreprise.onrender.com' ([Errno 11001] getaddrinfo failed)"))
2026-09-14 23:42:47,688 - WARNING - Synchronisation différée: HTTPSConnectionPool(host='portfolio-python-entreprise.onrender.com', port=443): Max retries exceeded with url: /ventes/synchroniser (Caused by NameResolutionError("HTTPSConnection(host='portfolio-python-entreprise.onrender.com', port=443): Failed to resolve 'portfolio-python-entreprise.onrender.com' ([Errno 11001] getaddrinfo failed)"))
2026-09-14 23:43:17,749 - WARNING - Synchronisation différée: HTTPSConnectionPool(host='portfolio-python-entreprise.onrender.com', port=443): Max retries exceeded with url: /ventes/synchroniser (Caused by NameResolutionError("HTTPSConnection(host='portfolio-python-entreprise.onrender.com', port=443): Failed to resolve 'portfolio-python-entreprise.onrender.com' ([Errno 11001] getaddrinfo failed)"))
2026-09-14 23:43:47,783 - WARNING - Synchronisation différée: HTTPSConnectionPool(host='portfolio-python-entreprise.onrender.com', port=443): Max retries exceeded with url: /ventes/synchroniser (Caused by NameResolutionError("HTTPSConnection(host='portfolio-python-entreprise.onrender.com', port=443): Failed to resolve 'portfolio-python-entreprise.onrender.com' ([Errno 11001] getaddrinfo failed)"))
2026-09-14 23:44:17,815 - WARNING - Synchronisation différée: HTTPSConnectionPool(host='portfolio-python-entreprise.onrender.com', port=443): Max retries exceeded with url: /ventes/synchroniser (Caused by NameResolutionError("HTTPSConnection(host='portfolio-python-entreprise.onrender.com', port=443): Failed to resolve 'portfolio-python-entreprise.onrender.com' ([Errno 11001] getaddrinfo failed)"))
2026-09-14 23:44:47,836 - WARNING - Synchronisation différée: HTTPSConnectionPool(host='portfolio-python-entreprise.onrender.com', port=443): Max retries exceeded with url: /ventes/synchroniser (Caused by NameResolutionError("HTTPSConnection(host='portfolio-python-entreprise.onrender.com', port=443): Failed to resolve 'portfolio-python-entreprise.onrender.com' ([Errno 11001] getaddrinfo failed)"))
2026-09-14 23:45:17,869 - WARNING - Synchronisation différée: HTTPSConnectionPool(host='portfolio-python-entreprise.onrender.com', port=443): Max retries exceeded with url: /ventes/synchroniser (Caused by NameResolutionError("HTTPSConnection(host='portfolio-python-entreprise.onrender.com', port=443): Failed to resolve 'portfolio-python-entreprise.onrender.com' ([Errno 11001] getaddrinfo failed)"))
2026-09-14 23:45:47,831 - WARNING - Synchronisation différée: HTTPSConnectionPool(host='portfolio-python-entreprise.onrender.com', port=443): Max retries exceeded with url: /ventes/synchroniser (Caused by NameResolutionError("HTTPSConnection(host='portfolio-python-entreprise.onrender.com', port=443): Failed to resolve 'portfolio-python-entreprise.onrender.com' ([Errno 11001] getaddrinfo failed)"))
2026-09-14 23:46:18,082 - WARNING - Synchronisation différée: HTTPSConnectionPool(host='portfolio-python-entreprise.onrender.com', port=443): Max retries exceeded with url: /ventes/synchroniser (Caused by NameResolutionError("HTTPSConnection(host='portfolio-python-entreprise.onrender.com', port=443): Failed to resolve 'portfolio-python-entreprise.onrender.com' ([Errno 11001] getaddrinfo failed)"))
2026-09-15 00:18:34,919 - WARNING - Synchronisation différée: HTTPSConnectionPool(host='portfolio-python-entreprise.onrender.com', port=443): Max retries exceeded with url: /ventes/synchroniser (Caused by NameResolutionError("HTTPSConnection(host='portfolio-python-entreprise.onrender.com', port=443): Failed to resolve 'portfolio-python-entreprise.onrender.com' ([Errno 11001] getaddrinfo failed)"))
2026-09-15 00:19:00,586 - WARNING - Synchronisation différée: HTTPSConnectionPool(host='portfolio-python-entreprise.onrender.com', port=443): Max retries exceeded with url: /ventes/synchroniser (Caused by NameResolutionError("HTTPSConnection(host='portfolio-python-entreprise.onrender.com', port=443): Failed to resolve 'portfolio-python-entreprise.onrender.com' ([Errno 11001] getaddrinfo failed)"))
2026-09-15 00:19:30,463 - WARNING - Synchronisation différée: HTTPSConnectionPool(host='portfolio-python-entreprise.onrender.com', port=443): Max retries exceeded with url: /ventes/synchroniser (Caused by NameResolutionError("HTTPSConnection(host='portfolio-python-entreprise.onrender.com', port=443): Failed to resolve 'portfolio-python-entreprise.onrender.com' ([Errno 11001] getaddrinfo failed)"))
2026-09-15 00:20:00,439 - WARNING - Synchronisation différée: HTTPSConnectionPool(host='portfolio-python-entreprise.onrender.com', port=443): Max retries exceeded with url: /ventes/synchroniser (Caused by NameResolutionError("HTTPSConnection(host='portfolio-python-entreprise.onrender.com', port=443): Failed to resolve 'portfolio-python-entreprise.onrender.com' ([Errno 11001] getaddrinfo failed)"))
2026-09-15 00:20:30,573 - WARNING - Synchronisation différée: HTTPSConnectionPool(host='portfolio-python-entreprise.onrender.com', port=443): Max retries exceeded with url: /ventes/synchroniser (Caused by NameResolutionError("HTTPSConnection(host='portfolio-python-entreprise.onrender.com', port=443): Failed to resolve 'portfolio-python-entreprise.onrender.com' ([Errno 11001] getaddrinfo failed)"))
2026-09-15 00:21:00,458 - WARNING - Synchronisation différée: HTTPSConnectionPool(host='portfolio-python-entreprise.onrender.com', port=443): Max retries exceeded with url: /ventes/synchroniser (Caused by NameResolutionError("HTTPSConnection(host='portfolio-python-entreprise.onrender.com', port=443): Failed to resolve 'portfolio-python-entreprise.onrender.com' ([Errno 11001] getaddrinfo failed)"))
2026-09-15 00:21:30,512 - WARNING - Synchronisation différée: HTTPSConnectionPool(host='portfolio-python-entreprise.onrender.com', port=443): Max retries exceeded with url: /ventes/synchroniser (Caused by NameResolutionError("HTTPSConnection(host='portfolio-python-entreprise.onrender.com', port=443): Failed to resolve 'portfolio-python-entreprise.onrender.com' ([Errno 11001] getaddrinfo failed)"))
2026-09-15 00:22:00,498 - WARNING - Synchronisation différée: HTTPSConnectionPool(host='portfolio-python-entreprise.onrender.com', port=443): Max retries exceeded with url: /ventes/synchroniser (Caused by NameResolutionError("HTTPSConnection(host='portfolio-python-entreprise.onrender.com', port=443): Failed to resolve 'portfolio-python-entreprise.onrender.com' ([Errno 11001] getaddrinfo failed)"))
2026-09-15 00:22:30,532 - WARNING - Synchronisation différée: HTTPSConnectionPool(host='portfolio-python-entreprise.onrender.com', port=443): Max retries exceeded with url: /ventes/synchroniser (Caused by NameResolutionError("HTTPSConnection(host='portfolio-python-entreprise.onrender.com', port=443): Failed to resolve 'portfolio-python-entreprise.onrender.com' ([Errno 11001] getaddrinfo failed)"))
2026-09-15 00:23:00,567 - WARNING - Synchronisation différée: HTTPSConnectionPool(host='portfolio-python-entreprise.onrender.com', port=443): Max retries exceeded with url: /ventes/synchroniser (Caused by NameResolutionError("HTTPSConnection(host='portfolio-python-entreprise.onrender.com', port=443): Failed to resolve 'portfolio-python-entreprise.onrender.com' ([Errno 11001] getaddrinfo failed)"))
2026-09-15 00:23:30,560 - WARNING - Synchronisation différée: HTTPSConnectionPool(host='portfolio-python-entreprise.onrender.com', port=443): Max retries exceeded with url: /ventes/synchroniser (Caused by NameResolutionError("HTTPSConnection(host='portfolio-python-entreprise.onrender.com', port=443): Failed to resolve 'portfolio-python-entreprise.onrender.com' ([Errno 11001] getaddrinfo failed)"))
2026-09-15 00:24:00,596 - WARNING - Synchronisation différée: HTTPSConnectionPool(host='portfolio-python-entreprise.onrender.com', port=443): Max retries exceeded with url: /ventes/synchroniser (Caused by NameResolutionError("HTTPSConnection(host='portfolio-python-entreprise.onrender.com', port=443): Failed to resolve 'portfolio-python-entreprise.onrender.com' ([Errno 11001] getaddrinfo failed)"))
2026-09-15 00:24:30,602 - WARNING - Synchronisation différée: HTTPSConnectionPool(host='portfolio-python-entreprise.onrender.com', port=443): Max retries exceeded with url: /ventes/synchroniser (Caused by NameResolutionError("HTTPSConnection(host='portfolio-python-entreprise.onrender.com', port=443): Failed to resolve 'portfolio-python-entreprise.onrender.com' ([Errno 11001] getaddrinfo failed)"))
2026-09-15 00:25:00,676 - WARNING - Synchronisation différée: HTTPSConnectionPool(host='portfolio-python-entreprise.onrender.com', port=443): Max retries exceeded with url: /ventes/synchroniser (Caused by NameResolutionError("HTTPSConnection(host='portfolio-python-entreprise.onrender.com', port=443): Failed to resolve 'portfolio-python-entreprise.onrender.com' ([Errno 11001] getaddrinfo failed)"))
2026-09-15 00:25:30,796 - WARNING - Synchronisation différée: HTTPSConnectionPool(host='portfolio-python-entreprise.onrender.com', port=443): Max retries exceeded with url: /ventes/synchroniser (Caused by NameResolutionError("HTTPSConnection(host='portfolio-python-entreprise.onrender.com', port=443): Failed to resolve 'portfolio-python-entreprise.onrender.com' ([Errno 11001] getaddrinfo failed)"))
2026-09-15 00:26:00,698 - WARNING - Synchronisation différée: HTTPSConnectionPool(host='portfolio-python-entreprise.onrender.com', port=443): Max retries exceeded with url: /ventes/synchroniser (Caused by NameResolutionError("HTTPSConnection(host='portfolio-python-entreprise.onrender.com', port=443): Failed to resolve 'portfolio-python-entreprise.onrender.com' ([Errno 11001] getaddrinfo failed)"))
2026-09-15 00:26:30,735 - WARNING - Synchronisation différée: HTTPSConnectionPool(host='portfolio-python-entreprise.onrender.com', port=443): Max retries exceeded with url: /ventes/synchroniser (Caused by NameResolutionError("HTTPSConnection(host='portfolio-python-entreprise.onrender.com', port=443): Failed to resolve 'portfolio-python-entreprise.onrender.com' ([Errno 11001] getaddrinfo failed)"))
2026-09-15 00:27:00,720 - WARNING - Synchronisation différée: HTTPSConnectionPool(host='portfolio-python-entreprise.onrender.com', port=443): Max retries exceeded with url: /ventes/synchroniser (Caused by NameResolutionError("HTTPSConnection(host='portfolio-python-entreprise.onrender.com', port=443): Failed to resolve 'portfolio-python-entreprise.onrender.com' ([Errno 11001] getaddrinfo failed)"))
2026-09-15 00:27:30,753 - WARNING - Synchronisation différée: HTTPSConnectionPool(host='portfolio-python-entreprise.onrender.com', port=443): Max retries exceeded with url: /ventes/synchroniser (Caused by NameResolutionError("HTTPSConnection(host='portfolio-python-entreprise.onrender.com', port=443): Failed to resolve 'portfolio-python-entreprise.onrender.com' ([Errno 11001] getaddrinfo failed)"))
2026-09-15 00:28:00,729 - WARNING - Synchronisation différée: HTTPSConnectionPool(host='portfolio-python-entreprise.onrender.com', port=443): Max retries exceeded with url: /ventes/synchroniser (Caused by NameResolutionError("HTTPSConnection(host='portfolio-python-entreprise.onrender.com', port=443): Failed to resolve 'portfolio-python-entreprise.onrender.com' ([Errno 11001] getaddrinfo failed)"))
2026-09-15 00:28:30,748 - WARNING - Synchronisation différée: HTTPSConnectionPool(host='portfolio-python-entreprise.onrender.com', port=443): Max retries exceeded with url: /ventes/synchroniser (Caused by NameResolutionError("HTTPSConnection(host='portfolio-python-entreprise.onrender.com', port=443): Failed to resolve 'portfolio-python-entreprise.onrender.com' ([Errno 11001] getaddrinfo failed)"))
2026-09-15 00:29:00,749 - WARNING - Synchronisation différée: HTTPSConnectionPool(host='portfolio-python-entreprise.onrender.com', port=443): Max retries exceeded with url: /ventes/synchroniser (Caused by NameResolutionError("HTTPSConnection(host='portfolio-python-entreprise.onrender.com', port=443): Failed to resolve 'portfolio-python-entreprise.onrender.com' ([Errno 11001] getaddrinfo failed)"))
2026-09-15 00:29:30,809 - WARNING - Synchronisation différée: HTTPSConnectionPool(host='portfolio-python-entreprise.onrender.com', port=443): Max retries exceeded with url: /ventes/synchroniser (Caused by NameResolutionError("HTTPSConnection(host='portfolio-python-entreprise.onrender.com', port=443): Failed to resolve 'portfolio-python-entreprise.onrender.com' ([Errno 11001] getaddrinfo failed)"))
2026-09-15 00:30:00,796 - WARNING - Synchronisation différée: HTTPSConnectionPool(host='portfolio-python-entreprise.onrender.com', port=443): Max retries exceeded with url: /ventes/synchroniser (Caused by NameResolutionError("HTTPSConnection(host='portfolio-python-entreprise.onrender.com', port=443): Failed to resolve 'portfolio-python-entreprise.onrender.com' ([Errno 11001] getaddrinfo failed)"))
2026-09-15 00:30:30,781 - WARNING - Synchronisation différée: HTTPSConnectionPool(host='portfolio-python-entreprise.onrender.com', port=443): Max retries exceeded with url: /ventes/synchroniser (Caused by NameResolutionError("HTTPSConnection(host='portfolio-python-entreprise.onrender.com', port=443): Failed to resolve 'portfolio-python-entreprise.onrender.com' ([Errno 11001] getaddrinfo failed)"))
2026-09-15 00:31:00,815 - WARNING - Synchronisation différée: HTTPSConnectionPool(host='portfolio-python-entreprise.onrender.com', port=443): Max retries exceeded with url: /ventes/synchroniser (Caused by NameResolutionError("HTTPSConnection(host='portfolio-python-entreprise.onrender.com', port=443): Failed to resolve 'portfolio-python-entreprise.onrender.com' ([Errno 11001] getaddrinfo failed)"))
2026-09-15 00:31:30,825 - WARNING - Synchronisation différée: HTTPSConnectionPool(host='portfolio-python-entreprise.onrender.com', port=443): Max retries exceeded with url: /ventes/synchroniser (Caused by NameResolutionError("HTTPSConnection(host='portfolio-python-entreprise.onrender.com', port=443): Failed to resolve 'portfolio-python-entreprise.onrender.com' ([Errno 11001] getaddrinfo failed)"))
2026-09-15 00:32:00,827 - WARNING - Synchronisation différée: HTTPSConnectionPool(host='portfolio-python-entreprise.onrender.com', port=443): Max retries exceeded with url: /ventes/synchroniser (Caused by NameResolutionError("HTTPSConnection(host='portfolio-python-entreprise.onrender.com', port=443): Failed to resolve 'portfolio-python-entreprise.onrender.com' ([Errno 11001] getaddrinfo failed)"))
2026-09-15 00:32:30,846 - WARNING - Synchronisation différée: HTTPSConnectionPool(host='portfolio-python-entreprise.onrender.com', port=443): Max retries exceeded with url: /ventes/synchroniser (Caused by NameResolutionError("HTTPSConnection(host='portfolio-python-entreprise.onrender.com', port=443): Failed to resolve 'portfolio-python-entreprise.onrender.com' ([Errno 11001] getaddrinfo failed)"))
2026-09-15 00:33:00,852 - WARNING - Synchronisation différée: HTTPSConnectionPool(host='portfolio-python-entreprise.onrender.com', port=443): Max retries exceeded with url: /ventes/synchroniser (Caused by NameResolutionError("HTTPSConnection(host='portfolio-python-entreprise.onrender.com', port=443): Failed to resolve 'portfolio-python-entreprise.onrender.com' ([Errno 11001] getaddrinfo failed)"))
2026-09-15 00:33:30,864 - WARNING - Synchronisation différée: HTTPSConnectionPool(host='portfolio-python-entreprise.onrender.com', port=443): Max retries exceeded with url: /ventes/synchroniser (Caused by NameResolutionError("HTTPSConnection(host='portfolio-python-entreprise.onrender.com', port=443): Failed to resolve 'portfolio-python-entreprise.onrender.com' ([Errno 11001] getaddrinfo failed)"))
2026-09-15 00:34:00,975 - WARNING - Synchronisation différée: HTTPSConnectionPool(host='portfolio-python-entreprise.onrender.com', port=443): Max retries exceeded with url: /ventes/synchroniser (Caused by NameResolutionError("HTTPSConnection(host='portfolio-python-entreprise.onrender.com', port=443): Failed to resolve 'portfolio-python-entreprise.onrender.com' ([Errno 11001] getaddrinfo failed)"))
2026-09-15 00:34:30,926 - WARNING - Synchronisation différée: HTTPSConnectionPool(host='portfolio-python-entreprise.onrender.com', port=443): Max retries exceeded with url: /ventes/synchroniser (Caused by NameResolutionError("HTTPSConnection(host='portfolio-python-entreprise.onrender.com', port=443): Failed to resolve 'portfolio-python-entreprise.onrender.com' ([Errno 11001] getaddrinfo failed)"))
2026-09-15 00:35:00,948 - WARNING - Synchronisation différée: HTTPSConnectionPool(host='portfolio-python-entreprise.onrender.com', port=443): Max retries exceeded with url: /ventes/synchroniser (Caused by NameResolutionError("HTTPSConnection(host='portfolio-python-entreprise.onrender.com', port=443): Failed to resolve 'portfolio-python-entreprise.onrender.com' ([Errno 11001] getaddrinfo failed)"))
2026-09-15 00:35:30,933 - WARNING - Synchronisation différée: HTTPSConnectionPool(host='portfolio-python-entreprise.onrender.com', port=443): Max retries exceeded with url: /ventes/synchroniser (Caused by NameResolutionError("HTTPSConnection(host='portfolio-python-entreprise.onrender.com', port=443): Failed to resolve 'portfolio-python-entreprise.onrender.com' ([Errno 11001] getaddrinfo failed)"))
2026-09-15 00:36:00,972 - WARNING - Synchronisation différée: HTTPSConnectionPool(host='portfolio-python-entreprise.onrender.com', port=443): Max retries exceeded with url: /ventes/synchroniser (Caused by NameResolutionError("HTTPSConnection(host='portfolio-python-entreprise.onrender.com', port=443): Failed to resolve 'portfolio-python-entreprise.onrender.com' ([Errno 11001] getaddrinfo failed)"))
2026-09-15 00:36:30,945 - WARNING - Synchronisation différée: HTTPSConnectionPool(host='portfolio-python-entreprise.onrender.com', port=443): Max retries exceeded with url: /ventes/synchroniser (Caused by NameResolutionError("HTTPSConnection(host='portfolio-python-entreprise.onrender.com', port=443): Failed to resolve 'portfolio-python-entreprise.onrender.com' ([Errno 11001] getaddrinfo failed)"))
2026-09-15 00:37:00,958 - WARNING - Synchronisation différée: HTTPSConnectionPool(host='portfolio-python-entreprise.onrender.com', port=443): Max retries exceeded with url: /ventes/synchroniser (Caused by NameResolutionError("HTTPSConnection(host='portfolio-python-entreprise.onrender.com', port=443): Failed to resolve 'portfolio-python-entreprise.onrender.com' ([Errno 11001] getaddrinfo failed)"))
2026-09-15 00:37:30,998 - WARNING - Synchronisation différée: HTTPSConnectionPool(host='portfolio-python-entreprise.onrender.com', port=443): Max retries exceeded with url: /ventes/synchroniser (Caused by NameResolutionError("HTTPSConnection(host='portfolio-python-entreprise.onrender.com', port=443): Failed to resolve 'portfolio-python-entreprise.onrender.com' ([Errno 11001] getaddrinfo failed)"))
2026-09-15 00:38:00,994 - WARNING - Synchronisation différée: HTTPSConnectionPool(host='portfolio-python-entreprise.onrender.com', port=443): Max retries exceeded with url: /ventes/synchroniser (Caused by NameResolutionError("HTTPSConnection(host='portfolio-python-entreprise.onrender.com', port=443): Failed to resolve 'portfolio-python-entreprise.onrender.com' ([Errno 11001] getaddrinfo failed)"))
2026-09-15 00:38:30,973 - WARNING - Synchronisation différée: HTTPSConnectionPool(host='portfolio-python-entreprise.onrender.com', port=443): Max retries exceeded with url: /ventes/synchroniser (Caused by NameResolutionError("HTTPSConnection(host='portfolio-python-entreprise.onrender.com', port=443): Failed to resolve 'portfolio-python-entreprise.onrender.com' ([Errno 11001] getaddrinfo failed)"))
2026-09-15 00:39:01,008 - WARNING - Synchronisation différée: HTTPSConnectionPool(host='portfolio-python-entreprise.onrender.com', port=443): Max retries exceeded with url: /ventes/synchroniser (Caused by NameResolutionError("HTTPSConnection(host='portfolio-python-entreprise.onrender.com', port=443): Failed to resolve 'portfolio-python-entreprise.onrender.com' ([Errno 11001] getaddrinfo failed)"))
2026-09-15 00:39:31,007 - WARNING - Synchronisation différée: HTTPSConnectionPool(host='portfolio-python-entreprise.onrender.com', port=443): Max retries exceeded with url: /ventes/synchroniser (Caused by NameResolutionError("HTTPSConnection(host='portfolio-python-entreprise.onrender.com', port=443): Failed to resolve 'portfolio-python-entreprise.onrender.com' ([Errno 11001] getaddrinfo failed)"))
2026-09-15 00:40:01,030 - WARNING - Synchronisation différée: HTTPSConnectionPool(host='portfolio-python-entreprise.onrender.com', port=443): Max retries exceeded with url: /ventes/synchroniser (Caused by NameResolutionError("HTTPSConnection(host='portfolio-python-entreprise.onrender.com', port=443): Failed to resolve 'portfolio-python-entreprise.onrender.com' ([Errno 11001] getaddrinfo failed)"))
2026-09-15 00:40:31,148 - WARNING - Synchronisation différée: HTTPSConnectionPool(host='portfolio-python-entreprise.onrender.com', port=443): Max retries exceeded with url: /ventes/synchroniser (Caused by NameResolutionError("HTTPSConnection(host='portfolio-python-entreprise.onrender.com', port=443): Failed to resolve 'portfolio-python-entreprise.onrender.com' ([Errno 11001] getaddrinfo failed)"))
2026-09-15 00:41:01,132 - WARNING - Synchronisation différée: HTTPSConnectionPool(host='portfolio-python-entreprise.onrender.com', port=443): Max retries exceeded with url: /ventes/synchroniser (Caused by NameResolutionError("HTTPSConnection(host='portfolio-python-entreprise.onrender.com', port=443): Failed to resolve 'portfolio-python-entreprise.onrender.com' ([Errno 11001] getaddrinfo failed)"))
2026-09-15 00:41:31,134 - WARNING - Synchronisation différée: HTTPSConnectionPool(host='portfolio-python-entreprise.onrender.com', port=443): Max retries exceeded with url: /ventes/synchroniser (Caused by NameResolutionError("HTTPSConnection(host='portfolio-python-entreprise.onrender.com', port=443): Failed to resolve 'portfolio-python-entreprise.onrender.com' ([Errno 11001] getaddrinfo failed)"))
2026-09-15 00:42:01,152 - WARNING - Synchronisation différée: HTTPSConnectionPool(host='portfolio-python-entreprise.onrender.com', port=443): Max retries exceeded with url: /ventes/synchroniser (Caused by NameResolutionError("HTTPSConnection(host='portfolio-python-entreprise.onrender.com', port=443): Failed to resolve 'portfolio-python-entreprise.onrender.com' ([Errno 11001] getaddrinfo failed)"))
2026-09-15 00:42:31,153 - WARNING - Synchronisation différée: HTTPSConnectionPool(host='portfolio-python-entreprise.onrender.com', port=443): Max retries exceeded with url: /ventes/synchroniser (Caused by NameResolutionError("HTTPSConnection(host='portfolio-python-entreprise.onrender.com', port=443): Failed to resolve 'portfolio-python-entreprise.onrender.com' ([Errno 11001] getaddrinfo failed)"))
2026-09-15 00:43:01,140 - WARNING - Synchronisation différée: HTTPSConnectionPool(host='portfolio-python-entreprise.onrender.com', port=443): Max retries exceeded with url: /ventes/synchroniser (Caused by NameResolutionError("HTTPSConnection(host='portfolio-python-entreprise.onrender.com', port=443): Failed to resolve 'portfolio-python-entreprise.onrender.com' ([Errno 11001] getaddrinfo failed)"))
2026-09-15 00:43:31,151 - WARNING - Synchronisation différée: HTTPSConnectionPool(host='portfolio-python-entreprise.onrender.com', port=443): Max retries exceeded with url: /ventes/synchroniser (Caused by NameResolutionError("HTTPSConnection(host='portfolio-python-entreprise.onrender.com', port=443): Failed to resolve 'portfolio-python-entreprise.onrender.com' ([Errno 11001] getaddrinfo failed)"))
2026-09-15 00:44:01,258 - WARNING - Synchronisation différée: HTTPSConnectionPool(host='portfolio-python-entreprise.onrender.com', port=443): Max retries exceeded with url: /ventes/synchroniser (Caused by NameResolutionError("HTTPSConnection(host='portfolio-python-entreprise.onrender.com', port=443): Failed to resolve 'portfolio-python-entreprise.onrender.com' ([Errno 11001] getaddrinfo failed)"))
2026-09-15 00:44:31,259 - WARNING - Synchronisation différée: HTTPSConnectionPool(host='portfolio-python-entreprise.onrender.com', port=443): Max retries exceeded with url: /ventes/synchroniser (Caused by NameResolutionError("HTTPSConnection(host='portfolio-python-entreprise.onrender.com', port=443): Failed to resolve 'portfolio-python-entreprise.onrender.com' ([Errno 11001] getaddrinfo failed)"))
2026-09-15 00:45:01,541 - WARNING - Synchronisation différée: HTTPSConnectionPool(host='portfolio-python-entreprise.onrender.com', port=443): Max retries exceeded with url: /ventes/synchroniser (Caused by NameResolutionError("HTTPSConnection(host='portfolio-python-entreprise.onrender.com', port=443): Failed to resolve 'portfolio-python-entreprise.onrender.com' ([Errno 11001] getaddrinfo failed)"))
2026-09-15 00:45:31,222 - WARNING - Synchronisation différée: HTTPSConnectionPool(host='portfolio-python-entreprise.onrender.com', port=443): Max retries exceeded with url: /ventes/synchroniser (Caused by NameResolutionError("HTTPSConnection(host='portfolio-python-entreprise.onrender.com', port=443): Failed to resolve 'portfolio-python-entreprise.onrender.com' ([Errno 11001] getaddrinfo failed)"))
2026-09-15 00:46:01,288 - WARNING - Synchronisation différée: HTTPSConnectionPool(host='portfolio-python-entreprise.onrender.com', port=443): Max retries exceeded with url: /ventes/synchroniser (Caused by NameResolutionError("HTTPSConnection(host='portfolio-python-entreprise.onrender.com', port=443): Failed to resolve 'portfolio-python-entreprise.onrender.com' ([Errno 11001] getaddrinfo failed)"))
2026-09-15 00:46:31,268 - WARNING - Synchronisation différée: HTTPSConnectionPool(host='portfolio-python-entreprise.onrender.com', port=443): Max retries exceeded with url: /ventes/synchroniser (Caused by NameResolutionError("HTTPSConnection(host='portfolio-python-entreprise.onrender.com', port=443): Failed to resolve 'portfolio-python-entreprise.onrender.com' ([Errno 11001] getaddrinfo failed)"))
2026-09-15 00:47:01,261 - WARNING - Synchronisation différée: HTTPSConnectionPool(host='portfolio-python-entreprise.onrender.com', port=443): Max retries exceeded with url: /ventes/synchroniser (Caused by NameResolutionError("HTTPSConnection(host='portfolio-python-entreprise.onrender.com', port=443): Failed to resolve 'portfolio-python-entreprise.onrender.com' ([Errno 11001] getaddrinfo failed)"))
2026-09-15 00:47:31,309 - WARNING - Synchronisation différée: HTTPSConnectionPool(host='portfolio-python-entreprise.onrender.com', port=443): Max retries exceeded with url: /ventes/synchroniser (Caused by NameResolutionError("HTTPSConnection(host='portfolio-python-entreprise.onrender.com', port=443): Failed to resolve 'portfolio-python-entreprise.onrender.com' ([Errno 11001] getaddrinfo failed)"))
2026-09-15 00:48:01,289 - WARNING - Synchronisation différée: HTTPSConnectionPool(host='portfolio-python-entreprise.onrender.com', port=443): Max retries exceeded with url: /ventes/synchroniser (Caused by NameResolutionError("HTTPSConnection(host='portfolio-python-entreprise.onrender.com', port=443): Failed to resolve 'portfolio-python-entreprise.onrender.com' ([Errno 11001] getaddrinfo failed)"))
2026-09-15 00:48:31,282 - WARNING - Synchronisation différée: HTTPSConnectionPool(host='portfolio-python-entreprise.onrender.com', port=443): Max retries exceeded with url: /ventes/synchroniser (Caused by NameResolutionError("HTTPSConnection(host='portfolio-python-entreprise.onrender.com', port=443): Failed to resolve 'portfolio-python-entreprise.onrender.com' ([Errno 11001] getaddrinfo failed)"))
2026-09-15 00:49:01,367 - WARNING - Synchronisation différée: HTTPSConnectionPool(host='portfolio-python-entreprise.onrender.com', port=443): Max retries exceeded with url: /ventes/synchroniser (Caused by NameResolutionError("HTTPSConnection(host='portfolio-python-entreprise.onrender.com', port=443): Failed to resolve 'portfolio-python-entreprise.onrender.com' ([Errno 11001] getaddrinfo failed)"))
2026-09-15 00:49:31,327 - WARNING - Synchronisation différée: HTTPSConnectionPool(host='portfolio-python-entreprise.onrender.com', port=443): Max retries exceeded with url: /ventes/synchroniser (Caused by NameResolutionError("HTTPSConnection(host='portfolio-python-entreprise.onrender.com', port=443): Failed to resolve 'portfolio-python-entreprise.onrender.com' ([Errno 11001] getaddrinfo failed)"))
2026-09-15 00:50:01,328 - WARNING - Synchronisation différée: HTTPSConnectionPool(host='portfolio-python-entreprise.onrender.com', port=443): Max retries exceeded with url: /ventes/synchroniser (Caused by NameResolutionError("HTTPSConnection(host='portfolio-python-entreprise.onrender.com', port=443): Failed to resolve 'portfolio-python-entreprise.onrender.com' ([Errno 11001] getaddrinfo failed)"))
2026-09-15 00:50:31,369 - WARNING - Synchronisation différée: HTTPSConnectionPool(host='portfolio-python-entreprise.onrender.com', port=443): Max retries exceeded with url: /ventes/synchroniser (Caused by NameResolutionError("HTTPSConnection(host='portfolio-python-entreprise.onrender.com', port=443): Failed to resolve 'portfolio-python-entreprise.onrender.com' ([Errno 11001] getaddrinfo failed)"))
2026-09-15 00:51:01,386 - WARNING - Synchronisation différée: HTTPSConnectionPool(host='portfolio-python-entreprise.onrender.com', port=443): Max retries exceeded with url: /ventes/synchroniser (Caused by NameResolutionError("HTTPSConnection(host='portfolio-python-entreprise.onrender.com', port=443): Failed to resolve 'portfolio-python-entreprise.onrender.com' ([Errno 11001] getaddrinfo failed)"))
2026-09-15 00:51:31,395 - WARNING - Synchronisation différée: HTTPSConnectionPool(host='portfolio-python-entreprise.onrender.com', port=443): Max retries exceeded with url: /ventes/synchroniser (Caused by NameResolutionError("HTTPSConnection(host='portfolio-python-entreprise.onrender.com', port=443): Failed to resolve 'portfolio-python-entreprise.onrender.com' ([Errno 11001] getaddrinfo failed)"))
2026-09-15 00:52:01,370 - WARNING - Synchronisation différée: HTTPSConnectionPool(host='portfolio-python-entreprise.onrender.com', port=443): Max retries exceeded with url: /ventes/synchroniser (Caused by NameResolutionError("HTTPSConnection(host='portfolio-python-entreprise.onrender.com', port=443): Failed to resolve 'portfolio-python-entreprise.onrender.com' ([Errno 11001] getaddrinfo failed)"))
2026-09-15 00:52:31,364 - WARNING - Synchronisation différée: HTTPSConnectionPool(host='portfolio-python-entreprise.onrender.com', port=443): Max retries exceeded with url: /ventes/synchroniser (Caused by NameResolutionError("HTTPSConnection(host='portfolio-python-entreprise.onrender.com', port=443): Failed to resolve 'portfolio-python-entreprise.onrender.com' ([Errno 11001] getaddrinfo failed)"))
2026-09-15 00:53:01,379 - WARNING - Synchronisation différée: HTTPSConnectionPool(host='portfolio-python-entreprise.onrender.com', port=443): Max retries exceeded with url: /ventes/synchroniser (Caused by NameResolutionError("HTTPSConnection(host='portfolio-python-entreprise.onrender.com', port=443): Failed to resolve 'portfolio-python-entreprise.onrender.com' ([Errno 11001] getaddrinfo failed)"))
2026-09-15 00:53:31,372 - WARNING - Synchronisation différée: HTTPSConnectionPool(host='portfolio-python-entreprise.onrender.com', port=443): Max retries exceeded with url: /ventes/synchroniser (Caused by NameResolutionError("HTTPSConnection(host='portfolio-python-entreprise.onrender.com', port=443): Failed to resolve 'portfolio-python-entreprise.onrender.com' ([Errno 11001] getaddrinfo failed)"))
2026-09-15 00:54:01,370 - WARNING - Synchronisation différée: HTTPSConnectionPool(host='portfolio-python-entreprise.onrender.com', port=443): Max retries exceeded with url: /ventes/synchroniser (Caused by NameResolutionError("HTTPSConnection(host='portfolio-python-entreprise.onrender.com', port=443): Failed to resolve 'portfolio-python-entreprise.onrender.com' ([Errno 11001] getaddrinfo failed)"))
2026-09-15 00:54:31,478 - WARNING - Synchronisation différée: HTTPSConnectionPool(host='portfolio-python-entreprise.onrender.com', port=443): Max retries exceeded with url: /ventes/synchroniser (Caused by NameResolutionError("HTTPSConnection(host='portfolio-python-entreprise.onrender.com', port=443): Failed to resolve 'portfolio-python-entreprise.onrender.com' ([Errno 11001] getaddrinfo failed)"))
2026-09-15 00:55:01,489 - WARNING - Synchronisation différée: HTTPSConnectionPool(host='portfolio-python-entreprise.onrender.com', port=443): Max retries exceeded with url: /ventes/synchroniser (Caused by NameResolutionError("HTTPSConnection(host='portfolio-python-entreprise.onrender.com', port=443): Failed to resolve 'portfolio-python-entreprise.onrender.com' ([Errno 11001] getaddrinfo failed)"))
2026-09-15 00:55:31,499 - WARNING - Synchronisation différée: HTTPSConnectionPool(host='portfolio-python-entreprise.onrender.com', port=443): Max retries exceeded with url: /ventes/synchroniser (Caused by NameResolutionError("HTTPSConnection(host='portfolio-python-entreprise.onrender.com', port=443): Failed to resolve 'portfolio-python-entreprise.onrender.com' ([Errno 11001] getaddrinfo failed)"))
2026-09-15 00:56:01,496 - WARNING - Synchronisation différée: HTTPSConnectionPool(host='portfolio-python-entreprise.onrender.com', port=443): Max retries exceeded with url: /ventes/synchroniser (Caused by NameResolutionError("HTTPSConnection(host='portfolio-python-entreprise.onrender.com', port=443): Failed to resolve 'portfolio-python-entreprise.onrender.com' ([Errno 11001] getaddrinfo failed)"))
2026-09-15 00:56:31,454 - WARNING - Synchronisation différée: HTTPSConnectionPool(host='portfolio-python-entreprise.onrender.com', port=443): Max retries exceeded with url: /ventes/synchroniser (Caused by NameResolutionError("HTTPSConnection(host='portfolio-python-entreprise.onrender.com', port=443): Failed to resolve 'portfolio-python-entreprise.onrender.com' ([Errno 11001] getaddrinfo failed)"))
2026-09-15 00:57:01,510 - WARNING - Synchronisation différée: HTTPSConnectionPool(host='portfolio-python-entreprise.onrender.com', port=443): Max retries exceeded with url: /ventes/synchroniser (Caused by NameResolutionError("HTTPSConnection(host='portfolio-python-entreprise.onrender.com', port=443): Failed to resolve 'portfolio-python-entreprise.onrender.com' ([Errno 11001] getaddrinfo failed)"))
2026-09-15 00:57:31,498 - WARNING - Synchronisation différée: HTTPSConnectionPool(host='portfolio-python-entreprise.onrender.com', port=443): Max retries exceeded with url: /ventes/synchroniser (Caused by NameResolutionError("HTTPSConnection(host='portfolio-python-entreprise.onrender.com', port=443): Failed to resolve 'portfolio-python-entreprise.onrender.com' ([Errno 11001] getaddrinfo failed)"))
2026-09-15 00:58:01,529 - WARNING - Synchronisation différée: HTTPSConnectionPool(host='portfolio-python-entreprise.onrender.com', port=443): Max retries exceeded with url: /ventes/synchroniser (Caused by NameResolutionError("HTTPSConnection(host='portfolio-python-entreprise.onrender.com', port=443): Failed to resolve 'portfolio-python-entreprise.onrender.com' ([Errno 11001] getaddrinfo failed)"))
2026-09-15 00:58:31,555 - WARNING - Synchronisation différée: HTTPSConnectionPool(host='portfolio-python-entreprise.onrender.com', port=443): Max retries exceeded with url: /ventes/synchroniser (Caused by NameResolutionError("HTTPSConnection(host='portfolio-python-entreprise.onrender.com', port=443): Failed to resolve 'portfolio-python-entreprise.onrender.com' ([Errno 11001] getaddrinfo failed)"))
2026-09-15 00:59:01,546 - WARNING - Synchronisation différée: HTTPSConnectionPool(host='portfolio-python-entreprise.onrender.com', port=443): Max retries exceeded with url: /ventes/synchroniser (Caused by NameResolutionError("HTTPSConnection(host='portfolio-python-entreprise.onrender.com', port=443): Failed to resolve 'portfolio-python-entreprise.onrender.com' ([Errno 11001] getaddrinfo failed)"))
2026-09-15 00:59:31,514 - WARNING - Synchronisation différée: HTTPSConnectionPool(host='portfolio-python-entreprise.onrender.com', port=443): Max retries exceeded with url: /ventes/synchroniser (Caused by NameResolutionError("HTTPSConnection(host='portfolio-python-entreprise.onrender.com', port=443): Failed to resolve 'portfolio-python-entreprise.onrender.com' ([Errno 11001] getaddrinfo failed)"))
2026-09-15 01:00:01,530 - WARNING - Synchronisation différée: HTTPSConnectionPool(host='portfolio-python-entreprise.onrender.com', port=443): Max retries exceeded with url: /ventes/synchroniser (Caused by NameResolutionError("HTTPSConnection(host='portfolio-python-entreprise.onrender.com', port=443): Failed to resolve 'portfolio-python-entreprise.onrender.com' ([Errno 11001] getaddrinfo failed)"))
2026-09-15 01:00:31,509 - WARNING - Synchronisation différée: HTTPSConnectionPool(host='portfolio-python-entreprise.onrender.com', port=443): Max retries exceeded with url: /ventes/synchroniser (Caused by NameResolutionError("HTTPSConnection(host='portfolio-python-entreprise.onrender.com', port=443): Failed to resolve 'portfolio-python-entreprise.onrender.com' ([Errno 11001] getaddrinfo failed)"))
2026-09-15 01:01:01,518 - WARNING - Synchronisation différée: HTTPSConnectionPool(host='portfolio-python-entreprise.onrender.com', port=443): Max retries exceeded with url: /ventes/synchroniser (Caused by NameResolutionError("HTTPSConnection(host='portfolio-python-entreprise.onrender.com', port=443): Failed to resolve 'portfolio-python-entreprise.onrender.com' ([Errno 11001] getaddrinfo failed)"))
2026-09-15 01:01:31,587 - WARNING - Synchronisation différée: HTTPSConnectionPool(host='portfolio-python-entreprise.onrender.com', port=443): Max retries exceeded with url: /ventes/synchroniser (Caused by NameResolutionError("HTTPSConnection(host='portfolio-python-entreprise.onrender.com', port=443): Failed to resolve 'portfolio-python-entreprise.onrender.com' ([Errno 11001] getaddrinfo failed)"))
2026-09-15 01:02:01,593 - WARNING - Synchronisation différée: HTTPSConnectionPool(host='portfolio-python-entreprise.onrender.com', port=443): Max retries exceeded with url: /ventes/synchroniser (Caused by NameResolutionError("HTTPSConnection(host='portfolio-python-entreprise.onrender.com', port=443): Failed to resolve 'portfolio-python-entreprise.onrender.com' ([Errno 11001] getaddrinfo failed)"))
2026-09-15 01:02:31,548 - WARNING - Synchronisation différée: HTTPSConnectionPool(host='portfolio-python-entreprise.onrender.com', port=443): Max retries exceeded with url: /ventes/synchroniser (Caused by NameResolutionError("HTTPSConnection(host='portfolio-python-entreprise.onrender.com', port=443): Failed to resolve 'portfolio-python-entreprise.onrender.com' ([Errno 11001] getaddrinfo failed)"))
2026-09-15 01:03:01,541 - WARNING - Synchronisation différée: HTTPSConnectionPool(host='portfolio-python-entreprise.onrender.com', port=443): Max retries exceeded with url: /ventes/synchroniser (Caused by NameResolutionError("HTTPSConnection(host='portfolio-python-entreprise.onrender.com', port=443): Failed to resolve 'portfolio-python-entreprise.onrender.com' ([Errno 11001] getaddrinfo failed)"))
2026-09-15 01:03:31,551 - WARNING - Synchronisation différée: HTTPSConnectionPool(host='portfolio-python-entreprise.onrender.com', port=443): Max retries exceeded with url: /ventes/synchroniser (Caused by NameResolutionError("HTTPSConnection(host='portfolio-python-entreprise.onrender.com', port=443): Failed to resolve 'portfolio-python-entreprise.onrender.com' ([Errno 11001] getaddrinfo failed)"))
2026-09-15 01:04:01,553 - WARNING - Synchronisation différée: HTTPSConnectionPool(host='portfolio-python-entreprise.onrender.com', port=443): Max retries exceeded with url: /ventes/synchroniser (Caused by NameResolutionError("HTTPSConnection(host='portfolio-python-entreprise.onrender.com', port=443): Failed to resolve 'portfolio-python-entreprise.onrender.com' ([Errno 11001] getaddrinfo failed)"))
2026-09-15 01:04:31,570 - WARNING - Synchronisation différée: HTTPSConnectionPool(host='portfolio-python-entreprise.onrender.com', port=443): Max retries exceeded with url: /ventes/synchroniser (Caused by NameResolutionError("HTTPSConnection(host='portfolio-python-entreprise.onrender.com', port=443): Failed to resolve 'portfolio-python-entreprise.onrender.com' ([Errno 11001] getaddrinfo failed)"))
2026-09-15 01:05:01,572 - WARNING - Synchronisation différée: HTTPSConnectionPool(host='portfolio-python-entreprise.onrender.com', port=443): Max retries exceeded with url: /ventes/synchroniser (Caused by NameResolutionError("HTTPSConnection(host='portfolio-python-entreprise.onrender.com', port=443): Failed to resolve 'portfolio-python-entreprise.onrender.com' ([Errno 11001] getaddrinfo failed)"))
2026-09-15 01:05:31,620 - WARNING - Synchronisation différée: HTTPSConnectionPool(host='portfolio-python-entreprise.onrender.com', port=443): Max retries exceeded with url: /ventes/synchroniser (Caused by NameResolutionError("HTTPSConnection(host='portfolio-python-entreprise.onrender.com', port=443): Failed to resolve 'portfolio-python-entreprise.onrender.com' ([Errno 11001] getaddrinfo failed)"))
2026-09-15 01:06:01,600 - WARNING - Synchronisation différée: HTTPSConnectionPool(host='portfolio-python-entreprise.onrender.com', port=443): Max retries exceeded with url: /ventes/synchroniser (Caused by NameResolutionError("HTTPSConnection(host='portfolio-python-entreprise.onrender.com', port=443): Failed to resolve 'portfolio-python-entreprise.onrender.com' ([Errno 11001] getaddrinfo failed)"))
2026-09-15 01:06:31,637 - WARNING - Synchronisation différée: HTTPSConnectionPool(host='portfolio-python-entreprise.onrender.com', port=443): Max retries exceeded with url: /ventes/synchroniser (Caused by NameResolutionError("HTTPSConnection(host='portfolio-python-entreprise.onrender.com', port=443): Failed to resolve 'portfolio-python-entreprise.onrender.com' ([Errno 11001] getaddrinfo failed)"))
2026-09-15 01:07:01,627 - WARNING - Synchronisation différée: HTTPSConnectionPool(host='portfolio-python-entreprise.onrender.com', port=443): Max retries exceeded with url: /ventes/synchroniser (Caused by NameResolutionError("HTTPSConnection(host='portfolio-python-entreprise.onrender.com', port=443): Failed to resolve 'portfolio-python-entreprise.onrender.com' ([Errno 11001] getaddrinfo failed)"))
2026-09-15 01:07:31,696 - WARNING - Synchronisation différée: HTTPSConnectionPool(host='portfolio-python-entreprise.onrender.com', port=443): Max retries exceeded with url: /ventes/synchroniser (Caused by NameResolutionError("HTTPSConnection(host='portfolio-python-entreprise.onrender.com', port=443): Failed to resolve 'portfolio-python-entreprise.onrender.com' ([Errno 11001] getaddrinfo failed)"))
2026-09-15 01:08:01,640 - WARNING - Synchronisation différée: HTTPSConnectionPool(host='portfolio-python-entreprise.onrender.com', port=443): Max retries exceeded with url: /ventes/synchroniser (Caused by NameResolutionError("HTTPSConnection(host='portfolio-python-entreprise.onrender.com', port=443): Failed to resolve 'portfolio-python-entreprise.onrender.com' ([Errno 11001] getaddrinfo failed)"))
2026-09-15 01:08:31,674 - WARNING - Synchronisation différée: HTTPSConnectionPool(host='portfolio-python-entreprise.onrender.com', port=443): Max retries exceeded with url: /ventes/synchroniser (Caused by NameResolutionError("HTTPSConnection(host='portfolio-python-entreprise.onrender.com', port=443): Failed to resolve 'portfolio-python-entreprise.onrender.com' ([Errno 11001] getaddrinfo failed)"))
2026-09-15 01:09:01,667 - WARNING - Synchronisation différée: HTTPSConnectionPool(host='portfolio-python-entreprise.onrender.com', port=443): Max retries exceeded with url: /ventes/synchroniser (Caused by NameResolutionError("HTTPSConnection(host='portfolio-python-entreprise.onrender.com', port=443): Failed to resolve 'portfolio-python-entreprise.onrender.com' ([Errno 11001] getaddrinfo failed)"))
2026-09-15 01:09:31,701 - WARNING - Synchronisation différée: HTTPSConnectionPool(host='portfolio-python-entreprise.onrender.com', port=443): Max retries exceeded with url: /ventes/synchroniser (Caused by NameResolutionError("HTTPSConnection(host='portfolio-python-entreprise.onrender.com', port=443): Failed to resolve 'portfolio-python-entreprise.onrender.com' ([Errno 11001] getaddrinfo failed)"))
2026-09-15 01:10:01,720 - WARNING - Synchronisation différée: HTTPSConnectionPool(host='portfolio-python-entreprise.onrender.com', port=443): Max retries exceeded with url: /ventes/synchroniser (Caused by NameResolutionError("HTTPSConnection(host='portfolio-python-entreprise.onrender.com', port=443): Failed to resolve 'portfolio-python-entreprise.onrender.com' ([Errno 11001] getaddrinfo failed)"))
2026-09-15 01:10:31,742 - WARNING - Synchronisation différée: HTTPSConnectionPool(host='portfolio-python-entreprise.onrender.com', port=443): Max retries exceeded with url: /ventes/synchroniser (Caused by NameResolutionError("HTTPSConnection(host='portfolio-python-entreprise.onrender.com', port=443): Failed to resolve 'portfolio-python-entreprise.onrender.com' ([Errno 11001] getaddrinfo failed)"))
2026-09-15 01:11:01,769 - WARNING - Synchronisation différée: HTTPSConnectionPool(host='portfolio-python-entreprise.onrender.com', port=443): Max retries exceeded with url: /ventes/synchroniser (Caused by NameResolutionError("HTTPSConnection(host='portfolio-python-entreprise.onrender.com', port=443): Failed to resolve 'portfolio-python-entreprise.onrender.com' ([Errno 11001] getaddrinfo failed)"))
2026-09-15 01:11:31,771 - WARNING - Synchronisation différée: HTTPSConnectionPool(host='portfolio-python-entreprise.onrender.com', port=443): Max retries exceeded with url: /ventes/synchroniser (Caused by NameResolutionError("HTTPSConnection(host='portfolio-python-entreprise.onrender.com', port=443): Failed to resolve 'portfolio-python-entreprise.onrender.com' ([Errno 11001] getaddrinfo failed)"))
2026-09-15 01:12:01,760 - WARNING - Synchronisation différée: HTTPSConnectionPool(host='portfolio-python-entreprise.onrender.com', port=443): Max retries exceeded with url: /ventes/synchroniser (Caused by NameResolutionError("HTTPSConnection(host='portfolio-python-entreprise.onrender.com', port=443): Failed to resolve 'portfolio-python-entreprise.onrender.com' ([Errno 11001] getaddrinfo failed)"))
2026-09-15 01:12:31,823 - WARNING - Synchronisation différée: HTTPSConnectionPool(host='portfolio-python-entreprise.onrender.com', port=443): Max retries exceeded with url: /ventes/synchroniser (Caused by NameResolutionError("HTTPSConnection(host='portfolio-python-entreprise.onrender.com', port=443): Failed to resolve 'portfolio-python-entreprise.onrender.com' ([Errno 11001] getaddrinfo failed)"))
2026-09-15 01:13:01,867 - WARNING - Synchronisation différée: HTTPSConnectionPool(host='portfolio-python-entreprise.onrender.com', port=443): Max retries exceeded with url: /ventes/synchroniser (Caused by NameResolutionError("HTTPSConnection(host='portfolio-python-entreprise.onrender.com', port=443): Failed to resolve 'portfolio-python-entreprise.onrender.com' ([Errno 11001] getaddrinfo failed)"))
2026-09-15 01:13:31,779 - WARNING - Synchronisation différée: HTTPSConnectionPool(host='portfolio-python-entreprise.onrender.com', port=443): Max retries exceeded with url: /ventes/synchroniser (Caused by NameResolutionError("HTTPSConnection(host='portfolio-python-entreprise.onrender.com', port=443): Failed to resolve 'portfolio-python-entreprise.onrender.com' ([Errno 11001] getaddrinfo failed)"))
2026-09-15 01:14:01,853 - WARNING - Synchronisation différée: HTTPSConnectionPool(host='portfolio-python-entreprise.onrender.com', port=443): Max retries exceeded with url: /ventes/synchroniser (Caused by NameResolutionError("HTTPSConnection(host='portfolio-python-entreprise.onrender.com', port=443): Failed to resolve 'portfolio-python-entreprise.onrender.com' ([Errno 11001] getaddrinfo failed)"))
2026-09-15 01:14:31,822 - WARNING - Synchronisation différée: HTTPSConnectionPool(host='portfolio-python-entreprise.onrender.com', port=443): Max retries exceeded with url: /ventes/synchroniser (Caused by NameResolutionError("HTTPSConnection(host='portfolio-python-entreprise.onrender.com', port=443): Failed to resolve 'portfolio-python-entreprise.onrender.com' ([Errno 11001] getaddrinfo failed)"))
2026-09-15 01:15:01,834 - WARNING - Synchronisation différée: HTTPSConnectionPool(host='portfolio-python-entreprise.onrender.com', port=443): Max retries exceeded with url: /ventes/synchroniser (Caused by NameResolutionError("HTTPSConnection(host='portfolio-python-entreprise.onrender.com', port=443): Failed to resolve 'portfolio-python-entreprise.onrender.com' ([Errno 11001] getaddrinfo failed)"))
2026-09-15 01:15:31,836 - WARNING - Synchronisation différée: HTTPSConnectionPool(host='portfolio-python-entreprise.onrender.com', port=443): Max retries exceeded with url: /ventes/synchroniser (Caused by NameResolutionError("HTTPSConnection(host='portfolio-python-entreprise.onrender.com', port=443): Failed to resolve 'portfolio-python-entreprise.onrender.com' ([Errno 11001] getaddrinfo failed)"))
2026-09-15 01:16:01,891 - WARNING - Synchronisation différée: HTTPSConnectionPool(host='portfolio-python-entreprise.onrender.com', port=443): Max retries exceeded with url: /ventes/synchroniser (Caused by NameResolutionError("HTTPSConnection(host='portfolio-python-entreprise.onrender.com', port=443): Failed to resolve 'portfolio-python-entreprise.onrender.com' ([Errno 11001] getaddrinfo failed)"))
2026-09-15 01:16:31,905 - WARNING - Synchronisation différée: HTTPSConnectionPool(host='portfolio-python-entreprise.onrender.com', port=443): Max retries exceeded with url: /ventes/synchroniser (Caused by NameResolutionError("HTTPSConnection(host='portfolio-python-entreprise.onrender.com', port=443): Failed to resolve 'portfolio-python-entreprise.onrender.com' ([Errno 11001] getaddrinfo failed)"))
2026-09-15 01:17:01,904 - WARNING - Synchronisation différée: HTTPSConnectionPool(host='portfolio-python-entreprise.onrender.com', port=443): Max retries exceeded with url: /ventes/synchroniser (Caused by NameResolutionError("HTTPSConnection(host='portfolio-python-entreprise.onrender.com', port=443): Failed to resolve 'portfolio-python-entreprise.onrender.com' ([Errno 11001] getaddrinfo failed)"))
2026-09-15 01:17:31,929 - WARNING - Synchronisation différée: HTTPSConnectionPool(host='portfolio-python-entreprise.onrender.com', port=443): Max retries exceeded with url: /ventes/synchroniser (Caused by NameResolutionError("HTTPSConnection(host='portfolio-python-entreprise.onrender.com', port=443): Failed to resolve 'portfolio-python-entreprise.onrender.com' ([Errno 11001] getaddrinfo failed)"))
2026-09-15 01:18:01,909 - WARNING - Synchronisation différée: HTTPSConnectionPool(host='portfolio-python-entreprise.onrender.com', port=443): Max retries exceeded with url: /ventes/synchroniser (Caused by NameResolutionError("HTTPSConnection(host='portfolio-python-entreprise.onrender.com', port=443): Failed to resolve 'portfolio-python-entreprise.onrender.com' ([Errno 11001] getaddrinfo failed)"))
2026-09-15 01:18:32,007 - WARNING - Synchronisation différée: HTTPSConnectionPool(host='portfolio-python-entreprise.onrender.com', port=443): Max retries exceeded with url: /ventes/synchroniser (Caused by NameResolutionError("HTTPSConnection(host='portfolio-python-entreprise.onrender.com', port=443): Failed to resolve 'portfolio-python-entreprise.onrender.com' ([Errno 11001] getaddrinfo failed)"))
2026-09-15 01:19:01,935 - WARNING - Synchronisation différée: HTTPSConnectionPool(host='portfolio-python-entreprise.onrender.com', port=443): Max retries exceeded with url: /ventes/synchroniser (Caused by NameResolutionError("HTTPSConnection(host='portfolio-python-entreprise.onrender.com', port=443): Failed to resolve 'portfolio-python-entreprise.onrender.com' ([Errno 11001] getaddrinfo failed)"))
2026-09-15 01:19:31,960 - WARNING - Synchronisation différée: HTTPSConnectionPool(host='portfolio-python-entreprise.onrender.com', port=443): Max retries exceeded with url: /ventes/synchroniser (Caused by NameResolutionError("HTTPSConnection(host='portfolio-python-entreprise.onrender.com', port=443): Failed to resolve 'portfolio-python-entreprise.onrender.com' ([Errno 11001] getaddrinfo failed)"))
2026-09-15 01:20:01,995 - WARNING - Synchronisation différée: HTTPSConnectionPool(host='portfolio-python-entreprise.onrender.com', port=443): Max retries exceeded with url: /ventes/synchroniser (Caused by NameResolutionError("HTTPSConnection(host='portfolio-python-entreprise.onrender.com', port=443): Failed to resolve 'portfolio-python-entreprise.onrender.com' ([Errno 11001] getaddrinfo failed)"))
2026-09-15 01:20:31,933 - WARNING - Synchronisation différée: HTTPSConnectionPool(host='portfolio-python-entreprise.onrender.com', port=443): Max retries exceeded with url: /ventes/synchroniser (Caused by NameResolutionError("HTTPSConnection(host='portfolio-python-entreprise.onrender.com', port=443): Failed to resolve 'portfolio-python-entreprise.onrender.com' ([Errno 11001] getaddrinfo failed)"))
2026-09-15 01:21:01,983 - WARNING - Synchronisation différée: HTTPSConnectionPool(host='portfolio-python-entreprise.onrender.com', port=443): Max retries exceeded with url: /ventes/synchroniser (Caused by NameResolutionError("HTTPSConnection(host='portfolio-python-entreprise.onrender.com', port=443): Failed to resolve 'portfolio-python-entreprise.onrender.com' ([Errno 11001] getaddrinfo failed)"))
2026-09-15 01:21:31,937 - WARNING - Synchronisation différée: HTTPSConnectionPool(host='portfolio-python-entreprise.onrender.com', port=443): Max retries exceeded with url: /ventes/synchroniser (Caused by NameResolutionError("HTTPSConnection(host='portfolio-python-entreprise.onrender.com', port=443): Failed to resolve 'portfolio-python-entreprise.onrender.com' ([Errno 11001] getaddrinfo failed)"))
2026-09-15 01:22:01,966 - WARNING - Synchronisation différée: HTTPSConnectionPool(host='portfolio-python-entreprise.onrender.com', port=443): Max retries exceeded with url: /ventes/synchroniser (Caused by NameResolutionError("HTTPSConnection(host='portfolio-python-entreprise.onrender.com', port=443): Failed to resolve 'portfolio-python-entreprise.onrender.com' ([Errno 11001] getaddrinfo failed)"))
2026-09-15 01:22:32,011 - WARNING - Synchronisation différée: HTTPSConnectionPool(host='portfolio-python-entreprise.onrender.com', port=443): Max retries exceeded with url: /ventes/synchroniser (Caused by NameResolutionError("HTTPSConnection(host='portfolio-python-entreprise.onrender.com', port=443): Failed to resolve 'portfolio-python-entreprise.onrender.com' ([Errno 11001] getaddrinfo failed)"))
2026-09-15 01:23:02,039 - WARNING - Synchronisation différée: HTTPSConnectionPool(host='portfolio-python-entreprise.onrender.com', port=443): Max retries exceeded with url: /ventes/synchroniser (Caused by NameResolutionError("HTTPSConnection(host='portfolio-python-entreprise.onrender.com', port=443): Failed to resolve 'portfolio-python-entreprise.onrender.com' ([Errno 11001] getaddrinfo failed)"))
2026-09-15 01:23:32,015 - WARNING - Synchronisation différée: HTTPSConnectionPool(host='portfolio-python-entreprise.onrender.com', port=443): Max retries exceeded with url: /ventes/synchroniser (Caused by NameResolutionError("HTTPSConnection(host='portfolio-python-entreprise.onrender.com', port=443): Failed to resolve 'portfolio-python-entreprise.onrender.com' ([Errno 11001] getaddrinfo failed)"))
2026-09-15 01:24:02,052 - WARNING - Synchronisation différée: HTTPSConnectionPool(host='portfolio-python-entreprise.onrender.com', port=443): Max retries exceeded with url: /ventes/synchroniser (Caused by NameResolutionError("HTTPSConnection(host='portfolio-python-entreprise.onrender.com', port=443): Failed to resolve 'portfolio-python-entreprise.onrender.com' ([Errno 11001] getaddrinfo failed)"))
2026-09-15 01:24:32,084 - WARNING - Synchronisation différée: HTTPSConnectionPool(host='portfolio-python-entreprise.onrender.com', port=443): Max retries exceeded with url: /ventes/synchroniser (Caused by NameResolutionError("HTTPSConnection(host='portfolio-python-entreprise.onrender.com', port=443): Failed to resolve 'portfolio-python-entreprise.onrender.com' ([Errno 11001] getaddrinfo failed)"))
2026-09-15 01:25:02,090 - WARNING - Synchronisation différée: HTTPSConnectionPool(host='portfolio-python-entreprise.onrender.com', port=443): Max retries exceeded with url: /ventes/synchroniser (Caused by NameResolutionError("HTTPSConnection(host='portfolio-python-entreprise.onrender.com', port=443): Failed to resolve 'portfolio-python-entreprise.onrender.com' ([Errno 11001] getaddrinfo failed)"))
2026-09-15 01:25:32,096 - WARNING - Synchronisation différée: HTTPSConnectionPool(host='portfolio-python-entreprise.onrender.com', port=443): Max retries exceeded with url: /ventes/synchroniser (Caused by NameResolutionError("HTTPSConnection(host='portfolio-python-entreprise.onrender.com', port=443): Failed to resolve 'portfolio-python-entreprise.onrender.com' ([Errno 11001] getaddrinfo failed)"))
2026-09-15 01:26:02,163 - WARNING - Synchronisation différée: HTTPSConnectionPool(host='portfolio-python-entreprise.onrender.com', port=443): Max retries exceeded with url: /ventes/synchroniser (Caused by NameResolutionError("HTTPSConnection(host='portfolio-python-entreprise.onrender.com', port=443): Failed to resolve 'portfolio-python-entreprise.onrender.com' ([Errno 11001] getaddrinfo failed)"))
2026-09-15 01:26:32,181 - WARNING - Synchronisation différée: HTTPSConnectionPool(host='portfolio-python-entreprise.onrender.com', port=443): Max retries exceeded with url: /ventes/synchroniser (Caused by NameResolutionError("HTTPSConnection(host='portfolio-python-entreprise.onrender.com', port=443): Failed to resolve 'portfolio-python-entreprise.onrender.com' ([Errno 11001] getaddrinfo failed)"))
2026-09-15 01:27:03,788 - WARNING - Synchronisation différée: HTTPSConnectionPool(host='portfolio-python-entreprise.onrender.com', port=443): Max retries exceeded with url: /ventes/synchroniser (Caused by NameResolutionError("HTTPSConnection(host='portfolio-python-entreprise.onrender.com', port=443): Failed to resolve 'portfolio-python-entreprise.onrender.com' ([Errno 11001] getaddrinfo failed)"))
2026-09-15 01:27:32,175 - WARNING - Synchronisation différée: HTTPSConnectionPool(host='portfolio-python-entreprise.onrender.com', port=443): Max retries exceeded with url: /ventes/synchroniser (Caused by NameResolutionError("HTTPSConnection(host='portfolio-python-entreprise.onrender.com', port=443): Failed to resolve 'portfolio-python-entreprise.onrender.com' ([Errno 11001] getaddrinfo failed)"))
2026-09-15 01:28:02,189 - WARNING - Synchronisation différée: HTTPSConnectionPool(host='portfolio-python-entreprise.onrender.com', port=443): Max retries exceeded with url: /ventes/synchroniser (Caused by NameResolutionError("HTTPSConnection(host='portfolio-python-entreprise.onrender.com', port=443): Failed to resolve 'portfolio-python-entreprise.onrender.com' ([Errno 11001] getaddrinfo failed)"))
2026-09-15 01:28:32,211 - WARNING - Synchronisation différée: HTTPSConnectionPool(host='portfolio-python-entreprise.onrender.com', port=443): Max retries exceeded with url: /ventes/synchroniser (Caused by NameResolutionError("HTTPSConnection(host='portfolio-python-entreprise.onrender.com', port=443): Failed to resolve 'portfolio-python-entreprise.onrender.com' ([Errno 11001] getaddrinfo failed)"))
2026-09-15 01:29:02,158 - WARNING - Synchronisation différée: HTTPSConnectionPool(host='portfolio-python-entreprise.onrender.com', port=443): Max retries exceeded with url: /ventes/synchroniser (Caused by NameResolutionError("HTTPSConnection(host='portfolio-python-entreprise.onrender.com', port=443): Failed to resolve 'portfolio-python-entreprise.onrender.com' ([Errno 11001] getaddrinfo failed)"))
2026-09-15 01:29:32,192 - WARNING - Synchronisation différée: HTTPSConnectionPool(host='portfolio-python-entreprise.onrender.com', port=443): Max retries exceeded with url: /ventes/synchroniser (Caused by NameResolutionError("HTTPSConnection(host='portfolio-python-entreprise.onrender.com', port=443): Failed to resolve 'portfolio-python-entreprise.onrender.com' ([Errno 11001] getaddrinfo failed)"))
2026-09-15 01:30:02,220 - WARNING - Synchronisation différée: HTTPSConnectionPool(host='portfolio-python-entreprise.onrender.com', port=443): Max retries exceeded with url: /ventes/synchroniser (Caused by NameResolutionError("HTTPSConnection(host='portfolio-python-entreprise.onrender.com', port=443): Failed to resolve 'portfolio-python-entreprise.onrender.com' ([Errno 11001] getaddrinfo failed)"))
2026-09-15 01:30:32,251 - WARNING - Synchronisation différée: HTTPSConnectionPool(host='portfolio-python-entreprise.onrender.com', port=443): Max retries exceeded with url: /ventes/synchroniser (Caused by NameResolutionError("HTTPSConnection(host='portfolio-python-entreprise.onrender.com', port=443): Failed to resolve 'portfolio-python-entreprise.onrender.com' ([Errno 11001] getaddrinfo failed)"))
2026-09-15 01:31:02,214 - WARNING - Synchronisation différée: HTTPSConnectionPool(host='portfolio-python-entreprise.onrender.com', port=443): Max retries exceeded with url: /ventes/synchroniser (Caused by NameResolutionError("HTTPSConnection(host='portfolio-python-entreprise.onrender.com', port=443): Failed to resolve 'portfolio-python-entreprise.onrender.com' ([Errno 11001] getaddrinfo failed)"))
2026-09-15 01:31:32,282 - WARNING - Synchronisation différée: HTTPSConnectionPool(host='portfolio-python-entreprise.onrender.com', port=443): Max retries exceeded with url: /ventes/synchroniser (Caused by NameResolutionError("HTTPSConnection(host='portfolio-python-entreprise.onrender.com', port=443): Failed to resolve 'portfolio-python-entreprise.onrender.com' ([Errno 11001] getaddrinfo failed)"))
2026-09-15 01:32:02,300 - WARNING - Synchronisation différée: HTTPSConnectionPool(host='portfolio-python-entreprise.onrender.com', port=443): Max retries exceeded with url: /ventes/synchroniser (Caused by NameResolutionError("HTTPSConnection(host='portfolio-python-entreprise.onrender.com', port=443): Failed to resolve 'portfolio-python-entreprise.onrender.com' ([Errno 11001] getaddrinfo failed)"))
2026-09-15 01:32:32,293 - WARNING - Synchronisation différée: HTTPSConnectionPool(host='portfolio-python-entreprise.onrender.com', port=443): Max retries exceeded with url: /ventes/synchroniser (Caused by NameResolutionError("HTTPSConnection(host='portfolio-python-entreprise.onrender.com', port=443): Failed to resolve 'portfolio-python-entreprise.onrender.com' ([Errno 11001] getaddrinfo failed)"))
2026-09-15 01:33:02,464 - WARNING - Synchronisation différée: HTTPSConnectionPool(host='portfolio-python-entreprise.onrender.com', port=443): Max retries exceeded with url: /ventes/synchroniser (Caused by NameResolutionError("HTTPSConnection(host='portfolio-python-entreprise.onrender.com', port=443): Failed to resolve 'portfolio-python-entreprise.onrender.com' ([Errno 11001] getaddrinfo failed)"))
2026-09-15 01:33:32,351 - WARNING - Synchronisation différée: HTTPSConnectionPool(host='portfolio-python-entreprise.onrender.com', port=443): Max retries exceeded with url: /ventes/synchroniser (Caused by NameResolutionError("HTTPSConnection(host='portfolio-python-entreprise.onrender.com', port=443): Failed to resolve 'portfolio-python-entreprise.onrender.com' ([Errno 11001] getaddrinfo failed)"))
2026-09-15 01:34:02,313 - WARNING - Synchronisation différée: HTTPSConnectionPool(host='portfolio-python-entreprise.onrender.com', port=443): Max retries exceeded with url: /ventes/synchroniser (Caused by NameResolutionError("HTTPSConnection(host='portfolio-python-entreprise.onrender.com', port=443): Failed to resolve 'portfolio-python-entreprise.onrender.com' ([Errno 11001] getaddrinfo failed)"))
2026-09-15 01:34:32,358 - WARNING - Synchronisation différée: HTTPSConnectionPool(host='portfolio-python-entreprise.onrender.com', port=443): Max retries exceeded with url: /ventes/synchroniser (Caused by NameResolutionError("HTTPSConnection(host='portfolio-python-entreprise.onrender.com', port=443): Failed to resolve 'portfolio-python-entreprise.onrender.com' ([Errno 11001] getaddrinfo failed)"))
2026-09-15 01:35:02,334 - WARNING - Synchronisation différée: HTTPSConnectionPool(host='portfolio-python-entreprise.onrender.com', port=443): Max retries exceeded with url: /ventes/synchroniser (Caused by NameResolutionError("HTTPSConnection(host='portfolio-python-entreprise.onrender.com', port=443): Failed to resolve 'portfolio-python-entreprise.onrender.com' ([Errno 11001] getaddrinfo failed)"))
2026-09-15 01:35:32,371 - WARNING - Synchronisation différée: HTTPSConnectionPool(host='portfolio-python-entreprise.onrender.com', port=443): Max retries exceeded with url: /ventes/synchroniser (Caused by NameResolutionError("HTTPSConnection(host='portfolio-python-entreprise.onrender.com', port=443): Failed to resolve 'portfolio-python-entreprise.onrender.com' ([Errno 11001] getaddrinfo failed)"))
2026-09-15 01:36:02,344 - WARNING - Synchronisation différée: HTTPSConnectionPool(host='portfolio-python-entreprise.onrender.com', port=443): Max retries exceeded with url: /ventes/synchroniser (Caused by NameResolutionError("HTTPSConnection(host='portfolio-python-entreprise.onrender.com', port=443): Failed to resolve 'portfolio-python-entreprise.onrender.com' ([Errno 11001] getaddrinfo failed)"))
2026-09-15 01:36:32,362 - WARNING - Synchronisation différée: HTTPSConnectionPool(host='portfolio-python-entreprise.onrender.com', port=443): Max retries exceeded with url: /ventes/synchroniser (Caused by NameResolutionError("HTTPSConnection(host='portfolio-python-entreprise.onrender.com', port=443): Failed to resolve 'portfolio-python-entreprise.onrender.com' ([Errno 11001] getaddrinfo failed)"))
2026-09-15 01:37:02,381 - WARNING - Synchronisation différée: HTTPSConnectionPool(host='portfolio-python-entreprise.onrender.com', port=443): Max retries exceeded with url: /ventes/synchroniser (Caused by NameResolutionError("HTTPSConnection(host='portfolio-python-entreprise.onrender.com', port=443): Failed to resolve 'portfolio-python-entreprise.onrender.com' ([Errno 11001] getaddrinfo failed)"))
2026-09-15 01:37:32,375 - WARNING - Synchronisation différée: HTTPSConnectionPool(host='portfolio-python-entreprise.onrender.com', port=443): Max retries exceeded with url: /ventes/synchroniser (Caused by NameResolutionError("HTTPSConnection(host='portfolio-python-entreprise.onrender.com', port=443): Failed to resolve 'portfolio-python-entreprise.onrender.com' ([Errno 11001] getaddrinfo failed)"))
2026-09-15 01:38:02,399 - WARNING - Synchronisation différée: HTTPSConnectionPool(host='portfolio-python-entreprise.onrender.com', port=443): Max retries exceeded with url: /ventes/synchroniser (Caused by NameResolutionError("HTTPSConnection(host='portfolio-python-entreprise.onrender.com', port=443): Failed to resolve 'portfolio-python-entreprise.onrender.com' ([Errno 11001] getaddrinfo failed)"))
2026-09-15 01:38:32,419 - WARNING - Synchronisation différée: HTTPSConnectionPool(host='portfolio-python-entreprise.onrender.com', port=443): Max retries exceeded with url: /ventes/synchroniser (Caused by NameResolutionError("HTTPSConnection(host='portfolio-python-entreprise.onrender.com', port=443): Failed to resolve 'portfolio-python-entreprise.onrender.com' ([Errno 11001] getaddrinfo failed)"))
2026-09-15 01:39:02,437 - WARNING - Synchronisation différée: HTTPSConnectionPool(host='portfolio-python-entreprise.onrender.com', port=443): Max retries exceeded with url: /ventes/synchroniser (Caused by NameResolutionError("HTTPSConnection(host='portfolio-python-entreprise.onrender.com', port=443): Failed to resolve 'portfolio-python-entreprise.onrender.com' ([Errno 11001] getaddrinfo failed)"))
2026-09-15 01:39:32,448 - WARNING - Synchronisation différée: HTTPSConnectionPool(host='portfolio-python-entreprise.onrender.com', port=443): Max retries exceeded with url: /ventes/synchroniser (Caused by NameResolutionError("HTTPSConnection(host='portfolio-python-entreprise.onrender.com', port=443): Failed to resolve 'portfolio-python-entreprise.onrender.com' ([Errno 11001] getaddrinfo failed)"))
2026-09-15 01:40:02,482 - WARNING - Synchronisation différée: HTTPSConnectionPool(host='portfolio-python-entreprise.onrender.com', port=443): Max retries exceeded with url: /ventes/synchroniser (Caused by NameResolutionError("HTTPSConnection(host='portfolio-python-entreprise.onrender.com', port=443): Failed to resolve 'portfolio-python-entreprise.onrender.com' ([Errno 11001] getaddrinfo failed)"))
2026-09-15 01:40:32,450 - WARNING - Synchronisation différée: HTTPSConnectionPool(host='portfolio-python-entreprise.onrender.com', port=443): Max retries exceeded with url: /ventes/synchroniser (Caused by NameResolutionError("HTTPSConnection(host='portfolio-python-entreprise.onrender.com', port=443): Failed to resolve 'portfolio-python-entreprise.onrender.com' ([Errno 11001] getaddrinfo failed)"))
2026-09-15 01:41:02,493 - WARNING - Synchronisation différée: HTTPSConnectionPool(host='portfolio-python-entreprise.onrender.com', port=443): Max retries exceeded with url: /ventes/synchroniser (Caused by NameResolutionError("HTTPSConnection(host='portfolio-python-entreprise.onrender.com', port=443): Failed to resolve 'portfolio-python-entreprise.onrender.com' ([Errno 11001] getaddrinfo failed)"))
2026-09-15 01:41:32,503 - WARNING - Synchronisation différée: HTTPSConnectionPool(host='portfolio-python-entreprise.onrender.com', port=443): Max retries exceeded with url: /ventes/synchroniser (Caused by NameResolutionError("HTTPSConnection(host='portfolio-python-entreprise.onrender.com', port=443): Failed to resolve 'portfolio-python-entreprise.onrender.com' ([Errno 11001] getaddrinfo failed)"))
2026-09-15 01:42:02,538 - WARNING - Synchronisation différée: HTTPSConnectionPool(host='portfolio-python-entreprise.onrender.com', port=443): Max retries exceeded with url: /ventes/synchroniser (Caused by NameResolutionError("HTTPSConnection(host='portfolio-python-entreprise.onrender.com', port=443): Failed to resolve 'portfolio-python-entreprise.onrender.com' ([Errno 11001] getaddrinfo failed)"))
2026-09-15 01:42:32,481 - WARNING - Synchronisation différée: HTTPSConnectionPool(host='portfolio-python-entreprise.onrender.com', port=443): Max retries exceeded with url: /ventes/synchroniser (Caused by NameResolutionError("HTTPSConnection(host='portfolio-python-entreprise.onrender.com', port=443): Failed to resolve 'portfolio-python-entreprise.onrender.com' ([Errno 11001] getaddrinfo failed)"))
2026-09-15 01:43:02,471 - WARNING - Synchronisation différée: HTTPSConnectionPool(host='portfolio-python-entreprise.onrender.com', port=443): Max retries exceeded with url: /ventes/synchroniser (Caused by NameResolutionError("HTTPSConnection(host='portfolio-python-entreprise.onrender.com', port=443): Failed to resolve 'portfolio-python-entreprise.onrender.com' ([Errno 11001] getaddrinfo failed)"))
2026-09-15 01:43:32,517 - WARNING - Synchronisation différée: HTTPSConnectionPool(host='portfolio-python-entreprise.onrender.com', port=443): Max retries exceeded with url: /ventes/synchroniser (Caused by NameResolutionError("HTTPSConnection(host='portfolio-python-entreprise.onrender.com', port=443): Failed to resolve 'portfolio-python-entreprise.onrender.com' ([Errno 11001] getaddrinfo failed)"))
2026-09-15 01:44:02,568 - WARNING - Synchronisation différée: HTTPSConnectionPool(host='portfolio-python-entreprise.onrender.com', port=443): Max retries exceeded with url: /ventes/synchroniser (Caused by NameResolutionError("HTTPSConnection(host='portfolio-python-entreprise.onrender.com', port=443): Failed to resolve 'portfolio-python-entreprise.onrender.com' ([Errno 11001] getaddrinfo failed)"))
2026-09-15 01:44:32,617 - WARNING - Synchronisation différée: HTTPSConnectionPool(host='portfolio-python-entreprise.onrender.com', port=443): Max retries exceeded with url: /ventes/synchroniser (Caused by NameResolutionError("HTTPSConnection(host='portfolio-python-entreprise.onrender.com', port=443): Failed to resolve 'portfolio-python-entreprise.onrender.com' ([Errno 11001] getaddrinfo failed)"))
2026-09-15 01:45:02,572 - WARNING - Synchronisation différée: HTTPSConnectionPool(host='portfolio-python-entreprise.onrender.com', port=443): Max retries exceeded with url: /ventes/synchroniser (Caused by NameResolutionError("HTTPSConnection(host='portfolio-python-entreprise.onrender.com', port=443): Failed to resolve 'portfolio-python-entreprise.onrender.com' ([Errno 11001] getaddrinfo failed)"))
2026-09-15 01:45:32,618 - WARNING - Synchronisation différée: HTTPSConnectionPool(host='portfolio-python-entreprise.onrender.com', port=443): Max retries exceeded with url: /ventes/synchroniser (Caused by NameResolutionError("HTTPSConnection(host='portfolio-python-entreprise.onrender.com', port=443): Failed to resolve 'portfolio-python-entreprise.onrender.com' ([Errno 11001] getaddrinfo failed)"))
2026-09-15 01:46:02,799 - WARNING - Synchronisation différée: HTTPSConnectionPool(host='portfolio-python-entreprise.onrender.com', port=443): Max retries exceeded with url: /ventes/synchroniser (Caused by NameResolutionError("HTTPSConnection(host='portfolio-python-entreprise.onrender.com', port=443): Failed to resolve 'portfolio-python-entreprise.onrender.com' ([Errno 11001] getaddrinfo failed)"))
2026-09-15 01:46:32,641 - WARNING - Synchronisation différée: HTTPSConnectionPool(host='portfolio-python-entreprise.onrender.com', port=443): Max retries exceeded with url: /ventes/synchroniser (Caused by NameResolutionError("HTTPSConnection(host='portfolio-python-entreprise.onrender.com', port=443): Failed to resolve 'portfolio-python-entreprise.onrender.com' ([Errno 11001] getaddrinfo failed)"))
2026-09-15 01:47:02,611 - WARNING - Synchronisation différée: HTTPSConnectionPool(host='portfolio-python-entreprise.onrender.com', port=443): Max retries exceeded with url: /ventes/synchroniser (Caused by NameResolutionError("HTTPSConnection(host='portfolio-python-entreprise.onrender.com', port=443): Failed to resolve 'portfolio-python-entreprise.onrender.com' ([Errno 11001] getaddrinfo failed)"))
2026-09-15 01:47:32,654 - WARNING - Synchronisation différée: HTTPSConnectionPool(host='portfolio-python-entreprise.onrender.com', port=443): Max retries exceeded with url: /ventes/synchroniser (Caused by NameResolutionError("HTTPSConnection(host='portfolio-python-entreprise.onrender.com', port=443): Failed to resolve 'portfolio-python-entreprise.onrender.com' ([Errno 11001] getaddrinfo failed)"))
2026-09-15 01:48:02,639 - WARNING - Synchronisation différée: HTTPSConnectionPool(host='portfolio-python-entreprise.onrender.com', port=443): Max retries exceeded with url: /ventes/synchroniser (Caused by NameResolutionError("HTTPSConnection(host='portfolio-python-entreprise.onrender.com', port=443): Failed to resolve 'portfolio-python-entreprise.onrender.com' ([Errno 11001] getaddrinfo failed)"))
2026-09-15 01:48:32,686 - WARNING - Synchronisation différée: HTTPSConnectionPool(host='portfolio-python-entreprise.onrender.com', port=443): Max retries exceeded with url: /ventes/synchroniser (Caused by NameResolutionError("HTTPSConnection(host='portfolio-python-entreprise.onrender.com', port=443): Failed to resolve 'portfolio-python-entreprise.onrender.com' ([Errno 11001] getaddrinfo failed)"))
2026-09-15 01:49:02,627 - WARNING - Synchronisation différée: HTTPSConnectionPool(host='portfolio-python-entreprise.onrender.com', port=443): Max retries exceeded with url: /ventes/synchroniser (Caused by NameResolutionError("HTTPSConnection(host='portfolio-python-entreprise.onrender.com', port=443): Failed to resolve 'portfolio-python-entreprise.onrender.com' ([Errno 11001] getaddrinfo failed)"))
2026-09-15 01:49:32,660 - WARNING - Synchronisation différée: HTTPSConnectionPool(host='portfolio-python-entreprise.onrender.com', port=443): Max retries exceeded with url: /ventes/synchroniser (Caused by NameResolutionError("HTTPSConnection(host='portfolio-python-entreprise.onrender.com', port=443): Failed to resolve 'portfolio-python-entreprise.onrender.com' ([Errno 11001] getaddrinfo failed)"))
2026-09-15 01:50:02,670 - WARNING - Synchronisation différée: HTTPSConnectionPool(host='portfolio-python-entreprise.onrender.com', port=443): Max retries exceeded with url: /ventes/synchroniser (Caused by NameResolutionError("HTTPSConnection(host='portfolio-python-entreprise.onrender.com', port=443): Failed to resolve 'portfolio-python-entreprise.onrender.com' ([Errno 11001] getaddrinfo failed)"))
2026-09-15 01:50:32,679 - WARNING - Synchronisation différée: HTTPSConnectionPool(host='portfolio-python-entreprise.onrender.com', port=443): Max retries exceeded with url: /ventes/synchroniser (Caused by NameResolutionError("HTTPSConnection(host='portfolio-python-entreprise.onrender.com', port=443): Failed to resolve 'portfolio-python-entreprise.onrender.com' ([Errno 11001] getaddrinfo failed)"))
2026-09-15 01:51:02,697 - WARNING - Synchronisation différée: HTTPSConnectionPool(host='portfolio-python-entreprise.onrender.com', port=443): Max retries exceeded with url: /ventes/synchroniser (Caused by NameResolutionError("HTTPSConnection(host='portfolio-python-entreprise.onrender.com', port=443): Failed to resolve 'portfolio-python-entreprise.onrender.com' ([Errno 11001] getaddrinfo failed)"))
2026-09-15 01:51:32,705 - WARNING - Synchronisation différée: HTTPSConnectionPool(host='portfolio-python-entreprise.onrender.com', port=443): Max retries exceeded with url: /ventes/synchroniser (Caused by NameResolutionError("HTTPSConnection(host='portfolio-python-entreprise.onrender.com', port=443): Failed to resolve 'portfolio-python-entreprise.onrender.com' ([Errno 11001] getaddrinfo failed)"))
2026-09-15 01:52:02,725 - WARNING - Synchronisation différée: HTTPSConnectionPool(host='portfolio-python-entreprise.onrender.com', port=443): Max retries exceeded with url: /ventes/synchroniser (Caused by NameResolutionError("HTTPSConnection(host='portfolio-python-entreprise.onrender.com', port=443): Failed to resolve 'portfolio-python-entreprise.onrender.com' ([Errno 11001] getaddrinfo failed)"))
2026-09-15 01:52:32,725 - WARNING - Synchronisation différée: HTTPSConnectionPool(host='portfolio-python-entreprise.onrender.com', port=443): Max retries exceeded with url: /ventes/synchroniser (Caused by NameResolutionError("HTTPSConnection(host='portfolio-python-entreprise.onrender.com', port=443): Failed to resolve 'portfolio-python-entreprise.onrender.com' ([Errno 11001] getaddrinfo failed)"))
2026-09-15 01:53:02,753 - WARNING - Synchronisation différée: HTTPSConnectionPool(host='portfolio-python-entreprise.onrender.com', port=443): Max retries exceeded with url: /ventes/synchroniser (Caused by NameResolutionError("HTTPSConnection(host='portfolio-python-entreprise.onrender.com', port=443): Failed to resolve 'portfolio-python-entreprise.onrender.com' ([Errno 11001] getaddrinfo failed)"))
2026-09-15 01:53:32,818 - WARNING - Synchronisation différée: HTTPSConnectionPool(host='portfolio-python-entreprise.onrender.com', port=443): Max retries exceeded with url: /ventes/synchroniser (Caused by NameResolutionError("HTTPSConnection(host='portfolio-python-entreprise.onrender.com', port=443): Failed to resolve 'portfolio-python-entreprise.onrender.com' ([Errno 11001] getaddrinfo failed)"))
2026-09-15 01:54:02,773 - WARNING - Synchronisation différée: HTTPSConnectionPool(host='portfolio-python-entreprise.onrender.com', port=443): Max retries exceeded with url: /ventes/synchroniser (Caused by NameResolutionError("HTTPSConnection(host='portfolio-python-entreprise.onrender.com', port=443): Failed to resolve 'portfolio-python-entreprise.onrender.com' ([Errno 11001] getaddrinfo failed)"))
2026-09-15 01:54:32,812 - WARNING - Synchronisation différée: HTTPSConnectionPool(host='portfolio-python-entreprise.onrender.com', port=443): Max retries exceeded with url: /ventes/synchroniser (Caused by NameResolutionError("HTTPSConnection(host='portfolio-python-entreprise.onrender.com', port=443): Failed to resolve 'portfolio-python-entreprise.onrender.com' ([Errno 11001] getaddrinfo failed)"))
2026-09-15 01:55:02,936 - WARNING - Synchronisation différée: HTTPSConnectionPool(host='portfolio-python-entreprise.onrender.com', port=443): Max retries exceeded with url: /ventes/synchroniser (Caused by NameResolutionError("HTTPSConnection(host='portfolio-python-entreprise.onrender.com', port=443): Failed to resolve 'portfolio-python-entreprise.onrender.com' ([Errno 11001] getaddrinfo failed)"))
2026-09-15 01:55:32,977 - WARNING - Synchronisation différée: HTTPSConnectionPool(host='portfolio-python-entreprise.onrender.com', port=443): Max retries exceeded with url: /ventes/synchroniser (Caused by NameResolutionError("HTTPSConnection(host='portfolio-python-entreprise.onrender.com', port=443): Failed to resolve 'portfolio-python-entreprise.onrender.com' ([Errno 11001] getaddrinfo failed)"))
2026-09-15 01:56:02,987 - WARNING - Synchronisation différée: HTTPSConnectionPool(host='portfolio-python-entreprise.onrender.com', port=443): Max retries exceeded with url: /ventes/synchroniser (Caused by NameResolutionError("HTTPSConnection(host='portfolio-python-entreprise.onrender.com', port=443): Failed to resolve 'portfolio-python-entreprise.onrender.com' ([Errno 11001] getaddrinfo failed)"))
2026-09-15 01:56:32,982 - WARNING - Synchronisation différée: HTTPSConnectionPool(host='portfolio-python-entreprise.onrender.com', port=443): Max retries exceeded with url: /ventes/synchroniser (Caused by NameResolutionError("HTTPSConnection(host='portfolio-python-entreprise.onrender.com', port=443): Failed to resolve 'portfolio-python-entreprise.onrender.com' ([Errno 11001] getaddrinfo failed)"))
2026-09-15 01:57:03,024 - WARNING - Synchronisation différée: HTTPSConnectionPool(host='portfolio-python-entreprise.onrender.com', port=443): Max retries exceeded with url: /ventes/synchroniser (Caused by NameResolutionError("HTTPSConnection(host='portfolio-python-entreprise.onrender.com', port=443): Failed to resolve 'portfolio-python-entreprise.onrender.com' ([Errno 11001] getaddrinfo failed)"))
2026-09-15 01:57:32,999 - WARNING - Synchronisation différée: HTTPSConnectionPool(host='portfolio-python-entreprise.onrender.com', port=443): Max retries exceeded with url: /ventes/synchroniser (Caused by NameResolutionError("HTTPSConnection(host='portfolio-python-entreprise.onrender.com', port=443): Failed to resolve 'portfolio-python-entreprise.onrender.com' ([Errno 11001] getaddrinfo failed)"))
2026-09-15 01:58:03,016 - WARNING - Synchronisation différée: HTTPSConnectionPool(host='portfolio-python-entreprise.onrender.com', port=443): Max retries exceeded with url: /ventes/synchroniser (Caused by NameResolutionError("HTTPSConnection(host='portfolio-python-entreprise.onrender.com', port=443): Failed to resolve 'portfolio-python-entreprise.onrender.com' ([Errno 11001] getaddrinfo failed)"))
2026-09-15 01:58:33,017 - WARNING - Synchronisation différée: HTTPSConnectionPool(host='portfolio-python-entreprise.onrender.com', port=443): Max retries exceeded with url: /ventes/synchroniser (Caused by NameResolutionError("HTTPSConnection(host='portfolio-python-entreprise.onrender.com', port=443): Failed to resolve 'portfolio-python-entreprise.onrender.com' ([Errno 11001] getaddrinfo failed)"))
2026-09-15 01:59:03,062 - WARNING - Synchronisation différée: HTTPSConnectionPool(host='portfolio-python-entreprise.onrender.com', port=443): Max retries exceeded with url: /ventes/synchroniser (Caused by NameResolutionError("HTTPSConnection(host='portfolio-python-entreprise.onrender.com', port=443): Failed to resolve 'portfolio-python-entreprise.onrender.com' ([Errno 11001] getaddrinfo failed)"))
2026-09-15 01:59:33,076 - WARNING - Synchronisation différée: HTTPSConnectionPool(host='portfolio-python-entreprise.onrender.com', port=443): Max retries exceeded with url: /ventes/synchroniser (Caused by NameResolutionError("HTTPSConnection(host='portfolio-python-entreprise.onrender.com', port=443): Failed to resolve 'portfolio-python-entreprise.onrender.com' ([Errno 11001] getaddrinfo failed)"))
2026-09-15 02:00:03,032 - WARNING - Synchronisation différée: HTTPSConnectionPool(host='portfolio-python-entreprise.onrender.com', port=443): Max retries exceeded with url: /ventes/synchroniser (Caused by NameResolutionError("HTTPSConnection(host='portfolio-python-entreprise.onrender.com', port=443): Failed to resolve 'portfolio-python-entreprise.onrender.com' ([Errno 11001] getaddrinfo failed)"))
2026-09-15 02:00:33,092 - WARNING - Synchronisation différée: HTTPSConnectionPool(host='portfolio-python-entreprise.onrender.com', port=443): Max retries exceeded with url: /ventes/synchroniser (Caused by NameResolutionError("HTTPSConnection(host='portfolio-python-entreprise.onrender.com', port=443): Failed to resolve 'portfolio-python-entreprise.onrender.com' ([Errno 11001] getaddrinfo failed)"))
2026-09-15 02:01:03,089 - WARNING - Synchronisation différée: HTTPSConnectionPool(host='portfolio-python-entreprise.onrender.com', port=443): Max retries exceeded with url: /ventes/synchroniser (Caused by NameResolutionError("HTTPSConnection(host='portfolio-python-entreprise.onrender.com', port=443): Failed to resolve 'portfolio-python-entreprise.onrender.com' ([Errno 11001] getaddrinfo failed)"))
2026-09-15 02:01:33,061 - WARNING - Synchronisation différée: HTTPSConnectionPool(host='portfolio-python-entreprise.onrender.com', port=443): Max retries exceeded with url: /ventes/synchroniser (Caused by NameResolutionError("HTTPSConnection(host='portfolio-python-entreprise.onrender.com', port=443): Failed to resolve 'portfolio-python-entreprise.onrender.com' ([Errno 11001] getaddrinfo failed)"))
2026-09-15 02:02:03,125 - WARNING - Synchronisation différée: HTTPSConnectionPool(host='portfolio-python-entreprise.onrender.com', port=443): Max retries exceeded with url: /ventes/synchroniser (Caused by NameResolutionError("HTTPSConnection(host='portfolio-python-entreprise.onrender.com', port=443): Failed to resolve 'portfolio-python-entreprise.onrender.com' ([Errno 11001] getaddrinfo failed)"))
2026-09-15 02:02:33,230 - WARNING - Synchronisation différée: HTTPSConnectionPool(host='portfolio-python-entreprise.onrender.com', port=443): Max retries exceeded with url: /ventes/synchroniser (Caused by NameResolutionError("HTTPSConnection(host='portfolio-python-entreprise.onrender.com', port=443): Failed to resolve 'portfolio-python-entreprise.onrender.com' ([Errno 11001] getaddrinfo failed)"))
2026-09-15 02:03:03,132 - WARNING - Synchronisation différée: HTTPSConnectionPool(host='portfolio-python-entreprise.onrender.com', port=443): Max retries exceeded with url: /ventes/synchroniser (Caused by NameResolutionError("HTTPSConnection(host='portfolio-python-entreprise.onrender.com', port=443): Failed to resolve 'portfolio-python-entreprise.onrender.com' ([Errno 11001] getaddrinfo failed)"))
2026-09-15 02:03:33,252 - WARNING - Synchronisation différée: HTTPSConnectionPool(host='portfolio-python-entreprise.onrender.com', port=443): Max retries exceeded with url: /ventes/synchroniser (Caused by NameResolutionError("HTTPSConnection(host='portfolio-python-entreprise.onrender.com', port=443): Failed to resolve 'portfolio-python-entreprise.onrender.com' ([Errno 11001] getaddrinfo failed)"))
2026-09-15 02:04:03,243 - WARNING - Synchronisation différée: HTTPSConnectionPool(host='portfolio-python-entreprise.onrender.com', port=443): Max retries exceeded with url: /ventes/synchroniser (Caused by NameResolutionError("HTTPSConnection(host='portfolio-python-entreprise.onrender.com', port=443): Failed to resolve 'portfolio-python-entreprise.onrender.com' ([Errno 11001] getaddrinfo failed)"))
2026-09-15 02:04:33,275 - WARNING - Synchronisation différée: HTTPSConnectionPool(host='portfolio-python-entreprise.onrender.com', port=443): Max retries exceeded with url: /ventes/synchroniser (Caused by NameResolutionError("HTTPSConnection(host='portfolio-python-entreprise.onrender.com', port=443): Failed to resolve 'portfolio-python-entreprise.onrender.com' ([Errno 11001] getaddrinfo failed)"))
2026-09-15 02:05:03,293 - WARNING - Synchronisation différée: HTTPSConnectionPool(host='portfolio-python-entreprise.onrender.com', port=443): Max retries exceeded with url: /ventes/synchroniser (Caused by NameResolutionError("HTTPSConnection(host='portfolio-python-entreprise.onrender.com', port=443): Failed to resolve 'portfolio-python-entreprise.onrender.com' ([Errno 11001] getaddrinfo failed)"))
2026-09-15 02:05:33,264 - WARNING - Synchronisation différée: HTTPSConnectionPool(host='portfolio-python-entreprise.onrender.com', port=443): Max retries exceeded with url: /ventes/synchroniser (Caused by NameResolutionError("HTTPSConnection(host='portfolio-python-entreprise.onrender.com', port=443): Failed to resolve 'portfolio-python-entreprise.onrender.com' ([Errno 11001] getaddrinfo failed)"))
2026-09-15 02:06:03,287 - WARNING - Synchronisation différée: HTTPSConnectionPool(host='portfolio-python-entreprise.onrender.com', port=443): Max retries exceeded with url: /ventes/synchroniser (Caused by NameResolutionError("HTTPSConnection(host='portfolio-python-entreprise.onrender.com', port=443): Failed to resolve 'portfolio-python-entreprise.onrender.com' ([Errno 11001] getaddrinfo failed)"))
2026-09-15 02:06:33,301 - WARNING - Synchronisation différée: HTTPSConnectionPool(host='portfolio-python-entreprise.onrender.com', port=443): Max retries exceeded with url: /ventes/synchroniser (Caused by NameResolutionError("HTTPSConnection(host='portfolio-python-entreprise.onrender.com', port=443): Failed to resolve 'portfolio-python-entreprise.onrender.com' ([Errno 11001] getaddrinfo failed)"))
2026-09-15 02:07:03,285 - WARNING - Synchronisation différée: HTTPSConnectionPool(host='portfolio-python-entreprise.onrender.com', port=443): Max retries exceeded with url: /ventes/synchroniser (Caused by NameResolutionError("HTTPSConnection(host='portfolio-python-entreprise.onrender.com', port=443): Failed to resolve 'portfolio-python-entreprise.onrender.com' ([Errno 11001] getaddrinfo failed)"))
2026-09-15 02:07:33,295 - WARNING - Synchronisation différée: HTTPSConnectionPool(host='portfolio-python-entreprise.onrender.com', port=443): Max retries exceeded with url: /ventes/synchroniser (Caused by NameResolutionError("HTTPSConnection(host='portfolio-python-entreprise.onrender.com', port=443): Failed to resolve 'portfolio-python-entreprise.onrender.com' ([Errno 11001] getaddrinfo failed)"))
2026-09-15 02:08:03,310 - WARNING - Synchronisation différée: HTTPSConnectionPool(host='portfolio-python-entreprise.onrender.com', port=443): Max retries exceeded with url: /ventes/synchroniser (Caused by NameResolutionError("HTTPSConnection(host='portfolio-python-entreprise.onrender.com', port=443): Failed to resolve 'portfolio-python-entreprise.onrender.com' ([Errno 11001] getaddrinfo failed)"))
2026-09-15 02:08:33,323 - WARNING - Synchronisation différée: HTTPSConnectionPool(host='portfolio-python-entreprise.onrender.com', port=443): Max retries exceeded with url: /ventes/synchroniser (Caused by NameResolutionError("HTTPSConnection(host='portfolio-python-entreprise.onrender.com', port=443): Failed to resolve 'portfolio-python-entreprise.onrender.com' ([Errno 11001] getaddrinfo failed)"))
2026-09-15 02:09:03,338 - WARNING - Synchronisation différée: HTTPSConnectionPool(host='portfolio-python-entreprise.onrender.com', port=443): Max retries exceeded with url: /ventes/synchroniser (Caused by NameResolutionError("HTTPSConnection(host='portfolio-python-entreprise.onrender.com', port=443): Failed to resolve 'portfolio-python-entreprise.onrender.com' ([Errno 11001] getaddrinfo failed)"))
2026-09-15 02:09:33,351 - WARNING - Synchronisation différée: HTTPSConnectionPool(host='portfolio-python-entreprise.onrender.com', port=443): Max retries exceeded with url: /ventes/synchroniser (Caused by NameResolutionError("HTTPSConnection(host='portfolio-python-entreprise.onrender.com', port=443): Failed to resolve 'portfolio-python-entreprise.onrender.com' ([Errno 11001] getaddrinfo failed)"))
2026-09-15 02:10:03,450 - WARNING - Synchronisation différée: HTTPSConnectionPool(host='portfolio-python-entreprise.onrender.com', port=443): Max retries exceeded with url: /ventes/synchroniser (Caused by NameResolutionError("HTTPSConnection(host='portfolio-python-entreprise.onrender.com', port=443): Failed to resolve 'portfolio-python-entreprise.onrender.com' ([Errno 11001] getaddrinfo failed)"))
2026-09-15 02:10:33,377 - WARNING - Synchronisation différée: HTTPSConnectionPool(host='portfolio-python-entreprise.onrender.com', port=443): Max retries exceeded with url: /ventes/synchroniser (Caused by NameResolutionError("HTTPSConnection(host='portfolio-python-entreprise.onrender.com', port=443): Failed to resolve 'portfolio-python-entreprise.onrender.com' ([Errno 11001] getaddrinfo failed)"))
2026-09-15 02:11:03,428 - WARNING - Synchronisation différée: HTTPSConnectionPool(host='portfolio-python-entreprise.onrender.com', port=443): Max retries exceeded with url: /ventes/synchroniser (Caused by NameResolutionError("HTTPSConnection(host='portfolio-python-entreprise.onrender.com', port=443): Failed to resolve 'portfolio-python-entreprise.onrender.com' ([Errno 11001] getaddrinfo failed)"))
2026-09-15 02:11:33,432 - WARNING - Synchronisation différée: HTTPSConnectionPool(host='portfolio-python-entreprise.onrender.com', port=443): Max retries exceeded with url: /ventes/synchroniser (Caused by NameResolutionError("HTTPSConnection(host='portfolio-python-entreprise.onrender.com', port=443): Failed to resolve 'portfolio-python-entreprise.onrender.com' ([Errno 11001] getaddrinfo failed)"))
2026-09-15 02:12:03,447 - WARNING - Synchronisation différée: HTTPSConnectionPool(host='portfolio-python-entreprise.onrender.com', port=443): Max retries exceeded with url: /ventes/synchroniser (Caused by NameResolutionError("HTTPSConnection(host='portfolio-python-entreprise.onrender.com', port=443): Failed to resolve 'portfolio-python-entreprise.onrender.com' ([Errno 11001] getaddrinfo failed)"))
2026-09-15 02:12:33,454 - WARNING - Synchronisation différée: HTTPSConnectionPool(host='portfolio-python-entreprise.onrender.com', port=443): Max retries exceeded with url: /ventes/synchroniser (Caused by NameResolutionError("HTTPSConnection(host='portfolio-python-entreprise.onrender.com', port=443): Failed to resolve 'portfolio-python-entreprise.onrender.com' ([Errno 11001] getaddrinfo failed)"))
2026-09-15 02:13:03,452 - WARNING - Synchronisation différée: HTTPSConnectionPool(host='portfolio-python-entreprise.onrender.com', port=443): Max retries exceeded with url: /ventes/synchroniser (Caused by NameResolutionError("HTTPSConnection(host='portfolio-python-entreprise.onrender.com', port=443): Failed to resolve 'portfolio-python-entreprise.onrender.com' ([Errno 11001] getaddrinfo failed)"))
2026-09-15 02:13:33,517 - WARNING - Synchronisation différée: HTTPSConnectionPool(host='portfolio-python-entreprise.onrender.com', port=443): Max retries exceeded with url: /ventes/synchroniser (Caused by NameResolutionError("HTTPSConnection(host='portfolio-python-entreprise.onrender.com', port=443): Failed to resolve 'portfolio-python-entreprise.onrender.com' ([Errno 11001] getaddrinfo failed)"))
2026-09-15 02:14:03,431 - WARNING - Synchronisation différée: HTTPSConnectionPool(host='portfolio-python-entreprise.onrender.com', port=443): Max retries exceeded with url: /ventes/synchroniser (Caused by NameResolutionError("HTTPSConnection(host='portfolio-python-entreprise.onrender.com', port=443): Failed to resolve 'portfolio-python-entreprise.onrender.com' ([Errno 11001] getaddrinfo failed)"))
2026-09-15 02:14:33,457 - WARNING - Synchronisation différée: HTTPSConnectionPool(host='portfolio-python-entreprise.onrender.com', port=443): Max retries exceeded with url: /ventes/synchroniser (Caused by NameResolutionError("HTTPSConnection(host='portfolio-python-entreprise.onrender.com', port=443): Failed to resolve 'portfolio-python-entreprise.onrender.com' ([Errno 11001] getaddrinfo failed)"))
2026-09-15 02:15:03,415 - WARNING - Synchronisation différée: HTTPSConnectionPool(host='portfolio-python-entreprise.onrender.com', port=443): Max retries exceeded with url: /ventes/synchroniser (Caused by NameResolutionError("HTTPSConnection(host='portfolio-python-entreprise.onrender.com', port=443): Failed to resolve 'portfolio-python-entreprise.onrender.com' ([Errno 11001] getaddrinfo failed)"))
2026-09-15 02:15:33,426 - WARNING - Synchronisation différée: HTTPSConnectionPool(host='portfolio-python-entreprise.onrender.com', port=443): Max retries exceeded with url: /ventes/synchroniser (Caused by NameResolutionError("HTTPSConnection(host='portfolio-python-entreprise.onrender.com', port=443): Failed to resolve 'portfolio-python-entreprise.onrender.com' ([Errno 11001] getaddrinfo failed)"))
2026-09-15 02:16:03,478 - WARNING - Synchronisation différée: HTTPSConnectionPool(host='portfolio-python-entreprise.onrender.com', port=443): Max retries exceeded with url: /ventes/synchroniser (Caused by NameResolutionError("HTTPSConnection(host='portfolio-python-entreprise.onrender.com', port=443): Failed to resolve 'portfolio-python-entreprise.onrender.com' ([Errno 11001] getaddrinfo failed)"))
2026-09-15 02:16:33,533 - WARNING - Synchronisation différée: HTTPSConnectionPool(host='portfolio-python-entreprise.onrender.com', port=443): Max retries exceeded with url: /ventes/synchroniser (Caused by NameResolutionError("HTTPSConnection(host='portfolio-python-entreprise.onrender.com', port=443): Failed to resolve 'portfolio-python-entreprise.onrender.com' ([Errno 11001] getaddrinfo failed)"))
2026-09-15 02:17:03,481 - WARNING - Synchronisation différée: HTTPSConnectionPool(host='portfolio-python-entreprise.onrender.com', port=443): Max retries exceeded with url: /ventes/synchroniser (Caused by NameResolutionError("HTTPSConnection(host='portfolio-python-entreprise.onrender.com', port=443): Failed to resolve 'portfolio-python-entreprise.onrender.com' ([Errno 11001] getaddrinfo failed)"))
2026-09-15 02:17:33,575 - WARNING - Synchronisation différée: HTTPSConnectionPool(host='portfolio-python-entreprise.onrender.com', port=443): Max retries exceeded with url: /ventes/synchroniser (Caused by NameResolutionError("HTTPSConnection(host='portfolio-python-entreprise.onrender.com', port=443): Failed to resolve 'portfolio-python-entreprise.onrender.com' ([Errno 11001] getaddrinfo failed)"))
2026-09-15 02:18:03,587 - WARNING - Synchronisation différée: HTTPSConnectionPool(host='portfolio-python-entreprise.onrender.com', port=443): Max retries exceeded with url: /ventes/synchroniser (Caused by NameResolutionError("HTTPSConnection(host='portfolio-python-entreprise.onrender.com', port=443): Failed to resolve 'portfolio-python-entreprise.onrender.com' ([Errno 11001] getaddrinfo failed)"))
2026-09-15 02:18:33,555 - WARNING - Synchronisation différée: HTTPSConnectionPool(host='portfolio-python-entreprise.onrender.com', port=443): Max retries exceeded with url: /ventes/synchroniser (Caused by NameResolutionError("HTTPSConnection(host='portfolio-python-entreprise.onrender.com', port=443): Failed to resolve 'portfolio-python-entreprise.onrender.com' ([Errno 11001] getaddrinfo failed)"))
2026-09-15 02:19:03,504 - WARNING - Synchronisation différée: HTTPSConnectionPool(host='portfolio-python-entreprise.onrender.com', port=443): Max retries exceeded with url: /ventes/synchroniser (Caused by NameResolutionError("HTTPSConnection(host='portfolio-python-entreprise.onrender.com', port=443): Failed to resolve 'portfolio-python-entreprise.onrender.com' ([Errno 11001] getaddrinfo failed)"))
2026-09-15 02:19:33,546 - WARNING - Synchronisation différée: HTTPSConnectionPool(host='portfolio-python-entreprise.onrender.com', port=443): Max retries exceeded with url: /ventes/synchroniser (Caused by NameResolutionError("HTTPSConnection(host='portfolio-python-entreprise.onrender.com', port=443): Failed to resolve 'portfolio-python-entreprise.onrender.com' ([Errno 11001] getaddrinfo failed)"))
2026-09-15 02:20:03,548 - WARNING - Synchronisation différée: HTTPSConnectionPool(host='portfolio-python-entreprise.onrender.com', port=443): Max retries exceeded with url: /ventes/synchroniser (Caused by NameResolutionError("HTTPSConnection(host='portfolio-python-entreprise.onrender.com', port=443): Failed to resolve 'portfolio-python-entreprise.onrender.com' ([Errno 11001] getaddrinfo failed)"))
2026-09-15 02:20:33,575 - WARNING - Synchronisation différée: HTTPSConnectionPool(host='portfolio-python-entreprise.onrender.com', port=443): Max retries exceeded with url: /ventes/synchroniser (Caused by NameResolutionError("HTTPSConnection(host='portfolio-python-entreprise.onrender.com', port=443): Failed to resolve 'portfolio-python-entreprise.onrender.com' ([Errno 11001] getaddrinfo failed)"))
2026-09-15 02:21:03,848 - WARNING - Synchronisation différée: HTTPSConnectionPool(host='portfolio-python-entreprise.onrender.com', port=443): Max retries exceeded with url: /ventes/synchroniser (Caused by NameResolutionError("HTTPSConnection(host='portfolio-python-entreprise.onrender.com', port=443): Failed to resolve 'portfolio-python-entreprise.onrender.com' ([Errno 11001] getaddrinfo failed)"))
2026-09-15 02:21:33,550 - WARNING - Synchronisation différée: HTTPSConnectionPool(host='portfolio-python-entreprise.onrender.com', port=443): Max retries exceeded with url: /ventes/synchroniser (Caused by NameResolutionError("HTTPSConnection(host='portfolio-python-entreprise.onrender.com', port=443): Failed to resolve 'portfolio-python-entreprise.onrender.com' ([Errno 11001] getaddrinfo failed)"))
2026-09-15 02:22:03,587 - WARNING - Synchronisation différée: HTTPSConnectionPool(host='portfolio-python-entreprise.onrender.com', port=443): Max retries exceeded with url: /ventes/synchroniser (Caused by NameResolutionError("HTTPSConnection(host='portfolio-python-entreprise.onrender.com', port=443): Failed to resolve 'portfolio-python-entreprise.onrender.com' ([Errno 11001] getaddrinfo failed)"))
2026-09-15 02:22:33,572 - WARNING - Synchronisation différée: HTTPSConnectionPool(host='portfolio-python-entreprise.onrender.com', port=443): Max retries exceeded with url: /ventes/synchroniser (Caused by NameResolutionError("HTTPSConnection(host='portfolio-python-entreprise.onrender.com', port=443): Failed to resolve 'portfolio-python-entreprise.onrender.com' ([Errno 11001] getaddrinfo failed)"))
2026-09-15 02:23:03,573 - WARNING - Synchronisation différée: HTTPSConnectionPool(host='portfolio-python-entreprise.onrender.com', port=443): Max retries exceeded with url: /ventes/synchroniser (Caused by NameResolutionError("HTTPSConnection(host='portfolio-python-entreprise.onrender.com', port=443): Failed to resolve 'portfolio-python-entreprise.onrender.com' ([Errno 11001] getaddrinfo failed)"))
2026-09-15 02:23:33,638 - WARNING - Synchronisation différée: HTTPSConnectionPool(host='portfolio-python-entreprise.onrender.com', port=443): Max retries exceeded with url: /ventes/synchroniser (Caused by NameResolutionError("HTTPSConnection(host='portfolio-python-entreprise.onrender.com', port=443): Failed to resolve 'portfolio-python-entreprise.onrender.com' ([Errno 11001] getaddrinfo failed)"))
2026-09-15 02:24:03,585 - WARNING - Synchronisation différée: HTTPSConnectionPool(host='portfolio-python-entreprise.onrender.com', port=443): Max retries exceeded with url: /ventes/synchroniser (Caused by NameResolutionError("HTTPSConnection(host='portfolio-python-entreprise.onrender.com', port=443): Failed to resolve 'portfolio-python-entreprise.onrender.com' ([Errno 11001] getaddrinfo failed)"))
2026-09-15 02:24:33,603 - WARNING - Synchronisation différée: HTTPSConnectionPool(host='portfolio-python-entreprise.onrender.com', port=443): Max retries exceeded with url: /ventes/synchroniser (Caused by NameResolutionError("HTTPSConnection(host='portfolio-python-entreprise.onrender.com', port=443): Failed to resolve 'portfolio-python-entreprise.onrender.com' ([Errno 11001] getaddrinfo failed)"))
2026-09-15 02:25:03,655 - WARNING - Synchronisation différée: HTTPSConnectionPool(host='portfolio-python-entreprise.onrender.com', port=443): Max retries exceeded with url: /ventes/synchroniser (Caused by NameResolutionError("HTTPSConnection(host='portfolio-python-entreprise.onrender.com', port=443): Failed to resolve 'portfolio-python-entreprise.onrender.com' ([Errno 11001] getaddrinfo failed)"))
2026-09-15 02:25:33,669 - WARNING - Synchronisation différée: HTTPSConnectionPool(host='portfolio-python-entreprise.onrender.com', port=443): Max retries exceeded with url: /ventes/synchroniser (Caused by NameResolutionError("HTTPSConnection(host='portfolio-python-entreprise.onrender.com', port=443): Failed to resolve 'portfolio-python-entreprise.onrender.com' ([Errno 11001] getaddrinfo failed)"))
2026-09-15 02:26:03,658 - WARNING - Synchronisation différée: HTTPSConnectionPool(host='portfolio-python-entreprise.onrender.com', port=443): Max retries exceeded with url: /ventes/synchroniser (Caused by NameResolutionError("HTTPSConnection(host='portfolio-python-entreprise.onrender.com', port=443): Failed to resolve 'portfolio-python-entreprise.onrender.com' ([Errno 11001] getaddrinfo failed)"))
2026-09-15 02:26:33,626 - WARNING - Synchronisation différée: HTTPSConnectionPool(host='portfolio-python-entreprise.onrender.com', port=443): Max retries exceeded with url: /ventes/synchroniser (Caused by NameResolutionError("HTTPSConnection(host='portfolio-python-entreprise.onrender.com', port=443): Failed to resolve 'portfolio-python-entreprise.onrender.com' ([Errno 11001] getaddrinfo failed)"))
2026-09-15 02:27:03,636 - WARNING - Synchronisation différée: HTTPSConnectionPool(host='portfolio-python-entreprise.onrender.com', port=443): Max retries exceeded with url: /ventes/synchroniser (Caused by NameResolutionError("HTTPSConnection(host='portfolio-python-entreprise.onrender.com', port=443): Failed to resolve 'portfolio-python-entreprise.onrender.com' ([Errno 11001] getaddrinfo failed)"))
2026-09-15 02:27:33,670 - WARNING - Synchronisation différée: HTTPSConnectionPool(host='portfolio-python-entreprise.onrender.com', port=443): Max retries exceeded with url: /ventes/synchroniser (Caused by NameResolutionError("HTTPSConnection(host='portfolio-python-entreprise.onrender.com', port=443): Failed to resolve 'portfolio-python-entreprise.onrender.com' ([Errno 11001] getaddrinfo failed)"))
2026-09-15 02:28:03,697 - WARNING - Synchronisation différée: HTTPSConnectionPool(host='portfolio-python-entreprise.onrender.com', port=443): Max retries exceeded with url: /ventes/synchroniser (Caused by NameResolutionError("HTTPSConnection(host='portfolio-python-entreprise.onrender.com', port=443): Failed to resolve 'portfolio-python-entreprise.onrender.com' ([Errno 11001] getaddrinfo failed)"))
2026-09-15 02:28:33,781 - WARNING - Synchronisation différée: HTTPSConnectionPool(host='portfolio-python-entreprise.onrender.com', port=443): Max retries exceeded with url: /ventes/synchroniser (Caused by NameResolutionError("HTTPSConnection(host='portfolio-python-entreprise.onrender.com', port=443): Failed to resolve 'portfolio-python-entreprise.onrender.com' ([Errno 11001] getaddrinfo failed)"))
2026-09-15 02:29:03,802 - WARNING - Synchronisation différée: HTTPSConnectionPool(host='portfolio-python-entreprise.onrender.com', port=443): Max retries exceeded with url: /ventes/synchroniser (Caused by NameResolutionError("HTTPSConnection(host='portfolio-python-entreprise.onrender.com', port=443): Failed to resolve 'portfolio-python-entreprise.onrender.com' ([Errno 11001] getaddrinfo failed)"))
2026-09-15 02:29:33,759 - WARNING - Synchronisation différée: HTTPSConnectionPool(host='portfolio-python-entreprise.onrender.com', port=443): Max retries exceeded with url: /ventes/synchroniser (Caused by NameResolutionError("HTTPSConnection(host='portfolio-python-entreprise.onrender.com', port=443): Failed to resolve 'portfolio-python-entreprise.onrender.com' ([Errno 11001] getaddrinfo failed)"))
2026-09-15 02:30:03,725 - WARNING - Synchronisation différée: HTTPSConnectionPool(host='portfolio-python-entreprise.onrender.com', port=443): Max retries exceeded with url: /ventes/synchroniser (Caused by NameResolutionError("HTTPSConnection(host='portfolio-python-entreprise.onrender.com', port=443): Failed to resolve 'portfolio-python-entreprise.onrender.com' ([Errno 11001] getaddrinfo failed)"))
2026-09-15 02:30:33,754 - WARNING - Synchronisation différée: HTTPSConnectionPool(host='portfolio-python-entreprise.onrender.com', port=443): Max retries exceeded with url: /ventes/synchroniser (Caused by NameResolutionError("HTTPSConnection(host='portfolio-python-entreprise.onrender.com', port=443): Failed to resolve 'portfolio-python-entreprise.onrender.com' ([Errno 11001] getaddrinfo failed)"))
2026-09-15 02:31:03,782 - WARNING - Synchronisation différée: HTTPSConnectionPool(host='portfolio-python-entreprise.onrender.com', port=443): Max retries exceeded with url: /ventes/synchroniser (Caused by NameResolutionError("HTTPSConnection(host='portfolio-python-entreprise.onrender.com', port=443): Failed to resolve 'portfolio-python-entreprise.onrender.com' ([Errno 11001] getaddrinfo failed)"))
2026-09-15 02:31:33,791 - WARNING - Synchronisation différée: HTTPSConnectionPool(host='portfolio-python-entreprise.onrender.com', port=443): Max retries exceeded with url: /ventes/synchroniser (Caused by NameResolutionError("HTTPSConnection(host='portfolio-python-entreprise.onrender.com', port=443): Failed to resolve 'portfolio-python-entreprise.onrender.com' ([Errno 11001] getaddrinfo failed)"))
2026-09-15 02:32:03,759 - WARNING - Synchronisation différée: HTTPSConnectionPool(host='portfolio-python-entreprise.onrender.com', port=443): Max retries exceeded with url: /ventes/synchroniser (Caused by NameResolutionError("HTTPSConnection(host='portfolio-python-entreprise.onrender.com', port=443): Failed to resolve 'portfolio-python-entreprise.onrender.com' ([Errno 11001] getaddrinfo failed)"))
2026-09-15 02:32:33,868 - WARNING - Synchronisation différée: HTTPSConnectionPool(host='portfolio-python-entreprise.onrender.com', port=443): Max retries exceeded with url: /ventes/synchroniser (Caused by NameResolutionError("HTTPSConnection(host='portfolio-python-entreprise.onrender.com', port=443): Failed to resolve 'portfolio-python-entreprise.onrender.com' ([Errno 11001] getaddrinfo failed)"))
2026-09-15 02:33:03,892 - WARNING - Synchronisation différée: HTTPSConnectionPool(host='portfolio-python-entreprise.onrender.com', port=443): Max retries exceeded with url: /ventes/synchroniser (Caused by NameResolutionError("HTTPSConnection(host='portfolio-python-entreprise.onrender.com', port=443): Failed to resolve 'portfolio-python-entreprise.onrender.com' ([Errno 11001] getaddrinfo failed)"))
2026-09-15 02:33:33,894 - WARNING - Synchronisation différée: HTTPSConnectionPool(host='portfolio-python-entreprise.onrender.com', port=443): Max retries exceeded with url: /ventes/synchroniser (Caused by NameResolutionError("HTTPSConnection(host='portfolio-python-entreprise.onrender.com', port=443): Failed to resolve 'portfolio-python-entreprise.onrender.com' ([Errno 11001] getaddrinfo failed)"))
2026-09-15 02:34:03,914 - WARNING - Synchronisation différée: HTTPSConnectionPool(host='portfolio-python-entreprise.onrender.com', port=443): Max retries exceeded with url: /ventes/synchroniser (Caused by NameResolutionError("HTTPSConnection(host='portfolio-python-entreprise.onrender.com', port=443): Failed to resolve 'portfolio-python-entreprise.onrender.com' ([Errno 11001] getaddrinfo failed)"))
2026-09-15 02:34:33,957 - WARNING - Synchronisation différée: HTTPSConnectionPool(host='portfolio-python-entreprise.onrender.com', port=443): Max retries exceeded with url: /ventes/synchroniser (Caused by NameResolutionError("HTTPSConnection(host='portfolio-python-entreprise.onrender.com', port=443): Failed to resolve 'portfolio-python-entreprise.onrender.com' ([Errno 11001] getaddrinfo failed)"))
2026-09-15 02:35:03,992 - WARNING - Synchronisation différée: HTTPSConnectionPool(host='portfolio-python-entreprise.onrender.com', port=443): Max retries exceeded with url: /ventes/synchroniser (Caused by NameResolutionError("HTTPSConnection(host='portfolio-python-entreprise.onrender.com', port=443): Failed to resolve 'portfolio-python-entreprise.onrender.com' ([Errno 11001] getaddrinfo failed)"))
2026-09-15 02:35:33,989 - WARNING - Synchronisation différée: HTTPSConnectionPool(host='portfolio-python-entreprise.onrender.com', port=443): Max retries exceeded with url: /ventes/synchroniser (Caused by NameResolutionError("HTTPSConnection(host='portfolio-python-entreprise.onrender.com', port=443): Failed to resolve 'portfolio-python-entreprise.onrender.com' ([Errno 11001] getaddrinfo failed)"))
2026-09-15 02:36:03,951 - WARNING - Synchronisation différée: HTTPSConnectionPool(host='portfolio-python-entreprise.onrender.com', port=443): Max retries exceeded with url: /ventes/synchroniser (Caused by NameResolutionError("HTTPSConnection(host='portfolio-python-entreprise.onrender.com', port=443): Failed to resolve 'portfolio-python-entreprise.onrender.com' ([Errno 11001] getaddrinfo failed)"))
2026-09-15 02:36:33,971 - WARNING - Synchronisation différée: HTTPSConnectionPool(host='portfolio-python-entreprise.onrender.com', port=443): Max retries exceeded with url: /ventes/synchroniser (Caused by NameResolutionError("HTTPSConnection(host='portfolio-python-entreprise.onrender.com', port=443): Failed to resolve 'portfolio-python-entreprise.onrender.com' ([Errno 11001] getaddrinfo failed)"))
2026-09-15 02:37:04,006 - WARNING - Synchronisation différée: HTTPSConnectionPool(host='portfolio-python-entreprise.onrender.com', port=443): Max retries exceeded with url: /ventes/synchroniser (Caused by NameResolutionError("HTTPSConnection(host='portfolio-python-entreprise.onrender.com', port=443): Failed to resolve 'portfolio-python-entreprise.onrender.com' ([Errno 11001] getaddrinfo failed)"))
2026-09-15 02:37:34,008 - WARNING - Synchronisation différée: HTTPSConnectionPool(host='portfolio-python-entreprise.onrender.com', port=443): Max retries exceeded with url: /ventes/synchroniser (Caused by NameResolutionError("HTTPSConnection(host='portfolio-python-entreprise.onrender.com', port=443): Failed to resolve 'portfolio-python-entreprise.onrender.com' ([Errno 11001] getaddrinfo failed)"))
2026-09-15 02:38:04,039 - WARNING - Synchronisation différée: HTTPSConnectionPool(host='portfolio-python-entreprise.onrender.com', port=443): Max retries exceeded with url: /ventes/synchroniser (Caused by NameResolutionError("HTTPSConnection(host='portfolio-python-entreprise.onrender.com', port=443): Failed to resolve 'portfolio-python-entreprise.onrender.com' ([Errno 11001] getaddrinfo failed)"))
2026-09-15 02:38:34,024 - WARNING - Synchronisation différée: HTTPSConnectionPool(host='portfolio-python-entreprise.onrender.com', port=443): Max retries exceeded with url: /ventes/synchroniser (Caused by NameResolutionError("HTTPSConnection(host='portfolio-python-entreprise.onrender.com', port=443): Failed to resolve 'portfolio-python-entreprise.onrender.com' ([Errno 11001] getaddrinfo failed)"))
2026-09-15 02:39:04,034 - WARNING - Synchronisation différée: HTTPSConnectionPool(host='portfolio-python-entreprise.onrender.com', port=443): Max retries exceeded with url: /ventes/synchroniser (Caused by NameResolutionError("HTTPSConnection(host='portfolio-python-entreprise.onrender.com', port=443): Failed to resolve 'portfolio-python-entreprise.onrender.com' ([Errno 11001] getaddrinfo failed)"))
2026-09-15 02:39:34,014 - WARNING - Synchronisation différée: HTTPSConnectionPool(host='portfolio-python-entreprise.onrender.com', port=443): Max retries exceeded with url: /ventes/synchroniser (Caused by NameResolutionError("HTTPSConnection(host='portfolio-python-entreprise.onrender.com', port=443): Failed to resolve 'portfolio-python-entreprise.onrender.com' ([Errno 11001] getaddrinfo failed)"))
2026-09-15 02:40:04,070 - WARNING - Synchronisation différée: HTTPSConnectionPool(host='portfolio-python-entreprise.onrender.com', port=443): Max retries exceeded with url: /ventes/synchroniser (Caused by NameResolutionError("HTTPSConnection(host='portfolio-python-entreprise.onrender.com', port=443): Failed to resolve 'portfolio-python-entreprise.onrender.com' ([Errno 11001] getaddrinfo failed)"))
2026-09-15 02:40:34,025 - WARNING - Synchronisation différée: HTTPSConnectionPool(host='portfolio-python-entreprise.onrender.com', port=443): Max retries exceeded with url: /ventes/synchroniser (Caused by NameResolutionError("HTTPSConnection(host='portfolio-python-entreprise.onrender.com', port=443): Failed to resolve 'portfolio-python-entreprise.onrender.com' ([Errno 11001] getaddrinfo failed)"))
2026-09-15 02:41:04,064 - WARNING - Synchronisation différée: HTTPSConnectionPool(host='portfolio-python-entreprise.onrender.com', port=443): Max retries exceeded with url: /ventes/synchroniser (Caused by NameResolutionError("HTTPSConnection(host='portfolio-python-entreprise.onrender.com', port=443): Failed to resolve 'portfolio-python-entreprise.onrender.com' ([Errno 11001] getaddrinfo failed)"))
2026-09-15 02:41:34,028 - WARNING - Synchronisation différée: HTTPSConnectionPool(host='portfolio-python-entreprise.onrender.com', port=443): Max retries exceeded with url: /ventes/synchroniser (Caused by NameResolutionError("HTTPSConnection(host='portfolio-python-entreprise.onrender.com', port=443): Failed to resolve 'portfolio-python-entreprise.onrender.com' ([Errno 11001] getaddrinfo failed)"))
2026-09-15 02:42:04,037 - WARNING - Synchronisation différée: HTTPSConnectionPool(host='portfolio-python-entreprise.onrender.com', port=443): Max retries exceeded with url: /ventes/synchroniser (Caused by NameResolutionError("HTTPSConnection(host='portfolio-python-entreprise.onrender.com', port=443): Failed to resolve 'portfolio-python-entreprise.onrender.com' ([Errno 11001] getaddrinfo failed)"))
2026-09-15 02:42:34,081 - WARNING - Synchronisation différée: HTTPSConnectionPool(host='portfolio-python-entreprise.onrender.com', port=443): Max retries exceeded with url: /ventes/synchroniser (Caused by NameResolutionError("HTTPSConnection(host='portfolio-python-entreprise.onrender.com', port=443): Failed to resolve 'portfolio-python-entreprise.onrender.com' ([Errno 11001] getaddrinfo failed)"))
2026-09-15 02:43:04,029 - WARNING - Synchronisation différée: HTTPSConnectionPool(host='portfolio-python-entreprise.onrender.com', port=443): Max retries exceeded with url: /ventes/synchroniser (Caused by NameResolutionError("HTTPSConnection(host='portfolio-python-entreprise.onrender.com', port=443): Failed to resolve 'portfolio-python-entreprise.onrender.com' ([Errno 11001] getaddrinfo failed)"))
2026-09-15 02:43:34,066 - WARNING - Synchronisation différée: HTTPSConnectionPool(host='portfolio-python-entreprise.onrender.com', port=443): Max retries exceeded with url: /ventes/synchroniser (Caused by NameResolutionError("HTTPSConnection(host='portfolio-python-entreprise.onrender.com', port=443): Failed to resolve 'portfolio-python-entreprise.onrender.com' ([Errno 11001] getaddrinfo failed)"))
2026-09-15 02:44:04,057 - WARNING - Synchronisation différée: HTTPSConnectionPool(host='portfolio-python-entreprise.onrender.com', port=443): Max retries exceeded with url: /ventes/synchroniser (Caused by NameResolutionError("HTTPSConnection(host='portfolio-python-entreprise.onrender.com', port=443): Failed to resolve 'portfolio-python-entreprise.onrender.com' ([Errno 11001] getaddrinfo failed)"))
2026-09-15 02:44:34,107 - WARNING - Synchronisation différée: HTTPSConnectionPool(host='portfolio-python-entreprise.onrender.com', port=443): Max retries exceeded with url: /ventes/synchroniser (Caused by NameResolutionError("HTTPSConnection(host='portfolio-python-entreprise.onrender.com', port=443): Failed to resolve 'portfolio-python-entreprise.onrender.com' ([Errno 11001] getaddrinfo failed)"))
2026-09-15 02:45:04,117 - WARNING - Synchronisation différée: HTTPSConnectionPool(host='portfolio-python-entreprise.onrender.com', port=443): Max retries exceeded with url: /ventes/synchroniser (Caused by NameResolutionError("HTTPSConnection(host='portfolio-python-entreprise.onrender.com', port=443): Failed to resolve 'portfolio-python-entreprise.onrender.com' ([Errno 11001] getaddrinfo failed)"))
2026-09-15 02:45:34,110 - WARNING - Synchronisation différée: HTTPSConnectionPool(host='portfolio-python-entreprise.onrender.com', port=443): Max retries exceeded with url: /ventes/synchroniser (Caused by NameResolutionError("HTTPSConnection(host='portfolio-python-entreprise.onrender.com', port=443): Failed to resolve 'portfolio-python-entreprise.onrender.com' ([Errno 11001] getaddrinfo failed)"))
2026-09-15 02:46:04,091 - WARNING - Synchronisation différée: HTTPSConnectionPool(host='portfolio-python-entreprise.onrender.com', port=443): Max retries exceeded with url: /ventes/synchroniser (Caused by NameResolutionError("HTTPSConnection(host='portfolio-python-entreprise.onrender.com', port=443): Failed to resolve 'portfolio-python-entreprise.onrender.com' ([Errno 11001] getaddrinfo failed)"))
2026-09-15 02:46:34,092 - WARNING - Synchronisation différée: HTTPSConnectionPool(host='portfolio-python-entreprise.onrender.com', port=443): Max retries exceeded with url: /ventes/synchroniser (Caused by NameResolutionError("HTTPSConnection(host='portfolio-python-entreprise.onrender.com', port=443): Failed to resolve 'portfolio-python-entreprise.onrender.com' ([Errno 11001] getaddrinfo failed)"))
2026-09-15 02:47:04,110 - WARNING - Synchronisation différée: HTTPSConnectionPool(host='portfolio-python-entreprise.onrender.com', port=443): Max retries exceeded with url: /ventes/synchroniser (Caused by NameResolutionError("HTTPSConnection(host='portfolio-python-entreprise.onrender.com', port=443): Failed to resolve 'portfolio-python-entreprise.onrender.com' ([Errno 11001] getaddrinfo failed)"))
2026-09-15 02:47:34,144 - WARNING - Synchronisation différée: HTTPSConnectionPool(host='portfolio-python-entreprise.onrender.com', port=443): Max retries exceeded with url: /ventes/synchroniser (Caused by NameResolutionError("HTTPSConnection(host='portfolio-python-entreprise.onrender.com', port=443): Failed to resolve 'portfolio-python-entreprise.onrender.com' ([Errno 11001] getaddrinfo failed)"))
2026-09-15 02:48:04,105 - WARNING - Synchronisation différée: HTTPSConnectionPool(host='portfolio-python-entreprise.onrender.com', port=443): Max retries exceeded with url: /ventes/synchroniser (Caused by NameResolutionError("HTTPSConnection(host='portfolio-python-entreprise.onrender.com', port=443): Failed to resolve 'portfolio-python-entreprise.onrender.com' ([Errno 11001] getaddrinfo failed)"))
2026-09-15 02:48:34,103 - WARNING - Synchronisation différée: HTTPSConnectionPool(host='portfolio-python-entreprise.onrender.com', port=443): Max retries exceeded with url: /ventes/synchroniser (Caused by NameResolutionError("HTTPSConnection(host='portfolio-python-entreprise.onrender.com', port=443): Failed to resolve 'portfolio-python-entreprise.onrender.com' ([Errno 11001] getaddrinfo failed)"))
2026-09-15 02:49:04,199 - WARNING - Synchronisation différée: HTTPSConnectionPool(host='portfolio-python-entreprise.onrender.com', port=443): Max retries exceeded with url: /ventes/synchroniser (Caused by NameResolutionError("HTTPSConnection(host='portfolio-python-entreprise.onrender.com', port=443): Failed to resolve 'portfolio-python-entreprise.onrender.com' ([Errno 11001] getaddrinfo failed)"))
2026-09-15 02:49:34,203 - WARNING - Synchronisation différée: HTTPSConnectionPool(host='portfolio-python-entreprise.onrender.com', port=443): Max retries exceeded with url: /ventes/synchroniser (Caused by NameResolutionError("HTTPSConnection(host='portfolio-python-entreprise.onrender.com', port=443): Failed to resolve 'portfolio-python-entreprise.onrender.com' ([Errno 11001] getaddrinfo failed)"))
2026-09-15 02:50:04,161 - WARNING - Synchronisation différée: HTTPSConnectionPool(host='portfolio-python-entreprise.onrender.com', port=443): Max retries exceeded with url: /ventes/synchroniser (Caused by NameResolutionError("HTTPSConnection(host='portfolio-python-entreprise.onrender.com', port=443): Failed to resolve 'portfolio-python-entreprise.onrender.com' ([Errno 11001] getaddrinfo failed)"))
2026-09-15 02:50:34,212 - WARNING - Synchronisation différée: HTTPSConnectionPool(host='portfolio-python-entreprise.onrender.com', port=443): Max retries exceeded with url: /ventes/synchroniser (Caused by NameResolutionError("HTTPSConnection(host='portfolio-python-entreprise.onrender.com', port=443): Failed to resolve 'portfolio-python-entreprise.onrender.com' ([Errno 11001] getaddrinfo failed)"))
2026-09-15 02:51:04,232 - WARNING - Synchronisation différée: HTTPSConnectionPool(host='portfolio-python-entreprise.onrender.com', port=443): Max retries exceeded with url: /ventes/synchroniser (Caused by NameResolutionError("HTTPSConnection(host='portfolio-python-entreprise.onrender.com', port=443): Failed to resolve 'portfolio-python-entreprise.onrender.com' ([Errno 11001] getaddrinfo failed)"))
2026-09-15 02:51:34,228 - WARNING - Synchronisation différée: HTTPSConnectionPool(host='portfolio-python-entreprise.onrender.com', port=443): Max retries exceeded with url: /ventes/synchroniser (Caused by NameResolutionError("HTTPSConnection(host='portfolio-python-entreprise.onrender.com', port=443): Failed to resolve 'portfolio-python-entreprise.onrender.com' ([Errno 11001] getaddrinfo failed)"))
2026-09-15 02:52:04,258 - WARNING - Synchronisation différée: HTTPSConnectionPool(host='portfolio-python-entreprise.onrender.com', port=443): Max retries exceeded with url: /ventes/synchroniser (Caused by NameResolutionError("HTTPSConnection(host='portfolio-python-entreprise.onrender.com', port=443): Failed to resolve 'portfolio-python-entreprise.onrender.com' ([Errno 11001] getaddrinfo failed)"))
2026-09-15 02:52:34,309 - WARNING - Synchronisation différée: HTTPSConnectionPool(host='portfolio-python-entreprise.onrender.com', port=443): Max retries exceeded with url: /ventes/synchroniser (Caused by NameResolutionError("HTTPSConnection(host='portfolio-python-entreprise.onrender.com', port=443): Failed to resolve 'portfolio-python-entreprise.onrender.com' ([Errno 11001] getaddrinfo failed)"))
2026-09-15 02:53:04,331 - WARNING - Synchronisation différée: HTTPSConnectionPool(host='portfolio-python-entreprise.onrender.com', port=443): Max retries exceeded with url: /ventes/synchroniser (Caused by NameResolutionError("HTTPSConnection(host='portfolio-python-entreprise.onrender.com', port=443): Failed to resolve 'portfolio-python-entreprise.onrender.com' ([Errno 11001] getaddrinfo failed)"))
2026-09-15 02:53:34,260 - WARNING - Synchronisation différée: HTTPSConnectionPool(host='portfolio-python-entreprise.onrender.com', port=443): Max retries exceeded with url: /ventes/synchroniser (Caused by NameResolutionError("HTTPSConnection(host='portfolio-python-entreprise.onrender.com', port=443): Failed to resolve 'portfolio-python-entreprise.onrender.com' ([Errno 11001] getaddrinfo failed)"))
2026-09-15 02:54:04,385 - WARNING - Synchronisation différée: HTTPSConnectionPool(host='portfolio-python-entreprise.onrender.com', port=443): Max retries exceeded with url: /ventes/synchroniser (Caused by NameResolutionError("HTTPSConnection(host='portfolio-python-entreprise.onrender.com', port=443): Failed to resolve 'portfolio-python-entreprise.onrender.com' ([Errno 11001] getaddrinfo failed)"))
2026-09-15 02:54:34,299 - WARNING - Synchronisation différée: HTTPSConnectionPool(host='portfolio-python-entreprise.onrender.com', port=443): Max retries exceeded with url: /ventes/synchroniser (Caused by NameResolutionError("HTTPSConnection(host='portfolio-python-entreprise.onrender.com', port=443): Failed to resolve 'portfolio-python-entreprise.onrender.com' ([Errno 11001] getaddrinfo failed)"))
2026-09-15 02:55:04,330 - WARNING - Synchronisation différée: HTTPSConnectionPool(host='portfolio-python-entreprise.onrender.com', port=443): Max retries exceeded with url: /ventes/synchroniser (Caused by NameResolutionError("HTTPSConnection(host='portfolio-python-entreprise.onrender.com', port=443): Failed to resolve 'portfolio-python-entreprise.onrender.com' ([Errno 11001] getaddrinfo failed)"))
2026-09-15 02:55:34,318 - WARNING - Synchronisation différée: HTTPSConnectionPool(host='portfolio-python-entreprise.onrender.com', port=443): Max retries exceeded with url: /ventes/synchroniser (Caused by NameResolutionError("HTTPSConnection(host='portfolio-python-entreprise.onrender.com', port=443): Failed to resolve 'portfolio-python-entreprise.onrender.com' ([Errno 11001] getaddrinfo failed)"))
2026-09-15 02:56:04,309 - WARNING - Synchronisation différée: HTTPSConnectionPool(host='portfolio-python-entreprise.onrender.com', port=443): Max retries exceeded with url: /ventes/synchroniser (Caused by NameResolutionError("HTTPSConnection(host='portfolio-python-entreprise.onrender.com', port=443): Failed to resolve 'portfolio-python-entreprise.onrender.com' ([Errno 11001] getaddrinfo failed)"))
2026-09-15 02:56:34,428 - WARNING - Synchronisation différée: HTTPSConnectionPool(host='portfolio-python-entreprise.onrender.com', port=443): Max retries exceeded with url: /ventes/synchroniser (Caused by NameResolutionError("HTTPSConnection(host='portfolio-python-entreprise.onrender.com', port=443): Failed to resolve 'portfolio-python-entreprise.onrender.com' ([Errno 11001] getaddrinfo failed)"))
2026-09-15 02:57:04,332 - WARNING - Synchronisation différée: HTTPSConnectionPool(host='portfolio-python-entreprise.onrender.com', port=443): Max retries exceeded with url: /ventes/synchroniser (Caused by NameResolutionError("HTTPSConnection(host='portfolio-python-entreprise.onrender.com', port=443): Failed to resolve 'portfolio-python-entreprise.onrender.com' ([Errno 11001] getaddrinfo failed)"))
2026-09-15 02:57:34,347 - WARNING - Synchronisation différée: HTTPSConnectionPool(host='portfolio-python-entreprise.onrender.com', port=443): Max retries exceeded with url: /ventes/synchroniser (Caused by NameResolutionError("HTTPSConnection(host='portfolio-python-entreprise.onrender.com', port=443): Failed to resolve 'portfolio-python-entreprise.onrender.com' ([Errno 11001] getaddrinfo failed)"))
2026-09-15 02:58:04,399 - WARNING - Synchronisation différée: HTTPSConnectionPool(host='portfolio-python-entreprise.onrender.com', port=443): Max retries exceeded with url: /ventes/synchroniser (Caused by NameResolutionError("HTTPSConnection(host='portfolio-python-entreprise.onrender.com', port=443): Failed to resolve 'portfolio-python-entreprise.onrender.com' ([Errno 11001] getaddrinfo failed)"))
2026-09-15 02:58:34,360 - WARNING - Synchronisation différée: HTTPSConnectionPool(host='portfolio-python-entreprise.onrender.com', port=443): Max retries exceeded with url: /ventes/synchroniser (Caused by NameResolutionError("HTTPSConnection(host='portfolio-python-entreprise.onrender.com', port=443): Failed to resolve 'portfolio-python-entreprise.onrender.com' ([Errno 11001] getaddrinfo failed)"))
2026-09-15 02:59:04,433 - WARNING - Synchronisation différée: HTTPSConnectionPool(host='portfolio-python-entreprise.onrender.com', port=443): Max retries exceeded with url: /ventes/synchroniser (Caused by NameResolutionError("HTTPSConnection(host='portfolio-python-entreprise.onrender.com', port=443): Failed to resolve 'portfolio-python-entreprise.onrender.com' ([Errno 11001] getaddrinfo failed)"))
2026-09-15 02:59:34,405 - WARNING - Synchronisation différée: HTTPSConnectionPool(host='portfolio-python-entreprise.onrender.com', port=443): Max retries exceeded with url: /ventes/synchroniser (Caused by NameResolutionError("HTTPSConnection(host='portfolio-python-entreprise.onrender.com', port=443): Failed to resolve 'portfolio-python-entreprise.onrender.com' ([Errno 11001] getaddrinfo failed)"))
2026-09-15 03:00:04,406 - WARNING - Synchronisation différée: HTTPSConnectionPool(host='portfolio-python-entreprise.onrender.com', port=443): Max retries exceeded with url: /ventes/synchroniser (Caused by NameResolutionError("HTTPSConnection(host='portfolio-python-entreprise.onrender.com', port=443): Failed to resolve 'portfolio-python-entreprise.onrender.com' ([Errno 11001] getaddrinfo failed)"))
2026-09-15 03:00:34,468 - WARNING - Synchronisation différée: HTTPSConnectionPool(host='portfolio-python-entreprise.onrender.com', port=443): Max retries exceeded with url: /ventes/synchroniser (Caused by NameResolutionError("HTTPSConnection(host='portfolio-python-entreprise.onrender.com', port=443): Failed to resolve 'portfolio-python-entreprise.onrender.com' ([Errno 11001] getaddrinfo failed)"))
2026-09-15 03:01:04,481 - WARNING - Synchronisation différée: HTTPSConnectionPool(host='portfolio-python-entreprise.onrender.com', port=443): Max retries exceeded with url: /ventes/synchroniser (Caused by NameResolutionError("HTTPSConnection(host='portfolio-python-entreprise.onrender.com', port=443): Failed to resolve 'portfolio-python-entreprise.onrender.com' ([Errno 11001] getaddrinfo failed)"))
2026-09-15 03:01:34,499 - WARNING - Synchronisation différée: HTTPSConnectionPool(host='portfolio-python-entreprise.onrender.com', port=443): Max retries exceeded with url: /ventes/synchroniser (Caused by NameResolutionError("HTTPSConnection(host='portfolio-python-entreprise.onrender.com', port=443): Failed to resolve 'portfolio-python-entreprise.onrender.com' ([Errno 11001] getaddrinfo failed)"))
2026-09-15 03:02:04,423 - WARNING - Synchronisation différée: HTTPSConnectionPool(host='portfolio-python-entreprise.onrender.com', port=443): Max retries exceeded with url: /ventes/synchroniser (Caused by NameResolutionError("HTTPSConnection(host='portfolio-python-entreprise.onrender.com', port=443): Failed to resolve 'portfolio-python-entreprise.onrender.com' ([Errno 11001] getaddrinfo failed)"))
2026-09-15 03:02:34,510 - WARNING - Synchronisation différée: HTTPSConnectionPool(host='portfolio-python-entreprise.onrender.com', port=443): Max retries exceeded with url: /ventes/synchroniser (Caused by NameResolutionError("HTTPSConnection(host='portfolio-python-entreprise.onrender.com', port=443): Failed to resolve 'portfolio-python-entreprise.onrender.com' ([Errno 11001] getaddrinfo failed)"))
2026-09-15 03:03:04,487 - WARNING - Synchronisation différée: HTTPSConnectionPool(host='portfolio-python-entreprise.onrender.com', port=443): Max retries exceeded with url: /ventes/synchroniser (Caused by NameResolutionError("HTTPSConnection(host='portfolio-python-entreprise.onrender.com', port=443): Failed to resolve 'portfolio-python-entreprise.onrender.com' ([Errno 11001] getaddrinfo failed)"))
2026-09-15 03:03:34,496 - WARNING - Synchronisation différée: HTTPSConnectionPool(host='portfolio-python-entreprise.onrender.com', port=443): Max retries exceeded with url: /ventes/synchroniser (Caused by NameResolutionError("HTTPSConnection(host='portfolio-python-entreprise.onrender.com', port=443): Failed to resolve 'portfolio-python-entreprise.onrender.com' ([Errno 11001] getaddrinfo failed)"))
2026-09-15 03:04:04,507 - WARNING - Synchronisation différée: HTTPSConnectionPool(host='portfolio-python-entreprise.onrender.com', port=443): Max retries exceeded with url: /ventes/synchroniser (Caused by NameResolutionError("HTTPSConnection(host='portfolio-python-entreprise.onrender.com', port=443): Failed to resolve 'portfolio-python-entreprise.onrender.com' ([Errno 11001] getaddrinfo failed)"))
2026-09-15 03:04:34,533 - WARNING - Synchronisation différée: HTTPSConnectionPool(host='portfolio-python-entreprise.onrender.com', port=443): Max retries exceeded with url: /ventes/synchroniser (Caused by NameResolutionError("HTTPSConnection(host='portfolio-python-entreprise.onrender.com', port=443): Failed to resolve 'portfolio-python-entreprise.onrender.com' ([Errno 11001] getaddrinfo failed)"))
2026-09-15 03:05:04,551 - WARNING - Synchronisation différée: HTTPSConnectionPool(host='portfolio-python-entreprise.onrender.com', port=443): Max retries exceeded with url: /ventes/synchroniser (Caused by NameResolutionError("HTTPSConnection(host='portfolio-python-entreprise.onrender.com', port=443): Failed to resolve 'portfolio-python-entreprise.onrender.com' ([Errno 11001] getaddrinfo failed)"))
2026-09-15 03:05:34,561 - WARNING - Synchronisation différée: HTTPSConnectionPool(host='portfolio-python-entreprise.onrender.com', port=443): Max retries exceeded with url: /ventes/synchroniser (Caused by NameResolutionError("HTTPSConnection(host='portfolio-python-entreprise.onrender.com', port=443): Failed to resolve 'portfolio-python-entreprise.onrender.com' ([Errno 11001] getaddrinfo failed)"))
2026-09-15 03:06:04,571 - WARNING - Synchronisation différée: HTTPSConnectionPool(host='portfolio-python-entreprise.onrender.com', port=443): Max retries exceeded with url: /ventes/synchroniser (Caused by NameResolutionError("HTTPSConnection(host='portfolio-python-entreprise.onrender.com', port=443): Failed to resolve 'portfolio-python-entreprise.onrender.com' ([Errno 11001] getaddrinfo failed)"))
2026-09-15 03:06:34,597 - WARNING - Synchronisation différée: HTTPSConnectionPool(host='portfolio-python-entreprise.onrender.com', port=443): Max retries exceeded with url: /ventes/synchroniser (Caused by NameResolutionError("HTTPSConnection(host='portfolio-python-entreprise.onrender.com', port=443): Failed to resolve 'portfolio-python-entreprise.onrender.com' ([Errno 11001] getaddrinfo failed)"))
2026-09-15 03:07:04,574 - WARNING - Synchronisation différée: HTTPSConnectionPool(host='portfolio-python-entreprise.onrender.com', port=443): Max retries exceeded with url: /ventes/synchroniser (Caused by NameResolutionError("HTTPSConnection(host='portfolio-python-entreprise.onrender.com', port=443): Failed to resolve 'portfolio-python-entreprise.onrender.com' ([Errno 11001] getaddrinfo failed)"))
2026-09-15 03:07:34,603 - WARNING - Synchronisation différée: HTTPSConnectionPool(host='portfolio-python-entreprise.onrender.com', port=443): Max retries exceeded with url: /ventes/synchroniser (Caused by NameResolutionError("HTTPSConnection(host='portfolio-python-entreprise.onrender.com', port=443): Failed to resolve 'portfolio-python-entreprise.onrender.com' ([Errno 11001] getaddrinfo failed)"))
2026-09-15 03:08:04,571 - WARNING - Synchronisation différée: HTTPSConnectionPool(host='portfolio-python-entreprise.onrender.com', port=443): Max retries exceeded with url: /ventes/synchroniser (Caused by NameResolutionError("HTTPSConnection(host='portfolio-python-entreprise.onrender.com', port=443): Failed to resolve 'portfolio-python-entreprise.onrender.com' ([Errno 11001] getaddrinfo failed)"))
2026-09-15 03:08:34,597 - WARNING - Synchronisation différée: HTTPSConnectionPool(host='portfolio-python-entreprise.onrender.com', port=443): Max retries exceeded with url: /ventes/synchroniser (Caused by NameResolutionError("HTTPSConnection(host='portfolio-python-entreprise.onrender.com', port=443): Failed to resolve 'portfolio-python-entreprise.onrender.com' ([Errno 11001] getaddrinfo failed)"))
2026-09-15 03:09:04,591 - WARNING - Synchronisation différée: HTTPSConnectionPool(host='portfolio-python-entreprise.onrender.com', port=443): Max retries exceeded with url: /ventes/synchroniser (Caused by NameResolutionError("HTTPSConnection(host='portfolio-python-entreprise.onrender.com', port=443): Failed to resolve 'portfolio-python-entreprise.onrender.com' ([Errno 11001] getaddrinfo failed)"))
2026-09-15 03:09:34,638 - WARNING - Synchronisation différée: HTTPSConnectionPool(host='portfolio-python-entreprise.onrender.com', port=443): Max retries exceeded with url: /ventes/synchroniser (Caused by NameResolutionError("HTTPSConnection(host='portfolio-python-entreprise.onrender.com', port=443): Failed to resolve 'portfolio-python-entreprise.onrender.com' ([Errno 11001] getaddrinfo failed)"))
2026-09-15 03:10:04,594 - WARNING - Synchronisation différée: HTTPSConnectionPool(host='portfolio-python-entreprise.onrender.com', port=443): Max retries exceeded with url: /ventes/synchroniser (Caused by NameResolutionError("HTTPSConnection(host='portfolio-python-entreprise.onrender.com', port=443): Failed to resolve 'portfolio-python-entreprise.onrender.com' ([Errno 11001] getaddrinfo failed)"))
2026-09-15 03:10:34,677 - WARNING - Synchronisation différée: HTTPSConnectionPool(host='portfolio-python-entreprise.onrender.com', port=443): Max retries exceeded with url: /ventes/synchroniser (Caused by NameResolutionError("HTTPSConnection(host='portfolio-python-entreprise.onrender.com', port=443): Failed to resolve 'portfolio-python-entreprise.onrender.com' ([Errno 11001] getaddrinfo failed)"))
2026-09-15 03:11:04,668 - WARNING - Synchronisation différée: HTTPSConnectionPool(host='portfolio-python-entreprise.onrender.com', port=443): Max retries exceeded with url: /ventes/synchroniser (Caused by NameResolutionError("HTTPSConnection(host='portfolio-python-entreprise.onrender.com', port=443): Failed to resolve 'portfolio-python-entreprise.onrender.com' ([Errno 11001] getaddrinfo failed)"))
2026-09-15 03:11:34,630 - WARNING - Synchronisation différée: HTTPSConnectionPool(host='portfolio-python-entreprise.onrender.com', port=443): Max retries exceeded with url: /ventes/synchroniser (Caused by NameResolutionError("HTTPSConnection(host='portfolio-python-entreprise.onrender.com', port=443): Failed to resolve 'portfolio-python-entreprise.onrender.com' ([Errno 11001] getaddrinfo failed)"))
2026-09-15 03:12:04,641 - WARNING - Synchronisation différée: HTTPSConnectionPool(host='portfolio-python-entreprise.onrender.com', port=443): Max retries exceeded with url: /ventes/synchroniser (Caused by NameResolutionError("HTTPSConnection(host='portfolio-python-entreprise.onrender.com', port=443): Failed to resolve 'portfolio-python-entreprise.onrender.com' ([Errno 11001] getaddrinfo failed)"))
2026-09-15 03:12:34,689 - WARNING - Synchronisation différée: HTTPSConnectionPool(host='portfolio-python-entreprise.onrender.com', port=443): Max retries exceeded with url: /ventes/synchroniser (Caused by NameResolutionError("HTTPSConnection(host='portfolio-python-entreprise.onrender.com', port=443): Failed to resolve 'portfolio-python-entreprise.onrender.com' ([Errno 11001] getaddrinfo failed)"))
2026-09-15 03:13:04,677 - WARNING - Synchronisation différée: HTTPSConnectionPool(host='portfolio-python-entreprise.onrender.com', port=443): Max retries exceeded with url: /ventes/synchroniser (Caused by NameResolutionError("HTTPSConnection(host='portfolio-python-entreprise.onrender.com', port=443): Failed to resolve 'portfolio-python-entreprise.onrender.com' ([Errno 11001] getaddrinfo failed)"))
2026-09-15 03:13:34,679 - WARNING - Synchronisation différée: HTTPSConnectionPool(host='portfolio-python-entreprise.onrender.com', port=443): Max retries exceeded with url: /ventes/synchroniser (Caused by NameResolutionError("HTTPSConnection(host='portfolio-python-entreprise.onrender.com', port=443): Failed to resolve 'portfolio-python-entreprise.onrender.com' ([Errno 11001] getaddrinfo failed)"))
2026-09-15 03:14:04,670 - WARNING - Synchronisation différée: HTTPSConnectionPool(host='portfolio-python-entreprise.onrender.com', port=443): Max retries exceeded with url: /ventes/synchroniser (Caused by NameResolutionError("HTTPSConnection(host='portfolio-python-entreprise.onrender.com', port=443): Failed to resolve 'portfolio-python-entreprise.onrender.com' ([Errno 11001] getaddrinfo failed)"))
2026-09-15 03:14:34,712 - WARNING - Synchronisation différée: HTTPSConnectionPool(host='portfolio-python-entreprise.onrender.com', port=443): Max retries exceeded with url: /ventes/synchroniser (Caused by NameResolutionError("HTTPSConnection(host='portfolio-python-entreprise.onrender.com', port=443): Failed to resolve 'portfolio-python-entreprise.onrender.com' ([Errno 11001] getaddrinfo failed)"))
2026-09-15 03:15:04,721 - WARNING - Synchronisation différée: HTTPSConnectionPool(host='portfolio-python-entreprise.onrender.com', port=443): Max retries exceeded with url: /ventes/synchroniser (Caused by NameResolutionError("HTTPSConnection(host='portfolio-python-entreprise.onrender.com', port=443): Failed to resolve 'portfolio-python-entreprise.onrender.com' ([Errno 11001] getaddrinfo failed)"))
2026-09-15 03:15:34,734 - WARNING - Synchronisation différée: HTTPSConnectionPool(host='portfolio-python-entreprise.onrender.com', port=443): Max retries exceeded with url: /ventes/synchroniser (Caused by NameResolutionError("HTTPSConnection(host='portfolio-python-entreprise.onrender.com', port=443): Failed to resolve 'portfolio-python-entreprise.onrender.com' ([Errno 11001] getaddrinfo failed)"))
2026-09-15 03:16:04,726 - WARNING - Synchronisation différée: HTTPSConnectionPool(host='portfolio-python-entreprise.onrender.com', port=443): Max retries exceeded with url: /ventes/synchroniser (Caused by NameResolutionError("HTTPSConnection(host='portfolio-python-entreprise.onrender.com', port=443): Failed to resolve 'portfolio-python-entreprise.onrender.com' ([Errno 11001] getaddrinfo failed)"))
2026-09-15 03:16:34,881 - WARNING - Synchronisation différée: HTTPSConnectionPool(host='portfolio-python-entreprise.onrender.com', port=443): Max retries exceeded with url: /ventes/synchroniser (Caused by NameResolutionError("HTTPSConnection(host='portfolio-python-entreprise.onrender.com', port=443): Failed to resolve 'portfolio-python-entreprise.onrender.com' ([Errno 11001] getaddrinfo failed)"))
2026-09-15 03:17:04,739 - WARNING - Synchronisation différée: HTTPSConnectionPool(host='portfolio-python-entreprise.onrender.com', port=443): Max retries exceeded with url: /ventes/synchroniser (Caused by NameResolutionError("HTTPSConnection(host='portfolio-python-entreprise.onrender.com', port=443): Failed to resolve 'portfolio-python-entreprise.onrender.com' ([Errno 11001] getaddrinfo failed)"))
2026-09-15 03:17:34,795 - WARNING - Synchronisation différée: HTTPSConnectionPool(host='portfolio-python-entreprise.onrender.com', port=443): Max retries exceeded with url: /ventes/synchroniser (Caused by NameResolutionError("HTTPSConnection(host='portfolio-python-entreprise.onrender.com', port=443): Failed to resolve 'portfolio-python-entreprise.onrender.com' ([Errno 11001] getaddrinfo failed)"))
2026-09-15 03:18:04,783 - WARNING - Synchronisation différée: HTTPSConnectionPool(host='portfolio-python-entreprise.onrender.com', port=443): Max retries exceeded with url: /ventes/synchroniser (Caused by NameResolutionError("HTTPSConnection(host='portfolio-python-entreprise.onrender.com', port=443): Failed to resolve 'portfolio-python-entreprise.onrender.com' ([Errno 11001] getaddrinfo failed)"))
2026-09-15 03:18:34,799 - WARNING - Synchronisation différée: HTTPSConnectionPool(host='portfolio-python-entreprise.onrender.com', port=443): Max retries exceeded with url: /ventes/synchroniser (Caused by NameResolutionError("HTTPSConnection(host='portfolio-python-entreprise.onrender.com', port=443): Failed to resolve 'portfolio-python-entreprise.onrender.com' ([Errno 11001] getaddrinfo failed)"))
2026-09-15 03:19:04,891 - WARNING - Synchronisation différée: HTTPSConnectionPool(host='portfolio-python-entreprise.onrender.com', port=443): Max retries exceeded with url: /ventes/synchroniser (Caused by NameResolutionError("HTTPSConnection(host='portfolio-python-entreprise.onrender.com', port=443): Failed to resolve 'portfolio-python-entreprise.onrender.com' ([Errno 11001] getaddrinfo failed)"))
2026-09-15 03:19:34,985 - WARNING - Synchronisation différée: HTTPSConnectionPool(host='portfolio-python-entreprise.onrender.com', port=443): Max retries exceeded with url: /ventes/synchroniser (Caused by NameResolutionError("HTTPSConnection(host='portfolio-python-entreprise.onrender.com', port=443): Failed to resolve 'portfolio-python-entreprise.onrender.com' ([Errno 11001] getaddrinfo failed)"))
2026-09-15 03:20:04,976 - WARNING - Synchronisation différée: HTTPSConnectionPool(host='portfolio-python-entreprise.onrender.com', port=443): Max retries exceeded with url: /ventes/synchroniser (Caused by NameResolutionError("HTTPSConnection(host='portfolio-python-entreprise.onrender.com', port=443): Failed to resolve 'portfolio-python-entreprise.onrender.com' ([Errno 11001] getaddrinfo failed)"))
2026-09-15 03:20:34,866 - WARNING - Synchronisation différée: HTTPSConnectionPool(host='portfolio-python-entreprise.onrender.com', port=443): Max retries exceeded with url: /ventes/synchroniser (Caused by NameResolutionError("HTTPSConnection(host='portfolio-python-entreprise.onrender.com', port=443): Failed to resolve 'portfolio-python-entreprise.onrender.com' ([Errno 11001] getaddrinfo failed)"))
2026-09-15 03:21:04,914 - WARNING - Synchronisation différée: HTTPSConnectionPool(host='portfolio-python-entreprise.onrender.com', port=443): Max retries exceeded with url: /ventes/synchroniser (Caused by NameResolutionError("HTTPSConnection(host='portfolio-python-entreprise.onrender.com', port=443): Failed to resolve 'portfolio-python-entreprise.onrender.com' ([Errno 11001] getaddrinfo failed)"))
2026-09-15 03:21:34,915 - WARNING - Synchronisation différée: HTTPSConnectionPool(host='portfolio-python-entreprise.onrender.com', port=443): Max retries exceeded with url: /ventes/synchroniser (Caused by NameResolutionError("HTTPSConnection(host='portfolio-python-entreprise.onrender.com', port=443): Failed to resolve 'portfolio-python-entreprise.onrender.com' ([Errno 11001] getaddrinfo failed)"))
2026-09-15 03:22:04,933 - WARNING - Synchronisation différée: HTTPSConnectionPool(host='portfolio-python-entreprise.onrender.com', port=443): Max retries exceeded with url: /ventes/synchroniser (Caused by NameResolutionError("HTTPSConnection(host='portfolio-python-entreprise.onrender.com', port=443): Failed to resolve 'portfolio-python-entreprise.onrender.com' ([Errno 11001] getaddrinfo failed)"))
2026-09-15 03:22:34,886 - WARNING - Synchronisation différée: HTTPSConnectionPool(host='portfolio-python-entreprise.onrender.com', port=443): Max retries exceeded with url: /ventes/synchroniser (Caused by NameResolutionError("HTTPSConnection(host='portfolio-python-entreprise.onrender.com', port=443): Failed to resolve 'portfolio-python-entreprise.onrender.com' ([Errno 11001] getaddrinfo failed)"))
2026-09-15 03:23:04,936 - WARNING - Synchronisation différée: HTTPSConnectionPool(host='portfolio-python-entreprise.onrender.com', port=443): Max retries exceeded with url: /ventes/synchroniser (Caused by NameResolutionError("HTTPSConnection(host='portfolio-python-entreprise.onrender.com', port=443): Failed to resolve 'portfolio-python-entreprise.onrender.com' ([Errno 11001] getaddrinfo failed)"))
2026-09-15 03:23:34,941 - WARNING - Synchronisation différée: HTTPSConnectionPool(host='portfolio-python-entreprise.onrender.com', port=443): Max retries exceeded with url: /ventes/synchroniser (Caused by NameResolutionError("HTTPSConnection(host='portfolio-python-entreprise.onrender.com', port=443): Failed to resolve 'portfolio-python-entreprise.onrender.com' ([Errno 11001] getaddrinfo failed)"))
2026-09-15 03:24:04,918 - WARNING - Synchronisation différée: HTTPSConnectionPool(host='portfolio-python-entreprise.onrender.com', port=443): Max retries exceeded with url: /ventes/synchroniser (Caused by NameResolutionError("HTTPSConnection(host='portfolio-python-entreprise.onrender.com', port=443): Failed to resolve 'portfolio-python-entreprise.onrender.com' ([Errno 11001] getaddrinfo failed)"))
2026-09-15 03:24:34,977 - WARNING - Synchronisation différée: HTTPSConnectionPool(host='portfolio-python-entreprise.onrender.com', port=443): Max retries exceeded with url: /ventes/synchroniser (Caused by NameResolutionError("HTTPSConnection(host='portfolio-python-entreprise.onrender.com', port=443): Failed to resolve 'portfolio-python-entreprise.onrender.com' ([Errno 11001] getaddrinfo failed)"))
2026-09-15 03:25:04,946 - WARNING - Synchronisation différée: HTTPSConnectionPool(host='portfolio-python-entreprise.onrender.com', port=443): Max retries exceeded with url: /ventes/synchroniser (Caused by NameResolutionError("HTTPSConnection(host='portfolio-python-entreprise.onrender.com', port=443): Failed to resolve 'portfolio-python-entreprise.onrender.com' ([Errno 11001] getaddrinfo failed)"))
2026-09-15 03:25:34,938 - WARNING - Synchronisation différée: HTTPSConnectionPool(host='portfolio-python-entreprise.onrender.com', port=443): Max retries exceeded with url: /ventes/synchroniser (Caused by NameResolutionError("HTTPSConnection(host='portfolio-python-entreprise.onrender.com', port=443): Failed to resolve 'portfolio-python-entreprise.onrender.com' ([Errno 11001] getaddrinfo failed)"))
2026-09-15 03:26:05,003 - WARNING - Synchronisation différée: HTTPSConnectionPool(host='portfolio-python-entreprise.onrender.com', port=443): Max retries exceeded with url: /ventes/synchroniser (Caused by NameResolutionError("HTTPSConnection(host='portfolio-python-entreprise.onrender.com', port=443): Failed to resolve 'portfolio-python-entreprise.onrender.com' ([Errno 11001] getaddrinfo failed)"))
2026-09-15 03:26:34,978 - WARNING - Synchronisation différée: HTTPSConnectionPool(host='portfolio-python-entreprise.onrender.com', port=443): Max retries exceeded with url: /ventes/synchroniser (Caused by NameResolutionError("HTTPSConnection(host='portfolio-python-entreprise.onrender.com', port=443): Failed to resolve 'portfolio-python-entreprise.onrender.com' ([Errno 11001] getaddrinfo failed)"))
2026-09-15 03:27:05,006 - WARNING - Synchronisation différée: HTTPSConnectionPool(host='portfolio-python-entreprise.onrender.com', port=443): Max retries exceeded with url: /ventes/synchroniser (Caused by NameResolutionError("HTTPSConnection(host='portfolio-python-entreprise.onrender.com', port=443): Failed to resolve 'portfolio-python-entreprise.onrender.com' ([Errno 11001] getaddrinfo failed)"))
2026-09-15 03:27:35,008 - WARNING - Synchronisation différée: HTTPSConnectionPool(host='portfolio-python-entreprise.onrender.com', port=443): Max retries exceeded with url: /ventes/synchroniser (Caused by NameResolutionError("HTTPSConnection(host='portfolio-python-entreprise.onrender.com', port=443): Failed to resolve 'portfolio-python-entreprise.onrender.com' ([Errno 11001] getaddrinfo failed)"))
2026-09-15 03:28:05,012 - WARNING - Synchronisation différée: HTTPSConnectionPool(host='portfolio-python-entreprise.onrender.com', port=443): Max retries exceeded with url: /ventes/synchroniser (Caused by NameResolutionError("HTTPSConnection(host='portfolio-python-entreprise.onrender.com', port=443): Failed to resolve 'portfolio-python-entreprise.onrender.com' ([Errno 11001] getaddrinfo failed)"))
2026-09-15 03:28:34,997 - WARNING - Synchronisation différée: HTTPSConnectionPool(host='portfolio-python-entreprise.onrender.com', port=443): Max retries exceeded with url: /ventes/synchroniser (Caused by NameResolutionError("HTTPSConnection(host='portfolio-python-entreprise.onrender.com', port=443): Failed to resolve 'portfolio-python-entreprise.onrender.com' ([Errno 11001] getaddrinfo failed)"))
2026-09-15 03:29:05,013 - WARNING - Synchronisation différée: HTTPSConnectionPool(host='portfolio-python-entreprise.onrender.com', port=443): Max retries exceeded with url: /ventes/synchroniser (Caused by NameResolutionError("HTTPSConnection(host='portfolio-python-entreprise.onrender.com', port=443): Failed to resolve 'portfolio-python-entreprise.onrender.com' ([Errno 11001] getaddrinfo failed)"))
2026-09-15 03:29:35,024 - WARNING - Synchronisation différée: HTTPSConnectionPool(host='portfolio-python-entreprise.onrender.com', port=443): Max retries exceeded with url: /ventes/synchroniser (Caused by NameResolutionError("HTTPSConnection(host='portfolio-python-entreprise.onrender.com', port=443): Failed to resolve 'portfolio-python-entreprise.onrender.com' ([Errno 11001] getaddrinfo failed)"))
2026-09-15 03:30:05,027 - WARNING - Synchronisation différée: HTTPSConnectionPool(host='portfolio-python-entreprise.onrender.com', port=443): Max retries exceeded with url: /ventes/synchroniser (Caused by NameResolutionError("HTTPSConnection(host='portfolio-python-entreprise.onrender.com', port=443): Failed to resolve 'portfolio-python-entreprise.onrender.com' ([Errno 11001] getaddrinfo failed)"))
2026-09-15 03:30:35,052 - WARNING - Synchronisation différée: HTTPSConnectionPool(host='portfolio-python-entreprise.onrender.com', port=443): Max retries exceeded with url: /ventes/synchroniser (Caused by NameResolutionError("HTTPSConnection(host='portfolio-python-entreprise.onrender.com', port=443): Failed to resolve 'portfolio-python-entreprise.onrender.com' ([Errno 11001] getaddrinfo failed)"))
2026-09-15 03:31:05,038 - WARNING - Synchronisation différée: HTTPSConnectionPool(host='portfolio-python-entreprise.onrender.com', port=443): Max retries exceeded with url: /ventes/synchroniser (Caused by NameResolutionError("HTTPSConnection(host='portfolio-python-entreprise.onrender.com', port=443): Failed to resolve 'portfolio-python-entreprise.onrender.com' ([Errno 11001] getaddrinfo failed)"))
2026-09-15 03:31:35,078 - WARNING - Synchronisation différée: HTTPSConnectionPool(host='portfolio-python-entreprise.onrender.com', port=443): Max retries exceeded with url: /ventes/synchroniser (Caused by NameResolutionError("HTTPSConnection(host='portfolio-python-entreprise.onrender.com', port=443): Failed to resolve 'portfolio-python-entreprise.onrender.com' ([Errno 11001] getaddrinfo failed)"))
2026-09-15 03:32:05,088 - WARNING - Synchronisation différée: HTTPSConnectionPool(host='portfolio-python-entreprise.onrender.com', port=443): Max retries exceeded with url: /ventes/synchroniser (Caused by NameResolutionError("HTTPSConnection(host='portfolio-python-entreprise.onrender.com', port=443): Failed to resolve 'portfolio-python-entreprise.onrender.com' ([Errno 11001] getaddrinfo failed)"))
2026-09-15 03:32:35,097 - WARNING - Synchronisation différée: HTTPSConnectionPool(host='portfolio-python-entreprise.onrender.com', port=443): Max retries exceeded with url: /ventes/synchroniser (Caused by NameResolutionError("HTTPSConnection(host='portfolio-python-entreprise.onrender.com', port=443): Failed to resolve 'portfolio-python-entreprise.onrender.com' ([Errno 11001] getaddrinfo failed)"))
2026-09-15 03:33:05,099 - WARNING - Synchronisation différée: HTTPSConnectionPool(host='portfolio-python-entreprise.onrender.com', port=443): Max retries exceeded with url: /ventes/synchroniser (Caused by NameResolutionError("HTTPSConnection(host='portfolio-python-entreprise.onrender.com', port=443): Failed to resolve 'portfolio-python-entreprise.onrender.com' ([Errno 11001] getaddrinfo failed)"))
2026-09-15 03:33:35,117 - WARNING - Synchronisation différée: HTTPSConnectionPool(host='portfolio-python-entreprise.onrender.com', port=443): Max retries exceeded with url: /ventes/synchroniser (Caused by NameResolutionError("HTTPSConnection(host='portfolio-python-entreprise.onrender.com', port=443): Failed to resolve 'portfolio-python-entreprise.onrender.com' ([Errno 11001] getaddrinfo failed)"))
2026-09-15 03:34:05,089 - WARNING - Synchronisation différée: HTTPSConnectionPool(host='portfolio-python-entreprise.onrender.com', port=443): Max retries exceeded with url: /ventes/synchroniser (Caused by NameResolutionError("HTTPSConnection(host='portfolio-python-entreprise.onrender.com', port=443): Failed to resolve 'portfolio-python-entreprise.onrender.com' ([Errno 11001] getaddrinfo failed)"))
2026-09-15 03:34:35,115 - WARNING - Synchronisation différée: HTTPSConnectionPool(host='portfolio-python-entreprise.onrender.com', port=443): Max retries exceeded with url: /ventes/synchroniser (Caused by NameResolutionError("HTTPSConnection(host='portfolio-python-entreprise.onrender.com', port=443): Failed to resolve 'portfolio-python-entreprise.onrender.com' ([Errno 11001] getaddrinfo failed)"))
2026-09-15 03:35:05,133 - WARNING - Synchronisation différée: HTTPSConnectionPool(host='portfolio-python-entreprise.onrender.com', port=443): Max retries exceeded with url: /ventes/synchroniser (Caused by NameResolutionError("HTTPSConnection(host='portfolio-python-entreprise.onrender.com', port=443): Failed to resolve 'portfolio-python-entreprise.onrender.com' ([Errno 11001] getaddrinfo failed)"))
2026-09-15 03:35:35,140 - WARNING - Synchronisation différée: HTTPSConnectionPool(host='portfolio-python-entreprise.onrender.com', port=443): Max retries exceeded with url: /ventes/synchroniser (Caused by NameResolutionError("HTTPSConnection(host='portfolio-python-entreprise.onrender.com', port=443): Failed to resolve 'portfolio-python-entreprise.onrender.com' ([Errno 11001] getaddrinfo failed)"))
2026-09-15 03:36:05,174 - WARNING - Synchronisation différée: HTTPSConnectionPool(host='portfolio-python-entreprise.onrender.com', port=443): Max retries exceeded with url: /ventes/synchroniser (Caused by NameResolutionError("HTTPSConnection(host='portfolio-python-entreprise.onrender.com', port=443): Failed to resolve 'portfolio-python-entreprise.onrender.com' ([Errno 11001] getaddrinfo failed)"))
2026-09-15 03:36:35,154 - WARNING - Synchronisation différée: HTTPSConnectionPool(host='portfolio-python-entreprise.onrender.com', port=443): Max retries exceeded with url: /ventes/synchroniser (Caused by NameResolutionError("HTTPSConnection(host='portfolio-python-entreprise.onrender.com', port=443): Failed to resolve 'portfolio-python-entreprise.onrender.com' ([Errno 11001] getaddrinfo failed)"))
2026-09-15 03:37:05,158 - WARNING - Synchronisation différée: HTTPSConnectionPool(host='portfolio-python-entreprise.onrender.com', port=443): Max retries exceeded with url: /ventes/synchroniser (Caused by NameResolutionError("HTTPSConnection(host='portfolio-python-entreprise.onrender.com', port=443): Failed to resolve 'portfolio-python-entreprise.onrender.com' ([Errno 11001] getaddrinfo failed)"))
2026-09-15 03:37:35,140 - WARNING - Synchronisation différée: HTTPSConnectionPool(host='portfolio-python-entreprise.onrender.com', port=443): Max retries exceeded with url: /ventes/synchroniser (Caused by NameResolutionError("HTTPSConnection(host='portfolio-python-entreprise.onrender.com', port=443): Failed to resolve 'portfolio-python-entreprise.onrender.com' ([Errno 11001] getaddrinfo failed)"))
2026-09-15 03:38:05,197 - WARNING - Synchronisation différée: HTTPSConnectionPool(host='portfolio-python-entreprise.onrender.com', port=443): Max retries exceeded with url: /ventes/synchroniser (Caused by NameResolutionError("HTTPSConnection(host='portfolio-python-entreprise.onrender.com', port=443): Failed to resolve 'portfolio-python-entreprise.onrender.com' ([Errno 11001] getaddrinfo failed)"))
2026-09-15 03:38:35,169 - WARNING - Synchronisation différée: HTTPSConnectionPool(host='portfolio-python-entreprise.onrender.com', port=443): Max retries exceeded with url: /ventes/synchroniser (Caused by NameResolutionError("HTTPSConnection(host='portfolio-python-entreprise.onrender.com', port=443): Failed to resolve 'portfolio-python-entreprise.onrender.com' ([Errno 11001] getaddrinfo failed)"))
2026-09-15 03:39:05,183 - WARNING - Synchronisation différée: HTTPSConnectionPool(host='portfolio-python-entreprise.onrender.com', port=443): Max retries exceeded with url: /ventes/synchroniser (Caused by NameResolutionError("HTTPSConnection(host='portfolio-python-entreprise.onrender.com', port=443): Failed to resolve 'portfolio-python-entreprise.onrender.com' ([Errno 11001] getaddrinfo failed)"))
2026-09-15 03:39:35,163 - WARNING - Synchronisation différée: HTTPSConnectionPool(host='portfolio-python-entreprise.onrender.com', port=443): Max retries exceeded with url: /ventes/synchroniser (Caused by NameResolutionError("HTTPSConnection(host='portfolio-python-entreprise.onrender.com', port=443): Failed to resolve 'portfolio-python-entreprise.onrender.com' ([Errno 11001] getaddrinfo failed)"))
2026-09-15 03:40:05,180 - WARNING - Synchronisation différée: HTTPSConnectionPool(host='portfolio-python-entreprise.onrender.com', port=443): Max retries exceeded with url: /ventes/synchroniser (Caused by NameResolutionError("HTTPSConnection(host='portfolio-python-entreprise.onrender.com', port=443): Failed to resolve 'portfolio-python-entreprise.onrender.com' ([Errno 11001] getaddrinfo failed)"))
2026-09-15 03:40:35,191 - WARNING - Synchronisation différée: HTTPSConnectionPool(host='portfolio-python-entreprise.onrender.com', port=443): Max retries exceeded with url: /ventes/synchroniser (Caused by NameResolutionError("HTTPSConnection(host='portfolio-python-entreprise.onrender.com', port=443): Failed to resolve 'portfolio-python-entreprise.onrender.com' ([Errno 11001] getaddrinfo failed)"))
2026-09-15 03:41:05,182 - WARNING - Synchronisation différée: HTTPSConnectionPool(host='portfolio-python-entreprise.onrender.com', port=443): Max retries exceeded with url: /ventes/synchroniser (Caused by NameResolutionError("HTTPSConnection(host='portfolio-python-entreprise.onrender.com', port=443): Failed to resolve 'portfolio-python-entreprise.onrender.com' ([Errno 11001] getaddrinfo failed)"))
2026-09-15 03:41:35,230 - WARNING - Synchronisation différée: HTTPSConnectionPool(host='portfolio-python-entreprise.onrender.com', port=443): Max retries exceeded with url: /ventes/synchroniser (Caused by NameResolutionError("HTTPSConnection(host='portfolio-python-entreprise.onrender.com', port=443): Failed to resolve 'portfolio-python-entreprise.onrender.com' ([Errno 11001] getaddrinfo failed)"))
2026-09-15 03:42:05,248 - WARNING - Synchronisation différée: HTTPSConnectionPool(host='portfolio-python-entreprise.onrender.com', port=443): Max retries exceeded with url: /ventes/synchroniser (Caused by NameResolutionError("HTTPSConnection(host='portfolio-python-entreprise.onrender.com', port=443): Failed to resolve 'portfolio-python-entreprise.onrender.com' ([Errno 11001] getaddrinfo failed)"))
2026-09-15 03:42:35,244 - WARNING - Synchronisation différée: HTTPSConnectionPool(host='portfolio-python-entreprise.onrender.com', port=443): Max retries exceeded with url: /ventes/synchroniser (Caused by NameResolutionError("HTTPSConnection(host='portfolio-python-entreprise.onrender.com', port=443): Failed to resolve 'portfolio-python-entreprise.onrender.com' ([Errno 11001] getaddrinfo failed)"))
2026-09-15 03:43:05,279 - WARNING - Synchronisation différée: HTTPSConnectionPool(host='portfolio-python-entreprise.onrender.com', port=443): Max retries exceeded with url: /ventes/synchroniser (Caused by NameResolutionError("HTTPSConnection(host='portfolio-python-entreprise.onrender.com', port=443): Failed to resolve 'portfolio-python-entreprise.onrender.com' ([Errno 11001] getaddrinfo failed)"))
2026-09-15 03:43:35,263 - WARNING - Synchronisation différée: HTTPSConnectionPool(host='portfolio-python-entreprise.onrender.com', port=443): Max retries exceeded with url: /ventes/synchroniser (Caused by NameResolutionError("HTTPSConnection(host='portfolio-python-entreprise.onrender.com', port=443): Failed to resolve 'portfolio-python-entreprise.onrender.com' ([Errno 11001] getaddrinfo failed)"))
2026-09-15 03:44:05,182 - WARNING - Synchronisation différée: HTTPSConnectionPool(host='portfolio-python-entreprise.onrender.com', port=443): Max retries exceeded with url: /ventes/synchroniser (Caused by NameResolutionError("HTTPSConnection(host='portfolio-python-entreprise.onrender.com', port=443): Failed to resolve 'portfolio-python-entreprise.onrender.com' ([Errno 11001] getaddrinfo failed)"))
2026-09-15 03:44:35,236 - WARNING - Synchronisation différée: HTTPSConnectionPool(host='portfolio-python-entreprise.onrender.com', port=443): Max retries exceeded with url: /ventes/synchroniser (Caused by NameResolutionError("HTTPSConnection(host='portfolio-python-entreprise.onrender.com', port=443): Failed to resolve 'portfolio-python-entreprise.onrender.com' ([Errno 11001] getaddrinfo failed)"))
2026-09-15 03:45:05,292 - WARNING - Synchronisation différée: HTTPSConnectionPool(host='portfolio-python-entreprise.onrender.com', port=443): Max retries exceeded with url: /ventes/synchroniser (Caused by NameResolutionError("HTTPSConnection(host='portfolio-python-entreprise.onrender.com', port=443): Failed to resolve 'portfolio-python-entreprise.onrender.com' ([Errno 11001] getaddrinfo failed)"))
2026-09-15 03:45:35,220 - WARNING - Synchronisation différée: HTTPSConnectionPool(host='portfolio-python-entreprise.onrender.com', port=443): Max retries exceeded with url: /ventes/synchroniser (Caused by NameResolutionError("HTTPSConnection(host='portfolio-python-entreprise.onrender.com', port=443): Failed to resolve 'portfolio-python-entreprise.onrender.com' ([Errno 11001] getaddrinfo failed)"))
2026-09-15 03:46:05,307 - WARNING - Synchronisation différée: HTTPSConnectionPool(host='portfolio-python-entreprise.onrender.com', port=443): Max retries exceeded with url: /ventes/synchroniser (Caused by NameResolutionError("HTTPSConnection(host='portfolio-python-entreprise.onrender.com', port=443): Failed to resolve 'portfolio-python-entreprise.onrender.com' ([Errno 11001] getaddrinfo failed)"))
2026-09-15 03:46:35,372 - WARNING - Synchronisation différée: HTTPSConnectionPool(host='portfolio-python-entreprise.onrender.com', port=443): Max retries exceeded with url: /ventes/synchroniser (Caused by NameResolutionError("HTTPSConnection(host='portfolio-python-entreprise.onrender.com', port=443): Failed to resolve 'portfolio-python-entreprise.onrender.com' ([Errno 11001] getaddrinfo failed)"))
2026-09-15 03:47:05,260 - WARNING - Synchronisation différée: HTTPSConnectionPool(host='portfolio-python-entreprise.onrender.com', port=443): Max retries exceeded with url: /ventes/synchroniser (Caused by NameResolutionError("HTTPSConnection(host='portfolio-python-entreprise.onrender.com', port=443): Failed to resolve 'portfolio-python-entreprise.onrender.com' ([Errno 11001] getaddrinfo failed)"))
2026-09-15 03:47:35,303 - WARNING - Synchronisation différée: HTTPSConnectionPool(host='portfolio-python-entreprise.onrender.com', port=443): Max retries exceeded with url: /ventes/synchroniser (Caused by NameResolutionError("HTTPSConnection(host='portfolio-python-entreprise.onrender.com', port=443): Failed to resolve 'portfolio-python-entreprise.onrender.com' ([Errno 11001] getaddrinfo failed)"))
2026-09-15 03:48:05,318 - WARNING - Synchronisation différée: HTTPSConnectionPool(host='portfolio-python-entreprise.onrender.com', port=443): Max retries exceeded with url: /ventes/synchroniser (Caused by NameResolutionError("HTTPSConnection(host='portfolio-python-entreprise.onrender.com', port=443): Failed to resolve 'portfolio-python-entreprise.onrender.com' ([Errno 11001] getaddrinfo failed)"))
2026-09-15 03:48:35,272 - WARNING - Synchronisation différée: HTTPSConnectionPool(host='portfolio-python-entreprise.onrender.com', port=443): Max retries exceeded with url: /ventes/synchroniser (Caused by NameResolutionError("HTTPSConnection(host='portfolio-python-entreprise.onrender.com', port=443): Failed to resolve 'portfolio-python-entreprise.onrender.com' ([Errno 11001] getaddrinfo failed)"))
2026-09-15 03:49:05,289 - WARNING - Synchronisation différée: HTTPSConnectionPool(host='portfolio-python-entreprise.onrender.com', port=443): Max retries exceeded with url: /ventes/synchroniser (Caused by NameResolutionError("HTTPSConnection(host='portfolio-python-entreprise.onrender.com', port=443): Failed to resolve 'portfolio-python-entreprise.onrender.com' ([Errno 11001] getaddrinfo failed)"))
2026-09-15 03:49:35,338 - WARNING - Synchronisation différée: HTTPSConnectionPool(host='portfolio-python-entreprise.onrender.com', port=443): Max retries exceeded with url: /ventes/synchroniser (Caused by NameResolutionError("HTTPSConnection(host='portfolio-python-entreprise.onrender.com', port=443): Failed to resolve 'portfolio-python-entreprise.onrender.com' ([Errno 11001] getaddrinfo failed)"))
2026-09-15 03:50:05,310 - WARNING - Synchronisation différée: HTTPSConnectionPool(host='portfolio-python-entreprise.onrender.com', port=443): Max retries exceeded with url: /ventes/synchroniser (Caused by NameResolutionError("HTTPSConnection(host='portfolio-python-entreprise.onrender.com', port=443): Failed to resolve 'portfolio-python-entreprise.onrender.com' ([Errno 11001] getaddrinfo failed)"))
2026-09-15 03:50:35,353 - WARNING - Synchronisation différée: HTTPSConnectionPool(host='portfolio-python-entreprise.onrender.com', port=443): Max retries exceeded with url: /ventes/synchroniser (Caused by NameResolutionError("HTTPSConnection(host='portfolio-python-entreprise.onrender.com', port=443): Failed to resolve 'portfolio-python-entreprise.onrender.com' ([Errno 11001] getaddrinfo failed)"))
2026-09-15 03:51:05,305 - WARNING - Synchronisation différée: HTTPSConnectionPool(host='portfolio-python-entreprise.onrender.com', port=443): Max retries exceeded with url: /ventes/synchroniser (Caused by NameResolutionError("HTTPSConnection(host='portfolio-python-entreprise.onrender.com', port=443): Failed to resolve 'portfolio-python-entreprise.onrender.com' ([Errno 11001] getaddrinfo failed)"))
2026-09-15 03:51:35,331 - WARNING - Synchronisation différée: HTTPSConnectionPool(host='portfolio-python-entreprise.onrender.com', port=443): Max retries exceeded with url: /ventes/synchroniser (Caused by NameResolutionError("HTTPSConnection(host='portfolio-python-entreprise.onrender.com', port=443): Failed to resolve 'portfolio-python-entreprise.onrender.com' ([Errno 11001] getaddrinfo failed)"))
2026-09-15 03:52:05,333 - WARNING - Synchronisation différée: HTTPSConnectionPool(host='portfolio-python-entreprise.onrender.com', port=443): Max retries exceeded with url: /ventes/synchroniser (Caused by NameResolutionError("HTTPSConnection(host='portfolio-python-entreprise.onrender.com', port=443): Failed to resolve 'portfolio-python-entreprise.onrender.com' ([Errno 11001] getaddrinfo failed)"))
2026-09-15 03:52:35,422 - WARNING - Synchronisation différée: HTTPSConnectionPool(host='portfolio-python-entreprise.onrender.com', port=443): Max retries exceeded with url: /ventes/synchroniser (Caused by NameResolutionError("HTTPSConnection(host='portfolio-python-entreprise.onrender.com', port=443): Failed to resolve 'portfolio-python-entreprise.onrender.com' ([Errno 11001] getaddrinfo failed)"))
2026-09-15 03:53:05,352 - WARNING - Synchronisation différée: HTTPSConnectionPool(host='portfolio-python-entreprise.onrender.com', port=443): Max retries exceeded with url: /ventes/synchroniser (Caused by NameResolutionError("HTTPSConnection(host='portfolio-python-entreprise.onrender.com', port=443): Failed to resolve 'portfolio-python-entreprise.onrender.com' ([Errno 11001] getaddrinfo failed)"))
2026-09-15 03:53:35,434 - WARNING - Synchronisation différée: HTTPSConnectionPool(host='portfolio-python-entreprise.onrender.com', port=443): Max retries exceeded with url: /ventes/synchroniser (Caused by NameResolutionError("HTTPSConnection(host='portfolio-python-entreprise.onrender.com', port=443): Failed to resolve 'portfolio-python-entreprise.onrender.com' ([Errno 11001] getaddrinfo failed)"))
2026-09-15 03:54:05,397 - WARNING - Synchronisation différée: HTTPSConnectionPool(host='portfolio-python-entreprise.onrender.com', port=443): Max retries exceeded with url: /ventes/synchroniser (Caused by NameResolutionError("HTTPSConnection(host='portfolio-python-entreprise.onrender.com', port=443): Failed to resolve 'portfolio-python-entreprise.onrender.com' ([Errno 11001] getaddrinfo failed)"))
2026-09-15 03:54:35,440 - WARNING - Synchronisation différée: HTTPSConnectionPool(host='portfolio-python-entreprise.onrender.com', port=443): Max retries exceeded with url: /ventes/synchroniser (Caused by NameResolutionError("HTTPSConnection(host='portfolio-python-entreprise.onrender.com', port=443): Failed to resolve 'portfolio-python-entreprise.onrender.com' ([Errno 11001] getaddrinfo failed)"))
2026-09-15 03:55:05,421 - WARNING - Synchronisation différée: HTTPSConnectionPool(host='portfolio-python-entreprise.onrender.com', port=443): Max retries exceeded with url: /ventes/synchroniser (Caused by NameResolutionError("HTTPSConnection(host='portfolio-python-entreprise.onrender.com', port=443): Failed to resolve 'portfolio-python-entreprise.onrender.com' ([Errno 11001] getaddrinfo failed)"))
2026-09-15 03:55:35,401 - WARNING - Synchronisation différée: HTTPSConnectionPool(host='portfolio-python-entreprise.onrender.com', port=443): Max retries exceeded with url: /ventes/synchroniser (Caused by NameResolutionError("HTTPSConnection(host='portfolio-python-entreprise.onrender.com', port=443): Failed to resolve 'portfolio-python-entreprise.onrender.com' ([Errno 11001] getaddrinfo failed)"))
2026-09-15 03:56:05,411 - WARNING - Synchronisation différée: HTTPSConnectionPool(host='portfolio-python-entreprise.onrender.com', port=443): Max retries exceeded with url: /ventes/synchroniser (Caused by NameResolutionError("HTTPSConnection(host='portfolio-python-entreprise.onrender.com', port=443): Failed to resolve 'portfolio-python-entreprise.onrender.com' ([Errno 11001] getaddrinfo failed)"))
2026-09-15 03:56:35,437 - WARNING - Synchronisation différée: HTTPSConnectionPool(host='portfolio-python-entreprise.onrender.com', port=443): Max retries exceeded with url: /ventes/synchroniser (Caused by NameResolutionError("HTTPSConnection(host='portfolio-python-entreprise.onrender.com', port=443): Failed to resolve 'portfolio-python-entreprise.onrender.com' ([Errno 11001] getaddrinfo failed)"))
2026-09-15 03:57:05,477 - WARNING - Synchronisation différée: HTTPSConnectionPool(host='portfolio-python-entreprise.onrender.com', port=443): Max retries exceeded with url: /ventes/synchroniser (Caused by NameResolutionError("HTTPSConnection(host='portfolio-python-entreprise.onrender.com', port=443): Failed to resolve 'portfolio-python-entreprise.onrender.com' ([Errno 11001] getaddrinfo failed)"))
2026-09-15 03:57:35,501 - WARNING - Synchronisation différée: HTTPSConnectionPool(host='portfolio-python-entreprise.onrender.com', port=443): Max retries exceeded with url: /ventes/synchroniser (Caused by NameResolutionError("HTTPSConnection(host='portfolio-python-entreprise.onrender.com', port=443): Failed to resolve 'portfolio-python-entreprise.onrender.com' ([Errno 11001] getaddrinfo failed)"))
2026-09-15 03:58:05,496 - WARNING - Synchronisation différée: HTTPSConnectionPool(host='portfolio-python-entreprise.onrender.com', port=443): Max retries exceeded with url: /ventes/synchroniser (Caused by NameResolutionError("HTTPSConnection(host='portfolio-python-entreprise.onrender.com', port=443): Failed to resolve 'portfolio-python-entreprise.onrender.com' ([Errno 11001] getaddrinfo failed)"))
2026-09-15 03:58:35,476 - WARNING - Synchronisation différée: HTTPSConnectionPool(host='portfolio-python-entreprise.onrender.com', port=443): Max retries exceeded with url: /ventes/synchroniser (Caused by NameResolutionError("HTTPSConnection(host='portfolio-python-entreprise.onrender.com', port=443): Failed to resolve 'portfolio-python-entreprise.onrender.com' ([Errno 11001] getaddrinfo failed)"))
2026-09-15 03:59:05,478 - WARNING - Synchronisation différée: HTTPSConnectionPool(host='portfolio-python-entreprise.onrender.com', port=443): Max retries exceeded with url: /ventes/synchroniser (Caused by NameResolutionError("HTTPSConnection(host='portfolio-python-entreprise.onrender.com', port=443): Failed to resolve 'portfolio-python-entreprise.onrender.com' ([Errno 11001] getaddrinfo failed)"))
2026-09-15 03:59:35,488 - WARNING - Synchronisation différée: HTTPSConnectionPool(host='portfolio-python-entreprise.onrender.com', port=443): Max retries exceeded with url: /ventes/synchroniser (Caused by NameResolutionError("HTTPSConnection(host='portfolio-python-entreprise.onrender.com', port=443): Failed to resolve 'portfolio-python-entreprise.onrender.com' ([Errno 11001] getaddrinfo failed)"))
2026-09-15 04:00:05,489 - WARNING - Synchronisation différée: HTTPSConnectionPool(host='portfolio-python-entreprise.onrender.com', port=443): Max retries exceeded with url: /ventes/synchroniser (Caused by NameResolutionError("HTTPSConnection(host='portfolio-python-entreprise.onrender.com', port=443): Failed to resolve 'portfolio-python-entreprise.onrender.com' ([Errno 11001] getaddrinfo failed)"))
2026-09-15 04:00:35,528 - WARNING - Synchronisation différée: HTTPSConnectionPool(host='portfolio-python-entreprise.onrender.com', port=443): Max retries exceeded with url: /ventes/synchroniser (Caused by NameResolutionError("HTTPSConnection(host='portfolio-python-entreprise.onrender.com', port=443): Failed to resolve 'portfolio-python-entreprise.onrender.com' ([Errno 11001] getaddrinfo failed)"))
2026-09-15 04:01:05,478 - WARNING - Synchronisation différée: HTTPSConnectionPool(host='portfolio-python-entreprise.onrender.com', port=443): Max retries exceeded with url: /ventes/synchroniser (Caused by NameResolutionError("HTTPSConnection(host='portfolio-python-entreprise.onrender.com', port=443): Failed to resolve 'portfolio-python-entreprise.onrender.com' ([Errno 11001] getaddrinfo failed)"))
2026-09-15 04:01:35,525 - WARNING - Synchronisation différée: HTTPSConnectionPool(host='portfolio-python-entreprise.onrender.com', port=443): Max retries exceeded with url: /ventes/synchroniser (Caused by NameResolutionError("HTTPSConnection(host='portfolio-python-entreprise.onrender.com', port=443): Failed to resolve 'portfolio-python-entreprise.onrender.com' ([Errno 11001] getaddrinfo failed)"))
2026-09-15 04:02:05,495 - WARNING - Synchronisation différée: HTTPSConnectionPool(host='portfolio-python-entreprise.onrender.com', port=443): Max retries exceeded with url: /ventes/synchroniser (Caused by NameResolutionError("HTTPSConnection(host='portfolio-python-entreprise.onrender.com', port=443): Failed to resolve 'portfolio-python-entreprise.onrender.com' ([Errno 11001] getaddrinfo failed)"))
2026-09-15 04:02:35,494 - WARNING - Synchronisation différée: HTTPSConnectionPool(host='portfolio-python-entreprise.onrender.com', port=443): Max retries exceeded with url: /ventes/synchroniser (Caused by NameResolutionError("HTTPSConnection(host='portfolio-python-entreprise.onrender.com', port=443): Failed to resolve 'portfolio-python-entreprise.onrender.com' ([Errno 11001] getaddrinfo failed)"))
2026-09-15 04:03:05,540 - WARNING - Synchronisation différée: HTTPSConnectionPool(host='portfolio-python-entreprise.onrender.com', port=443): Max retries exceeded with url: /ventes/synchroniser (Caused by NameResolutionError("HTTPSConnection(host='portfolio-python-entreprise.onrender.com', port=443): Failed to resolve 'portfolio-python-entreprise.onrender.com' ([Errno 11001] getaddrinfo failed)"))
2026-09-15 04:03:35,541 - WARNING - Synchronisation différée: HTTPSConnectionPool(host='portfolio-python-entreprise.onrender.com', port=443): Max retries exceeded with url: /ventes/synchroniser (Caused by NameResolutionError("HTTPSConnection(host='portfolio-python-entreprise.onrender.com', port=443): Failed to resolve 'portfolio-python-entreprise.onrender.com' ([Errno 11001] getaddrinfo failed)"))
2026-09-15 04:04:05,551 - WARNING - Synchronisation différée: HTTPSConnectionPool(host='portfolio-python-entreprise.onrender.com', port=443): Max retries exceeded with url: /ventes/synchroniser (Caused by NameResolutionError("HTTPSConnection(host='portfolio-python-entreprise.onrender.com', port=443): Failed to resolve 'portfolio-python-entreprise.onrender.com' ([Errno 11001] getaddrinfo failed)"))
2026-09-15 04:04:35,560 - WARNING - Synchronisation différée: HTTPSConnectionPool(host='portfolio-python-entreprise.onrender.com', port=443): Max retries exceeded with url: /ventes/synchroniser (Caused by NameResolutionError("HTTPSConnection(host='portfolio-python-entreprise.onrender.com', port=443): Failed to resolve 'portfolio-python-entreprise.onrender.com' ([Errno 11001] getaddrinfo failed)"))
2026-09-15 04:05:05,617 - WARNING - Synchronisation différée: HTTPSConnectionPool(host='portfolio-python-entreprise.onrender.com', port=443): Max retries exceeded with url: /ventes/synchroniser (Caused by NameResolutionError("HTTPSConnection(host='portfolio-python-entreprise.onrender.com', port=443): Failed to resolve 'portfolio-python-entreprise.onrender.com' ([Errno 11001] getaddrinfo failed)"))
2026-09-15 04:05:35,589 - WARNING - Synchronisation différée: HTTPSConnectionPool(host='portfolio-python-entreprise.onrender.com', port=443): Max retries exceeded with url: /ventes/synchroniser (Caused by NameResolutionError("HTTPSConnection(host='portfolio-python-entreprise.onrender.com', port=443): Failed to resolve 'portfolio-python-entreprise.onrender.com' ([Errno 11001] getaddrinfo failed)"))
2026-09-15 04:06:05,635 - WARNING - Synchronisation différée: HTTPSConnectionPool(host='portfolio-python-entreprise.onrender.com', port=443): Max retries exceeded with url: /ventes/synchroniser (Caused by NameResolutionError("HTTPSConnection(host='portfolio-python-entreprise.onrender.com', port=443): Failed to resolve 'portfolio-python-entreprise.onrender.com' ([Errno 11001] getaddrinfo failed)"))
2026-09-15 04:06:35,600 - WARNING - Synchronisation différée: HTTPSConnectionPool(host='portfolio-python-entreprise.onrender.com', port=443): Max retries exceeded with url: /ventes/synchroniser (Caused by NameResolutionError("HTTPSConnection(host='portfolio-python-entreprise.onrender.com', port=443): Failed to resolve 'portfolio-python-entreprise.onrender.com' ([Errno 11001] getaddrinfo failed)"))
2026-09-15 04:07:05,751 - WARNING - Synchronisation différée: HTTPSConnectionPool(host='portfolio-python-entreprise.onrender.com', port=443): Max retries exceeded with url: /ventes/synchroniser (Caused by NameResolutionError("HTTPSConnection(host='portfolio-python-entreprise.onrender.com', port=443): Failed to resolve 'portfolio-python-entreprise.onrender.com' ([Errno 11001] getaddrinfo failed)"))
2026-09-15 04:07:35,601 - WARNING - Synchronisation différée: HTTPSConnectionPool(host='portfolio-python-entreprise.onrender.com', port=443): Max retries exceeded with url: /ventes/synchroniser (Caused by NameResolutionError("HTTPSConnection(host='portfolio-python-entreprise.onrender.com', port=443): Failed to resolve 'portfolio-python-entreprise.onrender.com' ([Errno 11001] getaddrinfo failed)"))
2026-09-15 04:08:05,696 - WARNING - Synchronisation différée: HTTPSConnectionPool(host='portfolio-python-entreprise.onrender.com', port=443): Max retries exceeded with url: /ventes/synchroniser (Caused by NameResolutionError("HTTPSConnection(host='portfolio-python-entreprise.onrender.com', port=443): Failed to resolve 'portfolio-python-entreprise.onrender.com' ([Errno 11001] getaddrinfo failed)"))
2026-09-15 04:08:35,681 - WARNING - Synchronisation différée: HTTPSConnectionPool(host='portfolio-python-entreprise.onrender.com', port=443): Max retries exceeded with url: /ventes/synchroniser (Caused by NameResolutionError("HTTPSConnection(host='portfolio-python-entreprise.onrender.com', port=443): Failed to resolve 'portfolio-python-entreprise.onrender.com' ([Errno 11001] getaddrinfo failed)"))
2026-09-15 04:09:05,638 - WARNING - Synchronisation différée: HTTPSConnectionPool(host='portfolio-python-entreprise.onrender.com', port=443): Max retries exceeded with url: /ventes/synchroniser (Caused by NameResolutionError("HTTPSConnection(host='portfolio-python-entreprise.onrender.com', port=443): Failed to resolve 'portfolio-python-entreprise.onrender.com' ([Errno 11001] getaddrinfo failed)"))
2026-09-15 04:09:35,650 - WARNING - Synchronisation différée: HTTPSConnectionPool(host='portfolio-python-entreprise.onrender.com', port=443): Max retries exceeded with url: /ventes/synchroniser (Caused by NameResolutionError("HTTPSConnection(host='portfolio-python-entreprise.onrender.com', port=443): Failed to resolve 'portfolio-python-entreprise.onrender.com' ([Errno 11001] getaddrinfo failed)"))
2026-09-15 04:10:05,709 - WARNING - Synchronisation différée: HTTPSConnectionPool(host='portfolio-python-entreprise.onrender.com', port=443): Max retries exceeded with url: /ventes/synchroniser (Caused by NameResolutionError("HTTPSConnection(host='portfolio-python-entreprise.onrender.com', port=443): Failed to resolve 'portfolio-python-entreprise.onrender.com' ([Errno 11001] getaddrinfo failed)"))
2026-09-15 04:10:35,689 - WARNING - Synchronisation différée: HTTPSConnectionPool(host='portfolio-python-entreprise.onrender.com', port=443): Max retries exceeded with url: /ventes/synchroniser (Caused by NameResolutionError("HTTPSConnection(host='portfolio-python-entreprise.onrender.com', port=443): Failed to resolve 'portfolio-python-entreprise.onrender.com' ([Errno 11001] getaddrinfo failed)"))
2026-09-15 04:11:05,733 - WARNING - Synchronisation différée: HTTPSConnectionPool(host='portfolio-python-entreprise.onrender.com', port=443): Max retries exceeded with url: /ventes/synchroniser (Caused by NameResolutionError("HTTPSConnection(host='portfolio-python-entreprise.onrender.com', port=443): Failed to resolve 'portfolio-python-entreprise.onrender.com' ([Errno 11001] getaddrinfo failed)"))
2026-09-15 04:11:35,736 - WARNING - Synchronisation différée: HTTPSConnectionPool(host='portfolio-python-entreprise.onrender.com', port=443): Max retries exceeded with url: /ventes/synchroniser (Caused by NameResolutionError("HTTPSConnection(host='portfolio-python-entreprise.onrender.com', port=443): Failed to resolve 'portfolio-python-entreprise.onrender.com' ([Errno 11001] getaddrinfo failed)"))
2026-09-15 04:12:05,769 - WARNING - Synchronisation différée: HTTPSConnectionPool(host='portfolio-python-entreprise.onrender.com', port=443): Max retries exceeded with url: /ventes/synchroniser (Caused by NameResolutionError("HTTPSConnection(host='portfolio-python-entreprise.onrender.com', port=443): Failed to resolve 'portfolio-python-entreprise.onrender.com' ([Errno 11001] getaddrinfo failed)"))
2026-09-15 04:12:35,754 - WARNING - Synchronisation différée: HTTPSConnectionPool(host='portfolio-python-entreprise.onrender.com', port=443): Max retries exceeded with url: /ventes/synchroniser (Caused by NameResolutionError("HTTPSConnection(host='portfolio-python-entreprise.onrender.com', port=443): Failed to resolve 'portfolio-python-entreprise.onrender.com' ([Errno 11001] getaddrinfo failed)"))
2026-09-15 04:13:05,743 - WARNING - Synchronisation différée: HTTPSConnectionPool(host='portfolio-python-entreprise.onrender.com', port=443): Max retries exceeded with url: /ventes/synchroniser (Caused by NameResolutionError("HTTPSConnection(host='portfolio-python-entreprise.onrender.com', port=443): Failed to resolve 'portfolio-python-entreprise.onrender.com' ([Errno 11001] getaddrinfo failed)"))
2026-09-15 04:13:35,703 - WARNING - Synchronisation différée: HTTPSConnectionPool(host='portfolio-python-entreprise.onrender.com', port=443): Max retries exceeded with url: /ventes/synchroniser (Caused by NameResolutionError("HTTPSConnection(host='portfolio-python-entreprise.onrender.com', port=443): Failed to resolve 'portfolio-python-entreprise.onrender.com' ([Errno 11001] getaddrinfo failed)"))
2026-09-15 04:14:05,788 - WARNING - Synchronisation différée: HTTPSConnectionPool(host='portfolio-python-entreprise.onrender.com', port=443): Max retries exceeded with url: /ventes/synchroniser (Caused by NameResolutionError("HTTPSConnection(host='portfolio-python-entreprise.onrender.com', port=443): Failed to resolve 'portfolio-python-entreprise.onrender.com' ([Errno 11001] getaddrinfo failed)"))
2026-09-15 04:14:35,740 - WARNING - Synchronisation différée: HTTPSConnectionPool(host='portfolio-python-entreprise.onrender.com', port=443): Max retries exceeded with url: /ventes/synchroniser (Caused by NameResolutionError("HTTPSConnection(host='portfolio-python-entreprise.onrender.com', port=443): Failed to resolve 'portfolio-python-entreprise.onrender.com' ([Errno 11001] getaddrinfo failed)"))
2026-09-15 04:15:05,779 - WARNING - Synchronisation différée: HTTPSConnectionPool(host='portfolio-python-entreprise.onrender.com', port=443): Max retries exceeded with url: /ventes/synchroniser (Caused by NameResolutionError("HTTPSConnection(host='portfolio-python-entreprise.onrender.com', port=443): Failed to resolve 'portfolio-python-entreprise.onrender.com' ([Errno 11001] getaddrinfo failed)"))
2026-09-15 04:15:35,789 - WARNING - Synchronisation différée: HTTPSConnectionPool(host='portfolio-python-entreprise.onrender.com', port=443): Max retries exceeded with url: /ventes/synchroniser (Caused by NameResolutionError("HTTPSConnection(host='portfolio-python-entreprise.onrender.com', port=443): Failed to resolve 'portfolio-python-entreprise.onrender.com' ([Errno 11001] getaddrinfo failed)"))
2026-09-15 04:16:05,849 - WARNING - Synchronisation différée: HTTPSConnectionPool(host='portfolio-python-entreprise.onrender.com', port=443): Max retries exceeded with url: /ventes/synchroniser (Caused by NameResolutionError("HTTPSConnection(host='portfolio-python-entreprise.onrender.com', port=443): Failed to resolve 'portfolio-python-entreprise.onrender.com' ([Errno 11001] getaddrinfo failed)"))
2026-09-15 04:16:35,885 - WARNING - Synchronisation différée: HTTPSConnectionPool(host='portfolio-python-entreprise.onrender.com', port=443): Max retries exceeded with url: /ventes/synchroniser (Caused by NameResolutionError("HTTPSConnection(host='portfolio-python-entreprise.onrender.com', port=443): Failed to resolve 'portfolio-python-entreprise.onrender.com' ([Errno 11001] getaddrinfo failed)"))
2026-09-15 04:17:05,803 - WARNING - Synchronisation différée: HTTPSConnectionPool(host='portfolio-python-entreprise.onrender.com', port=443): Max retries exceeded with url: /ventes/synchroniser (Caused by NameResolutionError("HTTPSConnection(host='portfolio-python-entreprise.onrender.com', port=443): Failed to resolve 'portfolio-python-entreprise.onrender.com' ([Errno 11001] getaddrinfo failed)"))
2026-09-15 04:17:35,791 - WARNING - Synchronisation différée: HTTPSConnectionPool(host='portfolio-python-entreprise.onrender.com', port=443): Max retries exceeded with url: /ventes/synchroniser (Caused by NameResolutionError("HTTPSConnection(host='portfolio-python-entreprise.onrender.com', port=443): Failed to resolve 'portfolio-python-entreprise.onrender.com' ([Errno 11001] getaddrinfo failed)"))
2026-09-15 04:18:05,822 - WARNING - Synchronisation différée: HTTPSConnectionPool(host='portfolio-python-entreprise.onrender.com', port=443): Max retries exceeded with url: /ventes/synchroniser (Caused by NameResolutionError("HTTPSConnection(host='portfolio-python-entreprise.onrender.com', port=443): Failed to resolve 'portfolio-python-entreprise.onrender.com' ([Errno 11001] getaddrinfo failed)"))
2026-09-15 04:18:35,793 - WARNING - Synchronisation différée: HTTPSConnectionPool(host='portfolio-python-entreprise.onrender.com', port=443): Max retries exceeded with url: /ventes/synchroniser (Caused by NameResolutionError("HTTPSConnection(host='portfolio-python-entreprise.onrender.com', port=443): Failed to resolve 'portfolio-python-entreprise.onrender.com' ([Errno 11001] getaddrinfo failed)"))
2026-09-15 04:19:05,820 - WARNING - Synchronisation différée: HTTPSConnectionPool(host='portfolio-python-entreprise.onrender.com', port=443): Max retries exceeded with url: /ventes/synchroniser (Caused by NameResolutionError("HTTPSConnection(host='portfolio-python-entreprise.onrender.com', port=443): Failed to resolve 'portfolio-python-entreprise.onrender.com' ([Errno 11001] getaddrinfo failed)"))
2026-09-15 04:19:35,821 - WARNING - Synchronisation différée: HTTPSConnectionPool(host='portfolio-python-entreprise.onrender.com', port=443): Max retries exceeded with url: /ventes/synchroniser (Caused by NameResolutionError("HTTPSConnection(host='portfolio-python-entreprise.onrender.com', port=443): Failed to resolve 'portfolio-python-entreprise.onrender.com' ([Errno 11001] getaddrinfo failed)"))
2026-09-15 04:20:05,856 - WARNING - Synchronisation différée: HTTPSConnectionPool(host='portfolio-python-entreprise.onrender.com', port=443): Max retries exceeded with url: /ventes/synchroniser (Caused by NameResolutionError("HTTPSConnection(host='portfolio-python-entreprise.onrender.com', port=443): Failed to resolve 'portfolio-python-entreprise.onrender.com' ([Errno 11001] getaddrinfo failed)"))
2026-09-15 04:20:35,869 - WARNING - Synchronisation différée: HTTPSConnectionPool(host='portfolio-python-entreprise.onrender.com', port=443): Max retries exceeded with url: /ventes/synchroniser (Caused by NameResolutionError("HTTPSConnection(host='portfolio-python-entreprise.onrender.com', port=443): Failed to resolve 'portfolio-python-entreprise.onrender.com' ([Errno 11001] getaddrinfo failed)"))
2026-09-15 04:21:05,834 - WARNING - Synchronisation différée: HTTPSConnectionPool(host='portfolio-python-entreprise.onrender.com', port=443): Max retries exceeded with url: /ventes/synchroniser (Caused by NameResolutionError("HTTPSConnection(host='portfolio-python-entreprise.onrender.com', port=443): Failed to resolve 'portfolio-python-entreprise.onrender.com' ([Errno 11001] getaddrinfo failed)"))
2026-09-15 04:21:38,928 - WARNING - Synchronisation différée: HTTPSConnectionPool(host='portfolio-python-entreprise.onrender.com', port=443): Max retries exceeded with url: /ventes/synchroniser (Caused by NameResolutionError("HTTPSConnection(host='portfolio-python-entreprise.onrender.com', port=443): Failed to resolve 'portfolio-python-entreprise.onrender.com' ([Errno 11001] getaddrinfo failed)"))
2026-09-15 04:22:05,908 - WARNING - Synchronisation différée: HTTPSConnectionPool(host='portfolio-python-entreprise.onrender.com', port=443): Max retries exceeded with url: /ventes/synchroniser (Caused by NameResolutionError("HTTPSConnection(host='portfolio-python-entreprise.onrender.com', port=443): Failed to resolve 'portfolio-python-entreprise.onrender.com' ([Errno 11001] getaddrinfo failed)"))
2026-09-15 04:22:35,845 - WARNING - Synchronisation différée: HTTPSConnectionPool(host='portfolio-python-entreprise.onrender.com', port=443): Max retries exceeded with url: /ventes/synchroniser (Caused by NameResolutionError("HTTPSConnection(host='portfolio-python-entreprise.onrender.com', port=443): Failed to resolve 'portfolio-python-entreprise.onrender.com' ([Errno 11001] getaddrinfo failed)"))
2026-09-15 04:23:05,863 - WARNING - Synchronisation différée: HTTPSConnectionPool(host='portfolio-python-entreprise.onrender.com', port=443): Max retries exceeded with url: /ventes/synchroniser (Caused by NameResolutionError("HTTPSConnection(host='portfolio-python-entreprise.onrender.com', port=443): Failed to resolve 'portfolio-python-entreprise.onrender.com' ([Errno 11001] getaddrinfo failed)"))
2026-09-15 04:23:35,891 - WARNING - Synchronisation différée: HTTPSConnectionPool(host='portfolio-python-entreprise.onrender.com', port=443): Max retries exceeded with url: /ventes/synchroniser (Caused by NameResolutionError("HTTPSConnection(host='portfolio-python-entreprise.onrender.com', port=443): Failed to resolve 'portfolio-python-entreprise.onrender.com' ([Errno 11001] getaddrinfo failed)"))
2026-09-15 04:24:05,933 - WARNING - Synchronisation différée: HTTPSConnectionPool(host='portfolio-python-entreprise.onrender.com', port=443): Max retries exceeded with url: /ventes/synchroniser (Caused by NameResolutionError("HTTPSConnection(host='portfolio-python-entreprise.onrender.com', port=443): Failed to resolve 'portfolio-python-entreprise.onrender.com' ([Errno 11001] getaddrinfo failed)"))
2026-09-15 04:24:35,919 - WARNING - Synchronisation différée: HTTPSConnectionPool(host='portfolio-python-entreprise.onrender.com', port=443): Max retries exceeded with url: /ventes/synchroniser (Caused by NameResolutionError("HTTPSConnection(host='portfolio-python-entreprise.onrender.com', port=443): Failed to resolve 'portfolio-python-entreprise.onrender.com' ([Errno 11001] getaddrinfo failed)"))
2026-09-15 04:25:05,895 - WARNING - Synchronisation différée: HTTPSConnectionPool(host='portfolio-python-entreprise.onrender.com', port=443): Max retries exceeded with url: /ventes/synchroniser (Caused by NameResolutionError("HTTPSConnection(host='portfolio-python-entreprise.onrender.com', port=443): Failed to resolve 'portfolio-python-entreprise.onrender.com' ([Errno 11001] getaddrinfo failed)"))
2026-09-15 04:25:35,969 - WARNING - Synchronisation différée: HTTPSConnectionPool(host='portfolio-python-entreprise.onrender.com', port=443): Max retries exceeded with url: /ventes/synchroniser (Caused by NameResolutionError("HTTPSConnection(host='portfolio-python-entreprise.onrender.com', port=443): Failed to resolve 'portfolio-python-entreprise.onrender.com' ([Errno 11001] getaddrinfo failed)"))
2026-09-15 04:26:05,979 - WARNING - Synchronisation différée: HTTPSConnectionPool(host='portfolio-python-entreprise.onrender.com', port=443): Max retries exceeded with url: /ventes/synchroniser (Caused by NameResolutionError("HTTPSConnection(host='portfolio-python-entreprise.onrender.com', port=443): Failed to resolve 'portfolio-python-entreprise.onrender.com' ([Errno 11001] getaddrinfo failed)"))
2026-09-15 04:26:35,933 - WARNING - Synchronisation différée: HTTPSConnectionPool(host='portfolio-python-entreprise.onrender.com', port=443): Max retries exceeded with url: /ventes/synchroniser (Caused by NameResolutionError("HTTPSConnection(host='portfolio-python-entreprise.onrender.com', port=443): Failed to resolve 'portfolio-python-entreprise.onrender.com' ([Errno 11001] getaddrinfo failed)"))
2026-09-15 04:27:06,043 - WARNING - Synchronisation différée: HTTPSConnectionPool(host='portfolio-python-entreprise.onrender.com', port=443): Max retries exceeded with url: /ventes/synchroniser (Caused by NameResolutionError("HTTPSConnection(host='portfolio-python-entreprise.onrender.com', port=443): Failed to resolve 'portfolio-python-entreprise.onrender.com' ([Errno 11001] getaddrinfo failed)"))
2026-09-15 04:27:36,024 - WARNING - Synchronisation différée: HTTPSConnectionPool(host='portfolio-python-entreprise.onrender.com', port=443): Max retries exceeded with url: /ventes/synchroniser (Caused by NameResolutionError("HTTPSConnection(host='portfolio-python-entreprise.onrender.com', port=443): Failed to resolve 'portfolio-python-entreprise.onrender.com' ([Errno 11001] getaddrinfo failed)"))
2026-09-15 04:28:05,987 - WARNING - Synchronisation différée: HTTPSConnectionPool(host='portfolio-python-entreprise.onrender.com', port=443): Max retries exceeded with url: /ventes/synchroniser (Caused by NameResolutionError("HTTPSConnection(host='portfolio-python-entreprise.onrender.com', port=443): Failed to resolve 'portfolio-python-entreprise.onrender.com' ([Errno 11001] getaddrinfo failed)"))
2026-09-15 04:28:36,010 - WARNING - Synchronisation différée: HTTPSConnectionPool(host='portfolio-python-entreprise.onrender.com', port=443): Max retries exceeded with url: /ventes/synchroniser (Caused by NameResolutionError("HTTPSConnection(host='portfolio-python-entreprise.onrender.com', port=443): Failed to resolve 'portfolio-python-entreprise.onrender.com' ([Errno 11001] getaddrinfo failed)"))
2026-09-15 04:29:06,040 - WARNING - Synchronisation différée: HTTPSConnectionPool(host='portfolio-python-entreprise.onrender.com', port=443): Max retries exceeded with url: /ventes/synchroniser (Caused by NameResolutionError("HTTPSConnection(host='portfolio-python-entreprise.onrender.com', port=443): Failed to resolve 'portfolio-python-entreprise.onrender.com' ([Errno 11001] getaddrinfo failed)"))
2026-09-15 04:29:36,006 - WARNING - Synchronisation différée: HTTPSConnectionPool(host='portfolio-python-entreprise.onrender.com', port=443): Max retries exceeded with url: /ventes/synchroniser (Caused by NameResolutionError("HTTPSConnection(host='portfolio-python-entreprise.onrender.com', port=443): Failed to resolve 'portfolio-python-entreprise.onrender.com' ([Errno 11001] getaddrinfo failed)"))
2026-09-15 04:30:06,065 - WARNING - Synchronisation différée: HTTPSConnectionPool(host='portfolio-python-entreprise.onrender.com', port=443): Max retries exceeded with url: /ventes/synchroniser (Caused by NameResolutionError("HTTPSConnection(host='portfolio-python-entreprise.onrender.com', port=443): Failed to resolve 'portfolio-python-entreprise.onrender.com' ([Errno 11001] getaddrinfo failed)"))
2026-09-15 04:30:36,074 - WARNING - Synchronisation différée: HTTPSConnectionPool(host='portfolio-python-entreprise.onrender.com', port=443): Max retries exceeded with url: /ventes/synchroniser (Caused by NameResolutionError("HTTPSConnection(host='portfolio-python-entreprise.onrender.com', port=443): Failed to resolve 'portfolio-python-entreprise.onrender.com' ([Errno 11001] getaddrinfo failed)"))
2026-09-15 04:31:06,029 - WARNING - Synchronisation différée: HTTPSConnectionPool(host='portfolio-python-entreprise.onrender.com', port=443): Max retries exceeded with url: /ventes/synchroniser (Caused by NameResolutionError("HTTPSConnection(host='portfolio-python-entreprise.onrender.com', port=443): Failed to resolve 'portfolio-python-entreprise.onrender.com' ([Errno 11001] getaddrinfo failed)"))
2026-09-15 04:31:36,094 - WARNING - Synchronisation différée: HTTPSConnectionPool(host='portfolio-python-entreprise.onrender.com', port=443): Max retries exceeded with url: /ventes/synchroniser (Caused by NameResolutionError("HTTPSConnection(host='portfolio-python-entreprise.onrender.com', port=443): Failed to resolve 'portfolio-python-entreprise.onrender.com' ([Errno 11001] getaddrinfo failed)"))
2026-09-15 04:32:05,988 - WARNING - Synchronisation différée: HTTPSConnectionPool(host='portfolio-python-entreprise.onrender.com', port=443): Max retries exceeded with url: /ventes/synchroniser (Caused by NameResolutionError("HTTPSConnection(host='portfolio-python-entreprise.onrender.com', port=443): Failed to resolve 'portfolio-python-entreprise.onrender.com' ([Errno 11001] getaddrinfo failed)"))
2026-09-15 04:32:36,042 - WARNING - Synchronisation différée: HTTPSConnectionPool(host='portfolio-python-entreprise.onrender.com', port=443): Max retries exceeded with url: /ventes/synchroniser (Caused by NameResolutionError("HTTPSConnection(host='portfolio-python-entreprise.onrender.com', port=443): Failed to resolve 'portfolio-python-entreprise.onrender.com' ([Errno 11001] getaddrinfo failed)"))
2026-09-15 04:33:06,041 - WARNING - Synchronisation différée: HTTPSConnectionPool(host='portfolio-python-entreprise.onrender.com', port=443): Max retries exceeded with url: /ventes/synchroniser (Caused by NameResolutionError("HTTPSConnection(host='portfolio-python-entreprise.onrender.com', port=443): Failed to resolve 'portfolio-python-entreprise.onrender.com' ([Errno 11001] getaddrinfo failed)"))
2026-09-15 04:33:36,300 - WARNING - Synchronisation différée: HTTPSConnectionPool(host='portfolio-python-entreprise.onrender.com', port=443): Max retries exceeded with url: /ventes/synchroniser (Caused by NameResolutionError("HTTPSConnection(host='portfolio-python-entreprise.onrender.com', port=443): Failed to resolve 'portfolio-python-entreprise.onrender.com' ([Errno 11001] getaddrinfo failed)"))
2026-09-15 04:34:06,335 - WARNING - Synchronisation différée: HTTPSConnectionPool(host='portfolio-python-entreprise.onrender.com', port=443): Max retries exceeded with url: /ventes/synchroniser (Caused by NameResolutionError("HTTPSConnection(host='portfolio-python-entreprise.onrender.com', port=443): Failed to resolve 'portfolio-python-entreprise.onrender.com' ([Errno 11001] getaddrinfo failed)"))
2026-09-15 04:34:36,203 - WARNING - Synchronisation différée: HTTPSConnectionPool(host='portfolio-python-entreprise.onrender.com', port=443): Max retries exceeded with url: /ventes/synchroniser (Caused by NameResolutionError("HTTPSConnection(host='portfolio-python-entreprise.onrender.com', port=443): Failed to resolve 'portfolio-python-entreprise.onrender.com' ([Errno 11001] getaddrinfo failed)"))
2026-09-15 04:35:06,805 - WARNING - Synchronisation différée: HTTPSConnectionPool(host='portfolio-python-entreprise.onrender.com', port=443): Max retries exceeded with url: /ventes/synchroniser (Caused by NameResolutionError("HTTPSConnection(host='portfolio-python-entreprise.onrender.com', port=443): Failed to resolve 'portfolio-python-entreprise.onrender.com' ([Errno 11001] getaddrinfo failed)"))
2026-09-15 04:35:36,098 - WARNING - Synchronisation différée: HTTPSConnectionPool(host='portfolio-python-entreprise.onrender.com', port=443): Max retries exceeded with url: /ventes/synchroniser (Caused by NameResolutionError("HTTPSConnection(host='portfolio-python-entreprise.onrender.com', port=443): Failed to resolve 'portfolio-python-entreprise.onrender.com' ([Errno 11001] getaddrinfo failed)"))
2026-09-15 04:36:06,191 - WARNING - Synchronisation différée: HTTPSConnectionPool(host='portfolio-python-entreprise.onrender.com', port=443): Max retries exceeded with url: /ventes/synchroniser (Caused by NameResolutionError("HTTPSConnection(host='portfolio-python-entreprise.onrender.com', port=443): Failed to resolve 'portfolio-python-entreprise.onrender.com' ([Errno 11001] getaddrinfo failed)"))
2026-09-15 04:36:36,112 - WARNING - Synchronisation différée: HTTPSConnectionPool(host='portfolio-python-entreprise.onrender.com', port=443): Max retries exceeded with url: /ventes/synchroniser (Caused by NameResolutionError("HTTPSConnection(host='portfolio-python-entreprise.onrender.com', port=443): Failed to resolve 'portfolio-python-entreprise.onrender.com' ([Errno 11001] getaddrinfo failed)"))
2026-09-15 04:37:06,223 - WARNING - Synchronisation différée: HTTPSConnectionPool(host='portfolio-python-entreprise.onrender.com', port=443): Max retries exceeded with url: /ventes/synchroniser (Caused by NameResolutionError("HTTPSConnection(host='portfolio-python-entreprise.onrender.com', port=443): Failed to resolve 'portfolio-python-entreprise.onrender.com' ([Errno 11001] getaddrinfo failed)"))
2026-09-15 04:37:36,129 - WARNING - Synchronisation différée: HTTPSConnectionPool(host='portfolio-python-entreprise.onrender.com', port=443): Max retries exceeded with url: /ventes/synchroniser (Caused by NameResolutionError("HTTPSConnection(host='portfolio-python-entreprise.onrender.com', port=443): Failed to resolve 'portfolio-python-entreprise.onrender.com' ([Errno 11001] getaddrinfo failed)"))
2026-09-15 04:38:06,197 - WARNING - Synchronisation différée: HTTPSConnectionPool(host='portfolio-python-entreprise.onrender.com', port=443): Max retries exceeded with url: /ventes/synchroniser (Caused by NameResolutionError("HTTPSConnection(host='portfolio-python-entreprise.onrender.com', port=443): Failed to resolve 'portfolio-python-entreprise.onrender.com' ([Errno 11001] getaddrinfo failed)"))
2026-09-15 04:38:36,167 - WARNING - Synchronisation différée: HTTPSConnectionPool(host='portfolio-python-entreprise.onrender.com', port=443): Max retries exceeded with url: /ventes/synchroniser (Caused by NameResolutionError("HTTPSConnection(host='portfolio-python-entreprise.onrender.com', port=443): Failed to resolve 'portfolio-python-entreprise.onrender.com' ([Errno 11001] getaddrinfo failed)"))
2026-09-15 04:39:06,225 - WARNING - Synchronisation différée: HTTPSConnectionPool(host='portfolio-python-entreprise.onrender.com', port=443): Max retries exceeded with url: /ventes/synchroniser (Caused by NameResolutionError("HTTPSConnection(host='portfolio-python-entreprise.onrender.com', port=443): Failed to resolve 'portfolio-python-entreprise.onrender.com' ([Errno 11001] getaddrinfo failed)"))
2026-09-15 04:39:36,223 - WARNING - Synchronisation différée: HTTPSConnectionPool(host='portfolio-python-entreprise.onrender.com', port=443): Max retries exceeded with url: /ventes/synchroniser (Caused by NameResolutionError("HTTPSConnection(host='portfolio-python-entreprise.onrender.com', port=443): Failed to resolve 'portfolio-python-entreprise.onrender.com' ([Errno 11001] getaddrinfo failed)"))
2026-09-15 04:40:06,228 - WARNING - Synchronisation différée: HTTPSConnectionPool(host='portfolio-python-entreprise.onrender.com', port=443): Max retries exceeded with url: /ventes/synchroniser (Caused by NameResolutionError("HTTPSConnection(host='portfolio-python-entreprise.onrender.com', port=443): Failed to resolve 'portfolio-python-entreprise.onrender.com' ([Errno 11001] getaddrinfo failed)"))
2026-09-15 04:40:36,212 - WARNING - Synchronisation différée: HTTPSConnectionPool(host='portfolio-python-entreprise.onrender.com', port=443): Max retries exceeded with url: /ventes/synchroniser (Caused by NameResolutionError("HTTPSConnection(host='portfolio-python-entreprise.onrender.com', port=443): Failed to resolve 'portfolio-python-entreprise.onrender.com' ([Errno 11001] getaddrinfo failed)"))
2026-09-15 04:41:06,192 - WARNING - Synchronisation différée: HTTPSConnectionPool(host='portfolio-python-entreprise.onrender.com', port=443): Max retries exceeded with url: /ventes/synchroniser (Caused by NameResolutionError("HTTPSConnection(host='portfolio-python-entreprise.onrender.com', port=443): Failed to resolve 'portfolio-python-entreprise.onrender.com' ([Errno 11001] getaddrinfo failed)"))
2026-09-15 04:41:36,183 - WARNING - Synchronisation différée: HTTPSConnectionPool(host='portfolio-python-entreprise.onrender.com', port=443): Max retries exceeded with url: /ventes/synchroniser (Caused by NameResolutionError("HTTPSConnection(host='portfolio-python-entreprise.onrender.com', port=443): Failed to resolve 'portfolio-python-entreprise.onrender.com' ([Errno 11001] getaddrinfo failed)"))
2026-09-15 04:42:06,187 - WARNING - Synchronisation différée: HTTPSConnectionPool(host='portfolio-python-entreprise.onrender.com', port=443): Max retries exceeded with url: /ventes/synchroniser (Caused by NameResolutionError("HTTPSConnection(host='portfolio-python-entreprise.onrender.com', port=443): Failed to resolve 'portfolio-python-entreprise.onrender.com' ([Errno 11001] getaddrinfo failed)"))
2026-09-15 04:42:36,318 - WARNING - Synchronisation différée: HTTPSConnectionPool(host='portfolio-python-entreprise.onrender.com', port=443): Max retries exceeded with url: /ventes/synchroniser (Caused by NameResolutionError("HTTPSConnection(host='portfolio-python-entreprise.onrender.com', port=443): Failed to resolve 'portfolio-python-entreprise.onrender.com' ([Errno 11001] getaddrinfo failed)"))
2026-09-15 04:43:06,187 - WARNING - Synchronisation différée: HTTPSConnectionPool(host='portfolio-python-entreprise.onrender.com', port=443): Max retries exceeded with url: /ventes/synchroniser (Caused by NameResolutionError("HTTPSConnection(host='portfolio-python-entreprise.onrender.com', port=443): Failed to resolve 'portfolio-python-entreprise.onrender.com' ([Errno 11001] getaddrinfo failed)"))
2026-09-15 04:43:36,237 - WARNING - Synchronisation différée: HTTPSConnectionPool(host='portfolio-python-entreprise.onrender.com', port=443): Max retries exceeded with url: /ventes/synchroniser (Caused by NameResolutionError("HTTPSConnection(host='portfolio-python-entreprise.onrender.com', port=443): Failed to resolve 'portfolio-python-entreprise.onrender.com' ([Errno 11001] getaddrinfo failed)"))
2026-09-15 04:44:06,241 - WARNING - Synchronisation différée: HTTPSConnectionPool(host='portfolio-python-entreprise.onrender.com', port=443): Max retries exceeded with url: /ventes/synchroniser (Caused by NameResolutionError("HTTPSConnection(host='portfolio-python-entreprise.onrender.com', port=443): Failed to resolve 'portfolio-python-entreprise.onrender.com' ([Errno 11001] getaddrinfo failed)"))
2026-09-15 04:44:36,274 - WARNING - Synchronisation différée: HTTPSConnectionPool(host='portfolio-python-entreprise.onrender.com', port=443): Max retries exceeded with url: /ventes/synchroniser (Caused by NameResolutionError("HTTPSConnection(host='portfolio-python-entreprise.onrender.com', port=443): Failed to resolve 'portfolio-python-entreprise.onrender.com' ([Errno 11001] getaddrinfo failed)"))
2026-09-15 04:45:06,237 - WARNING - Synchronisation différée: HTTPSConnectionPool(host='portfolio-python-entreprise.onrender.com', port=443): Max retries exceeded with url: /ventes/synchroniser (Caused by NameResolutionError("HTTPSConnection(host='portfolio-python-entreprise.onrender.com', port=443): Failed to resolve 'portfolio-python-entreprise.onrender.com' ([Errno 11001] getaddrinfo failed)"))
2026-09-15 04:45:36,238 - WARNING - Synchronisation différée: HTTPSConnectionPool(host='portfolio-python-entreprise.onrender.com', port=443): Max retries exceeded with url: /ventes/synchroniser (Caused by NameResolutionError("HTTPSConnection(host='portfolio-python-entreprise.onrender.com', port=443): Failed to resolve 'portfolio-python-entreprise.onrender.com' ([Errno 11001] getaddrinfo failed)"))
2026-09-15 04:46:06,263 - WARNING - Synchronisation différée: HTTPSConnectionPool(host='portfolio-python-entreprise.onrender.com', port=443): Max retries exceeded with url: /ventes/synchroniser (Caused by NameResolutionError("HTTPSConnection(host='portfolio-python-entreprise.onrender.com', port=443): Failed to resolve 'portfolio-python-entreprise.onrender.com' ([Errno 11001] getaddrinfo failed)"))
2026-09-15 04:46:36,275 - WARNING - Synchronisation différée: HTTPSConnectionPool(host='portfolio-python-entreprise.onrender.com', port=443): Max retries exceeded with url: /ventes/synchroniser (Caused by NameResolutionError("HTTPSConnection(host='portfolio-python-entreprise.onrender.com', port=443): Failed to resolve 'portfolio-python-entreprise.onrender.com' ([Errno 11001] getaddrinfo failed)"))
2026-09-15 04:47:06,313 - WARNING - Synchronisation différée: HTTPSConnectionPool(host='portfolio-python-entreprise.onrender.com', port=443): Max retries exceeded with url: /ventes/synchroniser (Caused by NameResolutionError("HTTPSConnection(host='portfolio-python-entreprise.onrender.com', port=443): Failed to resolve 'portfolio-python-entreprise.onrender.com' ([Errno 11001] getaddrinfo failed)"))
2026-09-15 04:47:36,303 - WARNING - Synchronisation différée: HTTPSConnectionPool(host='portfolio-python-entreprise.onrender.com', port=443): Max retries exceeded with url: /ventes/synchroniser (Caused by NameResolutionError("HTTPSConnection(host='portfolio-python-entreprise.onrender.com', port=443): Failed to resolve 'portfolio-python-entreprise.onrender.com' ([Errno 11001] getaddrinfo failed)"))
2026-09-15 04:48:06,305 - WARNING - Synchronisation différée: HTTPSConnectionPool(host='portfolio-python-entreprise.onrender.com', port=443): Max retries exceeded with url: /ventes/synchroniser (Caused by NameResolutionError("HTTPSConnection(host='portfolio-python-entreprise.onrender.com', port=443): Failed to resolve 'portfolio-python-entreprise.onrender.com' ([Errno 11001] getaddrinfo failed)"))
2026-09-15 04:48:36,342 - WARNING - Synchronisation différée: HTTPSConnectionPool(host='portfolio-python-entreprise.onrender.com', port=443): Max retries exceeded with url: /ventes/synchroniser (Caused by NameResolutionError("HTTPSConnection(host='portfolio-python-entreprise.onrender.com', port=443): Failed to resolve 'portfolio-python-entreprise.onrender.com' ([Errno 11001] getaddrinfo failed)"))
2026-09-15 04:49:06,323 - WARNING - Synchronisation différée: HTTPSConnectionPool(host='portfolio-python-entreprise.onrender.com', port=443): Max retries exceeded with url: /ventes/synchroniser (Caused by NameResolutionError("HTTPSConnection(host='portfolio-python-entreprise.onrender.com', port=443): Failed to resolve 'portfolio-python-entreprise.onrender.com' ([Errno 11001] getaddrinfo failed)"))
2026-09-15 04:49:36,317 - WARNING - Synchronisation différée: HTTPSConnectionPool(host='portfolio-python-entreprise.onrender.com', port=443): Max retries exceeded with url: /ventes/synchroniser (Caused by NameResolutionError("HTTPSConnection(host='portfolio-python-entreprise.onrender.com', port=443): Failed to resolve 'portfolio-python-entreprise.onrender.com' ([Errno 11001] getaddrinfo failed)"))
2026-09-15 04:50:06,327 - WARNING - Synchronisation différée: HTTPSConnectionPool(host='portfolio-python-entreprise.onrender.com', port=443): Max retries exceeded with url: /ventes/synchroniser (Caused by NameResolutionError("HTTPSConnection(host='portfolio-python-entreprise.onrender.com', port=443): Failed to resolve 'portfolio-python-entreprise.onrender.com' ([Errno 11001] getaddrinfo failed)"))
2026-09-15 04:50:36,387 - WARNING - Synchronisation différée: HTTPSConnectionPool(host='portfolio-python-entreprise.onrender.com', port=443): Max retries exceeded with url: /ventes/synchroniser (Caused by NameResolutionError("HTTPSConnection(host='portfolio-python-entreprise.onrender.com', port=443): Failed to resolve 'portfolio-python-entreprise.onrender.com' ([Errno 11001] getaddrinfo failed)"))
2026-09-15 04:51:06,380 - WARNING - Synchronisation différée: HTTPSConnectionPool(host='portfolio-python-entreprise.onrender.com', port=443): Max retries exceeded with url: /ventes/synchroniser (Caused by NameResolutionError("HTTPSConnection(host='portfolio-python-entreprise.onrender.com', port=443): Failed to resolve 'portfolio-python-entreprise.onrender.com' ([Errno 11001] getaddrinfo failed)"))
2026-09-15 04:51:36,356 - WARNING - Synchronisation différée: HTTPSConnectionPool(host='portfolio-python-entreprise.onrender.com', port=443): Max retries exceeded with url: /ventes/synchroniser (Caused by NameResolutionError("HTTPSConnection(host='portfolio-python-entreprise.onrender.com', port=443): Failed to resolve 'portfolio-python-entreprise.onrender.com' ([Errno 11001] getaddrinfo failed)"))
2026-09-15 04:52:06,376 - WARNING - Synchronisation différée: HTTPSConnectionPool(host='portfolio-python-entreprise.onrender.com', port=443): Max retries exceeded with url: /ventes/synchroniser (Caused by NameResolutionError("HTTPSConnection(host='portfolio-python-entreprise.onrender.com', port=443): Failed to resolve 'portfolio-python-entreprise.onrender.com' ([Errno 11001] getaddrinfo failed)"))
2026-09-15 04:52:36,348 - WARNING - Synchronisation différée: HTTPSConnectionPool(host='portfolio-python-entreprise.onrender.com', port=443): Max retries exceeded with url: /ventes/synchroniser (Caused by NameResolutionError("HTTPSConnection(host='portfolio-python-entreprise.onrender.com', port=443): Failed to resolve 'portfolio-python-entreprise.onrender.com' ([Errno 11001] getaddrinfo failed)"))
2026-09-15 04:53:06,407 - WARNING - Synchronisation différée: HTTPSConnectionPool(host='portfolio-python-entreprise.onrender.com', port=443): Max retries exceeded with url: /ventes/synchroniser (Caused by NameResolutionError("HTTPSConnection(host='portfolio-python-entreprise.onrender.com', port=443): Failed to resolve 'portfolio-python-entreprise.onrender.com' ([Errno 11001] getaddrinfo failed)"))
2026-09-15 04:53:36,378 - WARNING - Synchronisation différée: HTTPSConnectionPool(host='portfolio-python-entreprise.onrender.com', port=443): Max retries exceeded with url: /ventes/synchroniser (Caused by NameResolutionError("HTTPSConnection(host='portfolio-python-entreprise.onrender.com', port=443): Failed to resolve 'portfolio-python-entreprise.onrender.com' ([Errno 11001] getaddrinfo failed)"))
2026-09-15 04:54:06,460 - WARNING - Synchronisation différée: HTTPSConnectionPool(host='portfolio-python-entreprise.onrender.com', port=443): Max retries exceeded with url: /ventes/synchroniser (Caused by NameResolutionError("HTTPSConnection(host='portfolio-python-entreprise.onrender.com', port=443): Failed to resolve 'portfolio-python-entreprise.onrender.com' ([Errno 11001] getaddrinfo failed)"))
2026-09-15 04:54:36,469 - WARNING - Synchronisation différée: HTTPSConnectionPool(host='portfolio-python-entreprise.onrender.com', port=443): Max retries exceeded with url: /ventes/synchroniser (Caused by NameResolutionError("HTTPSConnection(host='portfolio-python-entreprise.onrender.com', port=443): Failed to resolve 'portfolio-python-entreprise.onrender.com' ([Errno 11001] getaddrinfo failed)"))
2026-09-15 04:55:06,463 - WARNING - Synchronisation différée: HTTPSConnectionPool(host='portfolio-python-entreprise.onrender.com', port=443): Max retries exceeded with url: /ventes/synchroniser (Caused by NameResolutionError("HTTPSConnection(host='portfolio-python-entreprise.onrender.com', port=443): Failed to resolve 'portfolio-python-entreprise.onrender.com' ([Errno 11001] getaddrinfo failed)"))
2026-09-15 04:55:36,459 - WARNING - Synchronisation différée: HTTPSConnectionPool(host='portfolio-python-entreprise.onrender.com', port=443): Max retries exceeded with url: /ventes/synchroniser (Caused by NameResolutionError("HTTPSConnection(host='portfolio-python-entreprise.onrender.com', port=443): Failed to resolve 'portfolio-python-entreprise.onrender.com' ([Errno 11001] getaddrinfo failed)"))
2026-09-15 04:56:06,479 - WARNING - Synchronisation différée: HTTPSConnectionPool(host='portfolio-python-entreprise.onrender.com', port=443): Max retries exceeded with url: /ventes/synchroniser (Caused by NameResolutionError("HTTPSConnection(host='portfolio-python-entreprise.onrender.com', port=443): Failed to resolve 'portfolio-python-entreprise.onrender.com' ([Errno 11001] getaddrinfo failed)"))
2026-09-15 04:56:36,500 - WARNING - Synchronisation différée: HTTPSConnectionPool(host='portfolio-python-entreprise.onrender.com', port=443): Max retries exceeded with url: /ventes/synchroniser (Caused by NameResolutionError("HTTPSConnection(host='portfolio-python-entreprise.onrender.com', port=443): Failed to resolve 'portfolio-python-entreprise.onrender.com' ([Errno 11001] getaddrinfo failed)"))
2026-09-15 04:57:06,488 - WARNING - Synchronisation différée: HTTPSConnectionPool(host='portfolio-python-entreprise.onrender.com', port=443): Max retries exceeded with url: /ventes/synchroniser (Caused by NameResolutionError("HTTPSConnection(host='portfolio-python-entreprise.onrender.com', port=443): Failed to resolve 'portfolio-python-entreprise.onrender.com' ([Errno 11001] getaddrinfo failed)"))
2026-09-15 04:57:36,498 - WARNING - Synchronisation différée: HTTPSConnectionPool(host='portfolio-python-entreprise.onrender.com', port=443): Max retries exceeded with url: /ventes/synchroniser (Caused by NameResolutionError("HTTPSConnection(host='portfolio-python-entreprise.onrender.com', port=443): Failed to resolve 'portfolio-python-entreprise.onrender.com' ([Errno 11001] getaddrinfo failed)"))
2026-09-15 04:58:06,563 - WARNING - Synchronisation différée: HTTPSConnectionPool(host='portfolio-python-entreprise.onrender.com', port=443): Max retries exceeded with url: /ventes/synchroniser (Caused by NameResolutionError("HTTPSConnection(host='portfolio-python-entreprise.onrender.com', port=443): Failed to resolve 'portfolio-python-entreprise.onrender.com' ([Errno 11001] getaddrinfo failed)"))
2026-09-15 04:58:36,506 - WARNING - Synchronisation différée: HTTPSConnectionPool(host='portfolio-python-entreprise.onrender.com', port=443): Max retries exceeded with url: /ventes/synchroniser (Caused by NameResolutionError("HTTPSConnection(host='portfolio-python-entreprise.onrender.com', port=443): Failed to resolve 'portfolio-python-entreprise.onrender.com' ([Errno 11001] getaddrinfo failed)"))
2026-09-15 04:59:06,546 - WARNING - Synchronisation différée: HTTPSConnectionPool(host='portfolio-python-entreprise.onrender.com', port=443): Max retries exceeded with url: /ventes/synchroniser (Caused by NameResolutionError("HTTPSConnection(host='portfolio-python-entreprise.onrender.com', port=443): Failed to resolve 'portfolio-python-entreprise.onrender.com' ([Errno 11001] getaddrinfo failed)"))
2026-09-15 04:59:36,570 - WARNING - Synchronisation différée: HTTPSConnectionPool(host='portfolio-python-entreprise.onrender.com', port=443): Max retries exceeded with url: /ventes/synchroniser (Caused by NameResolutionError("HTTPSConnection(host='portfolio-python-entreprise.onrender.com', port=443): Failed to resolve 'portfolio-python-entreprise.onrender.com' ([Errno 11001] getaddrinfo failed)"))
2026-09-15 05:00:06,580 - WARNING - Synchronisation différée: HTTPSConnectionPool(host='portfolio-python-entreprise.onrender.com', port=443): Max retries exceeded with url: /ventes/synchroniser (Caused by NameResolutionError("HTTPSConnection(host='portfolio-python-entreprise.onrender.com', port=443): Failed to resolve 'portfolio-python-entreprise.onrender.com' ([Errno 11001] getaddrinfo failed)"))
2026-09-15 05:00:36,637 - WARNING - Synchronisation différée: HTTPSConnectionPool(host='portfolio-python-entreprise.onrender.com', port=443): Max retries exceeded with url: /ventes/synchroniser (Caused by NameResolutionError("HTTPSConnection(host='portfolio-python-entreprise.onrender.com', port=443): Failed to resolve 'portfolio-python-entreprise.onrender.com' ([Errno 11001] getaddrinfo failed)"))
2026-09-15 05:01:06,550 - WARNING - Synchronisation différée: HTTPSConnectionPool(host='portfolio-python-entreprise.onrender.com', port=443): Max retries exceeded with url: /ventes/synchroniser (Caused by NameResolutionError("HTTPSConnection(host='portfolio-python-entreprise.onrender.com', port=443): Failed to resolve 'portfolio-python-entreprise.onrender.com' ([Errno 11001] getaddrinfo failed)"))
2026-09-15 05:01:36,552 - WARNING - Synchronisation différée: HTTPSConnectionPool(host='portfolio-python-entreprise.onrender.com', port=443): Max retries exceeded with url: /ventes/synchroniser (Caused by NameResolutionError("HTTPSConnection(host='portfolio-python-entreprise.onrender.com', port=443): Failed to resolve 'portfolio-python-entreprise.onrender.com' ([Errno 11001] getaddrinfo failed)"))
2026-09-15 05:02:06,545 - WARNING - Synchronisation différée: HTTPSConnectionPool(host='portfolio-python-entreprise.onrender.com', port=443): Max retries exceeded with url: /ventes/synchroniser (Caused by NameResolutionError("HTTPSConnection(host='portfolio-python-entreprise.onrender.com', port=443): Failed to resolve 'portfolio-python-entreprise.onrender.com' ([Errno 11001] getaddrinfo failed)"))
2026-09-15 05:02:36,598 - WARNING - Synchronisation différée: HTTPSConnectionPool(host='portfolio-python-entreprise.onrender.com', port=443): Max retries exceeded with url: /ventes/synchroniser (Caused by NameResolutionError("HTTPSConnection(host='portfolio-python-entreprise.onrender.com', port=443): Failed to resolve 'portfolio-python-entreprise.onrender.com' ([Errno 11001] getaddrinfo failed)"))
2026-09-15 05:03:06,589 - WARNING - Synchronisation différée: HTTPSConnectionPool(host='portfolio-python-entreprise.onrender.com', port=443): Max retries exceeded with url: /ventes/synchroniser (Caused by NameResolutionError("HTTPSConnection(host='portfolio-python-entreprise.onrender.com', port=443): Failed to resolve 'portfolio-python-entreprise.onrender.com' ([Errno 11001] getaddrinfo failed)"))
2026-09-15 05:03:36,599 - WARNING - Synchronisation différée: HTTPSConnectionPool(host='portfolio-python-entreprise.onrender.com', port=443): Max retries exceeded with url: /ventes/synchroniser (Caused by NameResolutionError("HTTPSConnection(host='portfolio-python-entreprise.onrender.com', port=443): Failed to resolve 'portfolio-python-entreprise.onrender.com' ([Errno 11001] getaddrinfo failed)"))
2026-09-15 05:04:06,592 - WARNING - Synchronisation différée: HTTPSConnectionPool(host='portfolio-python-entreprise.onrender.com', port=443): Max retries exceeded with url: /ventes/synchroniser (Caused by NameResolutionError("HTTPSConnection(host='portfolio-python-entreprise.onrender.com', port=443): Failed to resolve 'portfolio-python-entreprise.onrender.com' ([Errno 11001] getaddrinfo failed)"))
2026-09-15 05:04:36,627 - WARNING - Synchronisation différée: HTTPSConnectionPool(host='portfolio-python-entreprise.onrender.com', port=443): Max retries exceeded with url: /ventes/synchroniser (Caused by NameResolutionError("HTTPSConnection(host='portfolio-python-entreprise.onrender.com', port=443): Failed to resolve 'portfolio-python-entreprise.onrender.com' ([Errno 11001] getaddrinfo failed)"))
2026-09-15 05:05:06,620 - WARNING - Synchronisation différée: HTTPSConnectionPool(host='portfolio-python-entreprise.onrender.com', port=443): Max retries exceeded with url: /ventes/synchroniser (Caused by NameResolutionError("HTTPSConnection(host='portfolio-python-entreprise.onrender.com', port=443): Failed to resolve 'portfolio-python-entreprise.onrender.com' ([Errno 11001] getaddrinfo failed)"))
2026-09-15 05:05:36,630 - WARNING - Synchronisation différée: HTTPSConnectionPool(host='portfolio-python-entreprise.onrender.com', port=443): Max retries exceeded with url: /ventes/synchroniser (Caused by NameResolutionError("HTTPSConnection(host='portfolio-python-entreprise.onrender.com', port=443): Failed to resolve 'portfolio-python-entreprise.onrender.com' ([Errno 11001] getaddrinfo failed)"))
2026-09-15 05:06:06,623 - WARNING - Synchronisation différée: HTTPSConnectionPool(host='portfolio-python-entreprise.onrender.com', port=443): Max retries exceeded with url: /ventes/synchroniser (Caused by NameResolutionError("HTTPSConnection(host='portfolio-python-entreprise.onrender.com', port=443): Failed to resolve 'portfolio-python-entreprise.onrender.com' ([Errno 11001] getaddrinfo failed)"))
2026-09-15 05:06:36,614 - WARNING - Synchronisation différée: HTTPSConnectionPool(host='portfolio-python-entreprise.onrender.com', port=443): Max retries exceeded with url: /ventes/synchroniser (Caused by NameResolutionError("HTTPSConnection(host='portfolio-python-entreprise.onrender.com', port=443): Failed to resolve 'portfolio-python-entreprise.onrender.com' ([Errno 11001] getaddrinfo failed)"))
2026-09-15 05:07:06,684 - WARNING - Synchronisation différée: HTTPSConnectionPool(host='portfolio-python-entreprise.onrender.com', port=443): Max retries exceeded with url: /ventes/synchroniser (Caused by NameResolutionError("HTTPSConnection(host='portfolio-python-entreprise.onrender.com', port=443): Failed to resolve 'portfolio-python-entreprise.onrender.com' ([Errno 11001] getaddrinfo failed)"))
2026-09-15 05:07:36,669 - WARNING - Synchronisation différée: HTTPSConnectionPool(host='portfolio-python-entreprise.onrender.com', port=443): Max retries exceeded with url: /ventes/synchroniser (Caused by NameResolutionError("HTTPSConnection(host='portfolio-python-entreprise.onrender.com', port=443): Failed to resolve 'portfolio-python-entreprise.onrender.com' ([Errno 11001] getaddrinfo failed)"))
2026-09-15 05:08:06,692 - WARNING - Synchronisation différée: HTTPSConnectionPool(host='portfolio-python-entreprise.onrender.com', port=443): Max retries exceeded with url: /ventes/synchroniser (Caused by NameResolutionError("HTTPSConnection(host='portfolio-python-entreprise.onrender.com', port=443): Failed to resolve 'portfolio-python-entreprise.onrender.com' ([Errno 11001] getaddrinfo failed)"))
2026-09-15 05:08:36,662 - WARNING - Synchronisation différée: HTTPSConnectionPool(host='portfolio-python-entreprise.onrender.com', port=443): Max retries exceeded with url: /ventes/synchroniser (Caused by NameResolutionError("HTTPSConnection(host='portfolio-python-entreprise.onrender.com', port=443): Failed to resolve 'portfolio-python-entreprise.onrender.com' ([Errno 11001] getaddrinfo failed)"))
2026-09-15 05:09:06,708 - WARNING - Synchronisation différée: HTTPSConnectionPool(host='portfolio-python-entreprise.onrender.com', port=443): Max retries exceeded with url: /ventes/synchroniser (Caused by NameResolutionError("HTTPSConnection(host='portfolio-python-entreprise.onrender.com', port=443): Failed to resolve 'portfolio-python-entreprise.onrender.com' ([Errno 11001] getaddrinfo failed)"))
2026-09-15 05:09:36,735 - WARNING - Synchronisation différée: HTTPSConnectionPool(host='portfolio-python-entreprise.onrender.com', port=443): Max retries exceeded with url: /ventes/synchroniser (Caused by NameResolutionError("HTTPSConnection(host='portfolio-python-entreprise.onrender.com', port=443): Failed to resolve 'portfolio-python-entreprise.onrender.com' ([Errno 11001] getaddrinfo failed)"))
2026-09-15 05:10:06,701 - WARNING - Synchronisation différée: HTTPSConnectionPool(host='portfolio-python-entreprise.onrender.com', port=443): Max retries exceeded with url: /ventes/synchroniser (Caused by NameResolutionError("HTTPSConnection(host='portfolio-python-entreprise.onrender.com', port=443): Failed to resolve 'portfolio-python-entreprise.onrender.com' ([Errno 11001] getaddrinfo failed)"))
2026-09-15 05:10:36,719 - WARNING - Synchronisation différée: HTTPSConnectionPool(host='portfolio-python-entreprise.onrender.com', port=443): Max retries exceeded with url: /ventes/synchroniser (Caused by NameResolutionError("HTTPSConnection(host='portfolio-python-entreprise.onrender.com', port=443): Failed to resolve 'portfolio-python-entreprise.onrender.com' ([Errno 11001] getaddrinfo failed)"))
2026-09-15 05:11:06,729 - WARNING - Synchronisation différée: HTTPSConnectionPool(host='portfolio-python-entreprise.onrender.com', port=443): Max retries exceeded with url: /ventes/synchroniser (Caused by NameResolutionError("HTTPSConnection(host='portfolio-python-entreprise.onrender.com', port=443): Failed to resolve 'portfolio-python-entreprise.onrender.com' ([Errno 11001] getaddrinfo failed)"))
2026-09-15 05:11:36,760 - WARNING - Synchronisation différée: HTTPSConnectionPool(host='portfolio-python-entreprise.onrender.com', port=443): Max retries exceeded with url: /ventes/synchroniser (Caused by NameResolutionError("HTTPSConnection(host='portfolio-python-entreprise.onrender.com', port=443): Failed to resolve 'portfolio-python-entreprise.onrender.com' ([Errno 11001] getaddrinfo failed)"))
2026-09-15 05:12:06,757 - WARNING - Synchronisation différée: HTTPSConnectionPool(host='portfolio-python-entreprise.onrender.com', port=443): Max retries exceeded with url: /ventes/synchroniser (Caused by NameResolutionError("HTTPSConnection(host='portfolio-python-entreprise.onrender.com', port=443): Failed to resolve 'portfolio-python-entreprise.onrender.com' ([Errno 11001] getaddrinfo failed)"))
2026-09-15 05:12:36,767 - WARNING - Synchronisation différée: HTTPSConnectionPool(host='portfolio-python-entreprise.onrender.com', port=443): Max retries exceeded with url: /ventes/synchroniser (Caused by NameResolutionError("HTTPSConnection(host='portfolio-python-entreprise.onrender.com', port=443): Failed to resolve 'portfolio-python-entreprise.onrender.com' ([Errno 11001] getaddrinfo failed)"))
2026-09-15 05:13:06,752 - WARNING - Synchronisation différée: HTTPSConnectionPool(host='portfolio-python-entreprise.onrender.com', port=443): Max retries exceeded with url: /ventes/synchroniser (Caused by NameResolutionError("HTTPSConnection(host='portfolio-python-entreprise.onrender.com', port=443): Failed to resolve 'portfolio-python-entreprise.onrender.com' ([Errno 11001] getaddrinfo failed)"))
2026-09-15 05:13:36,833 - WARNING - Synchronisation différée: HTTPSConnectionPool(host='portfolio-python-entreprise.onrender.com', port=443): Max retries exceeded with url: /ventes/synchroniser (Caused by NameResolutionError("HTTPSConnection(host='portfolio-python-entreprise.onrender.com', port=443): Failed to resolve 'portfolio-python-entreprise.onrender.com' ([Errno 11001] getaddrinfo failed)"))
2026-09-15 05:14:06,780 - WARNING - Synchronisation différée: HTTPSConnectionPool(host='portfolio-python-entreprise.onrender.com', port=443): Max retries exceeded with url: /ventes/synchroniser (Caused by NameResolutionError("HTTPSConnection(host='portfolio-python-entreprise.onrender.com', port=443): Failed to resolve 'portfolio-python-entreprise.onrender.com' ([Errno 11001] getaddrinfo failed)"))
2026-09-15 05:14:36,787 - WARNING - Synchronisation différée: HTTPSConnectionPool(host='portfolio-python-entreprise.onrender.com', port=443): Max retries exceeded with url: /ventes/synchroniser (Caused by NameResolutionError("HTTPSConnection(host='portfolio-python-entreprise.onrender.com', port=443): Failed to resolve 'portfolio-python-entreprise.onrender.com' ([Errno 11001] getaddrinfo failed)"))
2026-09-15 05:15:06,817 - WARNING - Synchronisation différée: HTTPSConnectionPool(host='portfolio-python-entreprise.onrender.com', port=443): Max retries exceeded with url: /ventes/synchroniser (Caused by NameResolutionError("HTTPSConnection(host='portfolio-python-entreprise.onrender.com', port=443): Failed to resolve 'portfolio-python-entreprise.onrender.com' ([Errno 11001] getaddrinfo failed)"))
2026-09-15 05:15:36,834 - WARNING - Synchronisation différée: HTTPSConnectionPool(host='portfolio-python-entreprise.onrender.com', port=443): Max retries exceeded with url: /ventes/synchroniser (Caused by NameResolutionError("HTTPSConnection(host='portfolio-python-entreprise.onrender.com', port=443): Failed to resolve 'portfolio-python-entreprise.onrender.com' ([Errno 11001] getaddrinfo failed)"))
2026-09-15 05:16:06,874 - WARNING - Synchronisation différée: HTTPSConnectionPool(host='portfolio-python-entreprise.onrender.com', port=443): Max retries exceeded with url: /ventes/synchroniser (Caused by NameResolutionError("HTTPSConnection(host='portfolio-python-entreprise.onrender.com', port=443): Failed to resolve 'portfolio-python-entreprise.onrender.com' ([Errno 11001] getaddrinfo failed)"))
2026-09-15 05:16:36,918 - WARNING - Synchronisation différée: HTTPSConnectionPool(host='portfolio-python-entreprise.onrender.com', port=443): Max retries exceeded with url: /ventes/synchroniser (Caused by NameResolutionError("HTTPSConnection(host='portfolio-python-entreprise.onrender.com', port=443): Failed to resolve 'portfolio-python-entreprise.onrender.com' ([Errno 11001] getaddrinfo failed)"))
2026-09-15 05:17:06,893 - WARNING - Synchronisation différée: HTTPSConnectionPool(host='portfolio-python-entreprise.onrender.com', port=443): Max retries exceeded with url: /ventes/synchroniser (Caused by NameResolutionError("HTTPSConnection(host='portfolio-python-entreprise.onrender.com', port=443): Failed to resolve 'portfolio-python-entreprise.onrender.com' ([Errno 11001] getaddrinfo failed)"))
2026-09-15 05:17:36,877 - WARNING - Synchronisation différée: HTTPSConnectionPool(host='portfolio-python-entreprise.onrender.com', port=443): Max retries exceeded with url: /ventes/synchroniser (Caused by NameResolutionError("HTTPSConnection(host='portfolio-python-entreprise.onrender.com', port=443): Failed to resolve 'portfolio-python-entreprise.onrender.com' ([Errno 11001] getaddrinfo failed)"))
2026-09-15 05:18:06,888 - WARNING - Synchronisation différée: HTTPSConnectionPool(host='portfolio-python-entreprise.onrender.com', port=443): Max retries exceeded with url: /ventes/synchroniser (Caused by NameResolutionError("HTTPSConnection(host='portfolio-python-entreprise.onrender.com', port=443): Failed to resolve 'portfolio-python-entreprise.onrender.com' ([Errno 11001] getaddrinfo failed)"))
2026-09-15 05:18:36,923 - WARNING - Synchronisation différée: HTTPSConnectionPool(host='portfolio-python-entreprise.onrender.com', port=443): Max retries exceeded with url: /ventes/synchroniser (Caused by NameResolutionError("HTTPSConnection(host='portfolio-python-entreprise.onrender.com', port=443): Failed to resolve 'portfolio-python-entreprise.onrender.com' ([Errno 11001] getaddrinfo failed)"))
2026-09-15 05:19:06,861 - WARNING - Synchronisation différée: HTTPSConnectionPool(host='portfolio-python-entreprise.onrender.com', port=443): Max retries exceeded with url: /ventes/synchroniser (Caused by NameResolutionError("HTTPSConnection(host='portfolio-python-entreprise.onrender.com', port=443): Failed to resolve 'portfolio-python-entreprise.onrender.com' ([Errno 11001] getaddrinfo failed)"))
2026-09-15 05:19:36,862 - WARNING - Synchronisation différée: HTTPSConnectionPool(host='portfolio-python-entreprise.onrender.com', port=443): Max retries exceeded with url: /ventes/synchroniser (Caused by NameResolutionError("HTTPSConnection(host='portfolio-python-entreprise.onrender.com', port=443): Failed to resolve 'portfolio-python-entreprise.onrender.com' ([Errno 11001] getaddrinfo failed)"))
2026-09-15 05:20:06,875 - WARNING - Synchronisation différée: HTTPSConnectionPool(host='portfolio-python-entreprise.onrender.com', port=443): Max retries exceeded with url: /ventes/synchroniser (Caused by NameResolutionError("HTTPSConnection(host='portfolio-python-entreprise.onrender.com', port=443): Failed to resolve 'portfolio-python-entreprise.onrender.com' ([Errno 11001] getaddrinfo failed)"))
2026-09-15 05:20:36,873 - WARNING - Synchronisation différée: HTTPSConnectionPool(host='portfolio-python-entreprise.onrender.com', port=443): Max retries exceeded with url: /ventes/synchroniser (Caused by NameResolutionError("HTTPSConnection(host='portfolio-python-entreprise.onrender.com', port=443): Failed to resolve 'portfolio-python-entreprise.onrender.com' ([Errno 11001] getaddrinfo failed)"))
2026-09-15 05:21:06,908 - WARNING - Synchronisation différée: HTTPSConnectionPool(host='portfolio-python-entreprise.onrender.com', port=443): Max retries exceeded with url: /ventes/synchroniser (Caused by NameResolutionError("HTTPSConnection(host='portfolio-python-entreprise.onrender.com', port=443): Failed to resolve 'portfolio-python-entreprise.onrender.com' ([Errno 11001] getaddrinfo failed)"))
2026-09-15 05:21:36,959 - WARNING - Synchronisation différée: HTTPSConnectionPool(host='portfolio-python-entreprise.onrender.com', port=443): Max retries exceeded with url: /ventes/synchroniser (Caused by NameResolutionError("HTTPSConnection(host='portfolio-python-entreprise.onrender.com', port=443): Failed to resolve 'portfolio-python-entreprise.onrender.com' ([Errno 11001] getaddrinfo failed)"))
2026-09-15 05:22:06,973 - WARNING - Synchronisation différée: HTTPSConnectionPool(host='portfolio-python-entreprise.onrender.com', port=443): Max retries exceeded with url: /ventes/synchroniser (Caused by NameResolutionError("HTTPSConnection(host='portfolio-python-entreprise.onrender.com', port=443): Failed to resolve 'portfolio-python-entreprise.onrender.com' ([Errno 11001] getaddrinfo failed)"))
2026-09-15 05:22:36,993 - WARNING - Synchronisation différée: HTTPSConnectionPool(host='portfolio-python-entreprise.onrender.com', port=443): Max retries exceeded with url: /ventes/synchroniser (Caused by NameResolutionError("HTTPSConnection(host='portfolio-python-entreprise.onrender.com', port=443): Failed to resolve 'portfolio-python-entreprise.onrender.com' ([Errno 11001] getaddrinfo failed)"))
2026-09-15 05:23:06,989 - WARNING - Synchronisation différée: HTTPSConnectionPool(host='portfolio-python-entreprise.onrender.com', port=443): Max retries exceeded with url: /ventes/synchroniser (Caused by NameResolutionError("HTTPSConnection(host='portfolio-python-entreprise.onrender.com', port=443): Failed to resolve 'portfolio-python-entreprise.onrender.com' ([Errno 11001] getaddrinfo failed)"))
2026-09-15 05:23:36,995 - WARNING - Synchronisation différée: HTTPSConnectionPool(host='portfolio-python-entreprise.onrender.com', port=443): Max retries exceeded with url: /ventes/synchroniser (Caused by NameResolutionError("HTTPSConnection(host='portfolio-python-entreprise.onrender.com', port=443): Failed to resolve 'portfolio-python-entreprise.onrender.com' ([Errno 11001] getaddrinfo failed)"))
2026-09-15 05:24:06,967 - WARNING - Synchronisation différée: HTTPSConnectionPool(host='portfolio-python-entreprise.onrender.com', port=443): Max retries exceeded with url: /ventes/synchroniser (Caused by NameResolutionError("HTTPSConnection(host='portfolio-python-entreprise.onrender.com', port=443): Failed to resolve 'portfolio-python-entreprise.onrender.com' ([Errno 11001] getaddrinfo failed)"))
2026-09-15 05:24:37,018 - WARNING - Synchronisation différée: HTTPSConnectionPool(host='portfolio-python-entreprise.onrender.com', port=443): Max retries exceeded with url: /ventes/synchroniser (Caused by NameResolutionError("HTTPSConnection(host='portfolio-python-entreprise.onrender.com', port=443): Failed to resolve 'portfolio-python-entreprise.onrender.com' ([Errno 11001] getaddrinfo failed)"))
2026-09-15 05:25:07,033 - WARNING - Synchronisation différée: HTTPSConnectionPool(host='portfolio-python-entreprise.onrender.com', port=443): Max retries exceeded with url: /ventes/synchroniser (Caused by NameResolutionError("HTTPSConnection(host='portfolio-python-entreprise.onrender.com', port=443): Failed to resolve 'portfolio-python-entreprise.onrender.com' ([Errno 11001] getaddrinfo failed)"))
2026-09-15 05:25:37,037 - WARNING - Synchronisation différée: HTTPSConnectionPool(host='portfolio-python-entreprise.onrender.com', port=443): Max retries exceeded with url: /ventes/synchroniser (Caused by NameResolutionError("HTTPSConnection(host='portfolio-python-entreprise.onrender.com', port=443): Failed to resolve 'portfolio-python-entreprise.onrender.com' ([Errno 11001] getaddrinfo failed)"))
2026-09-15 05:26:07,006 - WARNING - Synchronisation différée: HTTPSConnectionPool(host='portfolio-python-entreprise.onrender.com', port=443): Max retries exceeded with url: /ventes/synchroniser (Caused by NameResolutionError("HTTPSConnection(host='portfolio-python-entreprise.onrender.com', port=443): Failed to resolve 'portfolio-python-entreprise.onrender.com' ([Errno 11001] getaddrinfo failed)"))
2026-09-15 05:26:37,070 - WARNING - Synchronisation différée: HTTPSConnectionPool(host='portfolio-python-entreprise.onrender.com', port=443): Max retries exceeded with url: /ventes/synchroniser (Caused by NameResolutionError("HTTPSConnection(host='portfolio-python-entreprise.onrender.com', port=443): Failed to resolve 'portfolio-python-entreprise.onrender.com' ([Errno 11001] getaddrinfo failed)"))
2026-09-15 05:27:07,053 - WARNING - Synchronisation différée: HTTPSConnectionPool(host='portfolio-python-entreprise.onrender.com', port=443): Max retries exceeded with url: /ventes/synchroniser (Caused by NameResolutionError("HTTPSConnection(host='portfolio-python-entreprise.onrender.com', port=443): Failed to resolve 'portfolio-python-entreprise.onrender.com' ([Errno 11001] getaddrinfo failed)"))
2026-09-15 05:27:37,057 - WARNING - Synchronisation différée: HTTPSConnectionPool(host='portfolio-python-entreprise.onrender.com', port=443): Max retries exceeded with url: /ventes/synchroniser (Caused by NameResolutionError("HTTPSConnection(host='portfolio-python-entreprise.onrender.com', port=443): Failed to resolve 'portfolio-python-entreprise.onrender.com' ([Errno 11001] getaddrinfo failed)"))
2026-09-15 05:28:07,029 - WARNING - Synchronisation différée: HTTPSConnectionPool(host='portfolio-python-entreprise.onrender.com', port=443): Max retries exceeded with url: /ventes/synchroniser (Caused by NameResolutionError("HTTPSConnection(host='portfolio-python-entreprise.onrender.com', port=443): Failed to resolve 'portfolio-python-entreprise.onrender.com' ([Errno 11001] getaddrinfo failed)"))
2026-09-15 05:28:37,093 - WARNING - Synchronisation différée: HTTPSConnectionPool(host='portfolio-python-entreprise.onrender.com', port=443): Max retries exceeded with url: /ventes/synchroniser (Caused by NameResolutionError("HTTPSConnection(host='portfolio-python-entreprise.onrender.com', port=443): Failed to resolve 'portfolio-python-entreprise.onrender.com' ([Errno 11001] getaddrinfo failed)"))
2026-09-15 05:29:07,056 - WARNING - Synchronisation différée: HTTPSConnectionPool(host='portfolio-python-entreprise.onrender.com', port=443): Max retries exceeded with url: /ventes/synchroniser (Caused by NameResolutionError("HTTPSConnection(host='portfolio-python-entreprise.onrender.com', port=443): Failed to resolve 'portfolio-python-entreprise.onrender.com' ([Errno 11001] getaddrinfo failed)"))
2026-09-15 05:29:37,047 - WARNING - Synchronisation différée: HTTPSConnectionPool(host='portfolio-python-entreprise.onrender.com', port=443): Max retries exceeded with url: /ventes/synchroniser (Caused by NameResolutionError("HTTPSConnection(host='portfolio-python-entreprise.onrender.com', port=443): Failed to resolve 'portfolio-python-entreprise.onrender.com' ([Errno 11001] getaddrinfo failed)"))
2026-09-15 05:30:07,131 - WARNING - Synchronisation différée: HTTPSConnectionPool(host='portfolio-python-entreprise.onrender.com', port=443): Max retries exceeded with url: /ventes/synchroniser (Caused by NameResolutionError("HTTPSConnection(host='portfolio-python-entreprise.onrender.com', port=443): Failed to resolve 'portfolio-python-entreprise.onrender.com' ([Errno 11001] getaddrinfo failed)"))
2026-09-15 05:30:37,107 - WARNING - Synchronisation différée: HTTPSConnectionPool(host='portfolio-python-entreprise.onrender.com', port=443): Max retries exceeded with url: /ventes/synchroniser (Caused by NameResolutionError("HTTPSConnection(host='portfolio-python-entreprise.onrender.com', port=443): Failed to resolve 'portfolio-python-entreprise.onrender.com' ([Errno 11001] getaddrinfo failed)"))
2026-09-15 05:31:07,092 - WARNING - Synchronisation différée: HTTPSConnectionPool(host='portfolio-python-entreprise.onrender.com', port=443): Max retries exceeded with url: /ventes/synchroniser (Caused by NameResolutionError("HTTPSConnection(host='portfolio-python-entreprise.onrender.com', port=443): Failed to resolve 'portfolio-python-entreprise.onrender.com' ([Errno 11001] getaddrinfo failed)"))
2026-09-15 05:31:37,073 - WARNING - Synchronisation différée: HTTPSConnectionPool(host='portfolio-python-entreprise.onrender.com', port=443): Max retries exceeded with url: /ventes/synchroniser (Caused by NameResolutionError("HTTPSConnection(host='portfolio-python-entreprise.onrender.com', port=443): Failed to resolve 'portfolio-python-entreprise.onrender.com' ([Errno 11001] getaddrinfo failed)"))
2026-09-15 05:32:07,082 - WARNING - Synchronisation différée: HTTPSConnectionPool(host='portfolio-python-entreprise.onrender.com', port=443): Max retries exceeded with url: /ventes/synchroniser (Caused by NameResolutionError("HTTPSConnection(host='portfolio-python-entreprise.onrender.com', port=443): Failed to resolve 'portfolio-python-entreprise.onrender.com' ([Errno 11001] getaddrinfo failed)"))
2026-09-15 05:32:37,091 - WARNING - Synchronisation différée: HTTPSConnectionPool(host='portfolio-python-entreprise.onrender.com', port=443): Max retries exceeded with url: /ventes/synchroniser (Caused by NameResolutionError("HTTPSConnection(host='portfolio-python-entreprise.onrender.com', port=443): Failed to resolve 'portfolio-python-entreprise.onrender.com' ([Errno 11001] getaddrinfo failed)"))
2026-09-15 05:33:07,110 - WARNING - Synchronisation différée: HTTPSConnectionPool(host='portfolio-python-entreprise.onrender.com', port=443): Max retries exceeded with url: /ventes/synchroniser (Caused by NameResolutionError("HTTPSConnection(host='portfolio-python-entreprise.onrender.com', port=443): Failed to resolve 'portfolio-python-entreprise.onrender.com' ([Errno 11001] getaddrinfo failed)"))
2026-09-15 05:33:37,103 - WARNING - Synchronisation différée: HTTPSConnectionPool(host='portfolio-python-entreprise.onrender.com', port=443): Max retries exceeded with url: /ventes/synchroniser (Caused by NameResolutionError("HTTPSConnection(host='portfolio-python-entreprise.onrender.com', port=443): Failed to resolve 'portfolio-python-entreprise.onrender.com' ([Errno 11001] getaddrinfo failed)"))
2026-09-15 05:34:07,121 - WARNING - Synchronisation différée: HTTPSConnectionPool(host='portfolio-python-entreprise.onrender.com', port=443): Max retries exceeded with url: /ventes/synchroniser (Caused by NameResolutionError("HTTPSConnection(host='portfolio-python-entreprise.onrender.com', port=443): Failed to resolve 'portfolio-python-entreprise.onrender.com' ([Errno 11001] getaddrinfo failed)"))
2026-09-15 05:34:37,153 - WARNING - Synchronisation différée: HTTPSConnectionPool(host='portfolio-python-entreprise.onrender.com', port=443): Max retries exceeded with url: /ventes/synchroniser (Caused by NameResolutionError("HTTPSConnection(host='portfolio-python-entreprise.onrender.com', port=443): Failed to resolve 'portfolio-python-entreprise.onrender.com' ([Errno 11001] getaddrinfo failed)"))
2026-09-15 05:35:07,187 - WARNING - Synchronisation différée: HTTPSConnectionPool(host='portfolio-python-entreprise.onrender.com', port=443): Max retries exceeded with url: /ventes/synchroniser (Caused by NameResolutionError("HTTPSConnection(host='portfolio-python-entreprise.onrender.com', port=443): Failed to resolve 'portfolio-python-entreprise.onrender.com' ([Errno 11001] getaddrinfo failed)"))
2026-09-15 05:35:37,205 - WARNING - Synchronisation différée: HTTPSConnectionPool(host='portfolio-python-entreprise.onrender.com', port=443): Max retries exceeded with url: /ventes/synchroniser (Caused by NameResolutionError("HTTPSConnection(host='portfolio-python-entreprise.onrender.com', port=443): Failed to resolve 'portfolio-python-entreprise.onrender.com' ([Errno 11001] getaddrinfo failed)"))
2026-09-15 05:36:07,157 - WARNING - Synchronisation différée: HTTPSConnectionPool(host='portfolio-python-entreprise.onrender.com', port=443): Max retries exceeded with url: /ventes/synchroniser (Caused by NameResolutionError("HTTPSConnection(host='portfolio-python-entreprise.onrender.com', port=443): Failed to resolve 'portfolio-python-entreprise.onrender.com' ([Errno 11001] getaddrinfo failed)"))
2026-09-15 05:36:37,208 - WARNING - Synchronisation différée: HTTPSConnectionPool(host='portfolio-python-entreprise.onrender.com', port=443): Max retries exceeded with url: /ventes/synchroniser (Caused by NameResolutionError("HTTPSConnection(host='portfolio-python-entreprise.onrender.com', port=443): Failed to resolve 'portfolio-python-entreprise.onrender.com' ([Errno 11001] getaddrinfo failed)"))
2026-09-15 05:37:07,204 - WARNING - Synchronisation différée: HTTPSConnectionPool(host='portfolio-python-entreprise.onrender.com', port=443): Max retries exceeded with url: /ventes/synchroniser (Caused by NameResolutionError("HTTPSConnection(host='portfolio-python-entreprise.onrender.com', port=443): Failed to resolve 'portfolio-python-entreprise.onrender.com' ([Errno 11001] getaddrinfo failed)"))
2026-09-15 05:37:37,181 - WARNING - Synchronisation différée: HTTPSConnectionPool(host='portfolio-python-entreprise.onrender.com', port=443): Max retries exceeded with url: /ventes/synchroniser (Caused by NameResolutionError("HTTPSConnection(host='portfolio-python-entreprise.onrender.com', port=443): Failed to resolve 'portfolio-python-entreprise.onrender.com' ([Errno 11001] getaddrinfo failed)"))
2026-09-15 05:38:07,217 - WARNING - Synchronisation différée: HTTPSConnectionPool(host='portfolio-python-entreprise.onrender.com', port=443): Max retries exceeded with url: /ventes/synchroniser (Caused by NameResolutionError("HTTPSConnection(host='portfolio-python-entreprise.onrender.com', port=443): Failed to resolve 'portfolio-python-entreprise.onrender.com' ([Errno 11001] getaddrinfo failed)"))
2026-09-15 05:38:37,250 - WARNING - Synchronisation différée: HTTPSConnectionPool(host='portfolio-python-entreprise.onrender.com', port=443): Max retries exceeded with url: /ventes/synchroniser (Caused by NameResolutionError("HTTPSConnection(host='portfolio-python-entreprise.onrender.com', port=443): Failed to resolve 'portfolio-python-entreprise.onrender.com' ([Errno 11001] getaddrinfo failed)"))
2026-09-15 05:39:07,233 - WARNING - Synchronisation différée: HTTPSConnectionPool(host='portfolio-python-entreprise.onrender.com', port=443): Max retries exceeded with url: /ventes/synchroniser (Caused by NameResolutionError("HTTPSConnection(host='portfolio-python-entreprise.onrender.com', port=443): Failed to resolve 'portfolio-python-entreprise.onrender.com' ([Errno 11001] getaddrinfo failed)"))
2026-09-15 05:39:37,266 - WARNING - Synchronisation différée: HTTPSConnectionPool(host='portfolio-python-entreprise.onrender.com', port=443): Max retries exceeded with url: /ventes/synchroniser (Caused by NameResolutionError("HTTPSConnection(host='portfolio-python-entreprise.onrender.com', port=443): Failed to resolve 'portfolio-python-entreprise.onrender.com' ([Errno 11001] getaddrinfo failed)"))
2026-09-15 05:40:07,230 - WARNING - Synchronisation différée: HTTPSConnectionPool(host='portfolio-python-entreprise.onrender.com', port=443): Max retries exceeded with url: /ventes/synchroniser (Caused by NameResolutionError("HTTPSConnection(host='portfolio-python-entreprise.onrender.com', port=443): Failed to resolve 'portfolio-python-entreprise.onrender.com' ([Errno 11001] getaddrinfo failed)"))
2026-09-15 05:40:37,248 - WARNING - Synchronisation différée: HTTPSConnectionPool(host='portfolio-python-entreprise.onrender.com', port=443): Max retries exceeded with url: /ventes/synchroniser (Caused by NameResolutionError("HTTPSConnection(host='portfolio-python-entreprise.onrender.com', port=443): Failed to resolve 'portfolio-python-entreprise.onrender.com' ([Errno 11001] getaddrinfo failed)"))
2026-09-15 05:41:07,241 - WARNING - Synchronisation différée: HTTPSConnectionPool(host='portfolio-python-entreprise.onrender.com', port=443): Max retries exceeded with url: /ventes/synchroniser (Caused by NameResolutionError("HTTPSConnection(host='portfolio-python-entreprise.onrender.com', port=443): Failed to resolve 'portfolio-python-entreprise.onrender.com' ([Errno 11001] getaddrinfo failed)"))
2026-09-15 05:41:37,273 - WARNING - Synchronisation différée: HTTPSConnectionPool(host='portfolio-python-entreprise.onrender.com', port=443): Max retries exceeded with url: /ventes/synchroniser (Caused by NameResolutionError("HTTPSConnection(host='portfolio-python-entreprise.onrender.com', port=443): Failed to resolve 'portfolio-python-entreprise.onrender.com' ([Errno 11001] getaddrinfo failed)"))
2026-09-15 05:42:07,286 - WARNING - Synchronisation différée: HTTPSConnectionPool(host='portfolio-python-entreprise.onrender.com', port=443): Max retries exceeded with url: /ventes/synchroniser (Caused by NameResolutionError("HTTPSConnection(host='portfolio-python-entreprise.onrender.com', port=443): Failed to resolve 'portfolio-python-entreprise.onrender.com' ([Errno 11001] getaddrinfo failed)"))
2026-09-15 05:42:37,262 - WARNING - Synchronisation différée: HTTPSConnectionPool(host='portfolio-python-entreprise.onrender.com', port=443): Max retries exceeded with url: /ventes/synchroniser (Caused by NameResolutionError("HTTPSConnection(host='portfolio-python-entreprise.onrender.com', port=443): Failed to resolve 'portfolio-python-entreprise.onrender.com' ([Errno 11001] getaddrinfo failed)"))
2026-09-15 05:43:07,310 - WARNING - Synchronisation différée: HTTPSConnectionPool(host='portfolio-python-entreprise.onrender.com', port=443): Max retries exceeded with url: /ventes/synchroniser (Caused by NameResolutionError("HTTPSConnection(host='portfolio-python-entreprise.onrender.com', port=443): Failed to resolve 'portfolio-python-entreprise.onrender.com' ([Errno 11001] getaddrinfo failed)"))
2026-09-15 05:43:37,399 - WARNING - Synchronisation différée: HTTPSConnectionPool(host='portfolio-python-entreprise.onrender.com', port=443): Max retries exceeded with url: /ventes/synchroniser (Caused by NameResolutionError("HTTPSConnection(host='portfolio-python-entreprise.onrender.com', port=443): Failed to resolve 'portfolio-python-entreprise.onrender.com' ([Errno 11001] getaddrinfo failed)"))
2026-09-15 05:44:07,330 - WARNING - Synchronisation différée: HTTPSConnectionPool(host='portfolio-python-entreprise.onrender.com', port=443): Max retries exceeded with url: /ventes/synchroniser (Caused by NameResolutionError("HTTPSConnection(host='portfolio-python-entreprise.onrender.com', port=443): Failed to resolve 'portfolio-python-entreprise.onrender.com' ([Errno 11001] getaddrinfo failed)"))
2026-09-15 05:44:37,301 - WARNING - Synchronisation différée: HTTPSConnectionPool(host='portfolio-python-entreprise.onrender.com', port=443): Max retries exceeded with url: /ventes/synchroniser (Caused by NameResolutionError("HTTPSConnection(host='portfolio-python-entreprise.onrender.com', port=443): Failed to resolve 'portfolio-python-entreprise.onrender.com' ([Errno 11001] getaddrinfo failed)"))
2026-09-15 05:45:07,363 - WARNING - Synchronisation différée: HTTPSConnectionPool(host='portfolio-python-entreprise.onrender.com', port=443): Max retries exceeded with url: /ventes/synchroniser (Caused by NameResolutionError("HTTPSConnection(host='portfolio-python-entreprise.onrender.com', port=443): Failed to resolve 'portfolio-python-entreprise.onrender.com' ([Errno 11001] getaddrinfo failed)"))
2026-09-15 05:45:37,350 - WARNING - Synchronisation différée: HTTPSConnectionPool(host='portfolio-python-entreprise.onrender.com', port=443): Max retries exceeded with url: /ventes/synchroniser (Caused by NameResolutionError("HTTPSConnection(host='portfolio-python-entreprise.onrender.com', port=443): Failed to resolve 'portfolio-python-entreprise.onrender.com' ([Errno 11001] getaddrinfo failed)"))
2026-09-15 05:46:07,360 - WARNING - Synchronisation différée: HTTPSConnectionPool(host='portfolio-python-entreprise.onrender.com', port=443): Max retries exceeded with url: /ventes/synchroniser (Caused by NameResolutionError("HTTPSConnection(host='portfolio-python-entreprise.onrender.com', port=443): Failed to resolve 'portfolio-python-entreprise.onrender.com' ([Errno 11001] getaddrinfo failed)"))
2026-09-15 05:46:37,362 - WARNING - Synchronisation différée: HTTPSConnectionPool(host='portfolio-python-entreprise.onrender.com', port=443): Max retries exceeded with url: /ventes/synchroniser (Caused by NameResolutionError("HTTPSConnection(host='portfolio-python-entreprise.onrender.com', port=443): Failed to resolve 'portfolio-python-entreprise.onrender.com' ([Errno 11001] getaddrinfo failed)"))
2026-09-15 05:47:07,387 - WARNING - Synchronisation différée: HTTPSConnectionPool(host='portfolio-python-entreprise.onrender.com', port=443): Max retries exceeded with url: /ventes/synchroniser (Caused by NameResolutionError("HTTPSConnection(host='portfolio-python-entreprise.onrender.com', port=443): Failed to resolve 'portfolio-python-entreprise.onrender.com' ([Errno 11001] getaddrinfo failed)"))
2026-09-15 05:47:37,343 - WARNING - Synchronisation différée: HTTPSConnectionPool(host='portfolio-python-entreprise.onrender.com', port=443): Max retries exceeded with url: /ventes/synchroniser (Caused by NameResolutionError("HTTPSConnection(host='portfolio-python-entreprise.onrender.com', port=443): Failed to resolve 'portfolio-python-entreprise.onrender.com' ([Errno 11001] getaddrinfo failed)"))
2026-09-15 05:48:07,345 - WARNING - Synchronisation différée: HTTPSConnectionPool(host='portfolio-python-entreprise.onrender.com', port=443): Max retries exceeded with url: /ventes/synchroniser (Caused by NameResolutionError("HTTPSConnection(host='portfolio-python-entreprise.onrender.com', port=443): Failed to resolve 'portfolio-python-entreprise.onrender.com' ([Errno 11001] getaddrinfo failed)"))
2026-09-15 05:48:37,354 - WARNING - Synchronisation différée: HTTPSConnectionPool(host='portfolio-python-entreprise.onrender.com', port=443): Max retries exceeded with url: /ventes/synchroniser (Caused by NameResolutionError("HTTPSConnection(host='portfolio-python-entreprise.onrender.com', port=443): Failed to resolve 'portfolio-python-entreprise.onrender.com' ([Errno 11001] getaddrinfo failed)"))
2026-09-15 05:49:07,364 - WARNING - Synchronisation différée: HTTPSConnectionPool(host='portfolio-python-entreprise.onrender.com', port=443): Max retries exceeded with url: /ventes/synchroniser (Caused by NameResolutionError("HTTPSConnection(host='portfolio-python-entreprise.onrender.com', port=443): Failed to resolve 'portfolio-python-entreprise.onrender.com' ([Errno 11001] getaddrinfo failed)"))
2026-09-15 05:49:37,366 - WARNING - Synchronisation différée: HTTPSConnectionPool(host='portfolio-python-entreprise.onrender.com', port=443): Max retries exceeded with url: /ventes/synchroniser (Caused by NameResolutionError("HTTPSConnection(host='portfolio-python-entreprise.onrender.com', port=443): Failed to resolve 'portfolio-python-entreprise.onrender.com' ([Errno 11001] getaddrinfo failed)"))
2026-09-15 05:50:07,375 - WARNING - Synchronisation différée: HTTPSConnectionPool(host='portfolio-python-entreprise.onrender.com', port=443): Max retries exceeded with url: /ventes/synchroniser (Caused by NameResolutionError("HTTPSConnection(host='portfolio-python-entreprise.onrender.com', port=443): Failed to resolve 'portfolio-python-entreprise.onrender.com' ([Errno 11001] getaddrinfo failed)"))
2026-09-15 05:50:37,406 - WARNING - Synchronisation différée: HTTPSConnectionPool(host='portfolio-python-entreprise.onrender.com', port=443): Max retries exceeded with url: /ventes/synchroniser (Caused by NameResolutionError("HTTPSConnection(host='portfolio-python-entreprise.onrender.com', port=443): Failed to resolve 'portfolio-python-entreprise.onrender.com' ([Errno 11001] getaddrinfo failed)"))
2026-09-15 05:51:07,378 - WARNING - Synchronisation différée: HTTPSConnectionPool(host='portfolio-python-entreprise.onrender.com', port=443): Max retries exceeded with url: /ventes/synchroniser (Caused by NameResolutionError("HTTPSConnection(host='portfolio-python-entreprise.onrender.com', port=443): Failed to resolve 'portfolio-python-entreprise.onrender.com' ([Errno 11001] getaddrinfo failed)"))
2026-09-15 05:51:37,424 - WARNING - Synchronisation différée: HTTPSConnectionPool(host='portfolio-python-entreprise.onrender.com', port=443): Max retries exceeded with url: /ventes/synchroniser (Caused by NameResolutionError("HTTPSConnection(host='portfolio-python-entreprise.onrender.com', port=443): Failed to resolve 'portfolio-python-entreprise.onrender.com' ([Errno 11001] getaddrinfo failed)"))
2026-09-15 05:52:07,423 - WARNING - Synchronisation différée: HTTPSConnectionPool(host='portfolio-python-entreprise.onrender.com', port=443): Max retries exceeded with url: /ventes/synchroniser (Caused by NameResolutionError("HTTPSConnection(host='portfolio-python-entreprise.onrender.com', port=443): Failed to resolve 'portfolio-python-entreprise.onrender.com' ([Errno 11001] getaddrinfo failed)"))
2026-09-15 05:52:37,408 - WARNING - Synchronisation différée: HTTPSConnectionPool(host='portfolio-python-entreprise.onrender.com', port=443): Max retries exceeded with url: /ventes/synchroniser (Caused by NameResolutionError("HTTPSConnection(host='portfolio-python-entreprise.onrender.com', port=443): Failed to resolve 'portfolio-python-entreprise.onrender.com' ([Errno 11001] getaddrinfo failed)"))
2026-09-15 05:53:07,480 - WARNING - Synchronisation différée: HTTPSConnectionPool(host='portfolio-python-entreprise.onrender.com', port=443): Max retries exceeded with url: /ventes/synchroniser (Caused by NameResolutionError("HTTPSConnection(host='portfolio-python-entreprise.onrender.com', port=443): Failed to resolve 'portfolio-python-entreprise.onrender.com' ([Errno 11001] getaddrinfo failed)"))
2026-09-15 05:53:37,516 - WARNING - Synchronisation différée: HTTPSConnectionPool(host='portfolio-python-entreprise.onrender.com', port=443): Max retries exceeded with url: /ventes/synchroniser (Caused by NameResolutionError("HTTPSConnection(host='portfolio-python-entreprise.onrender.com', port=443): Failed to resolve 'portfolio-python-entreprise.onrender.com' ([Errno 11001] getaddrinfo failed)"))
2026-09-15 05:54:07,453 - WARNING - Synchronisation différée: HTTPSConnectionPool(host='portfolio-python-entreprise.onrender.com', port=443): Max retries exceeded with url: /ventes/synchroniser (Caused by NameResolutionError("HTTPSConnection(host='portfolio-python-entreprise.onrender.com', port=443): Failed to resolve 'portfolio-python-entreprise.onrender.com' ([Errno 11001] getaddrinfo failed)"))
2026-09-15 05:54:37,430 - WARNING - Synchronisation différée: HTTPSConnectionPool(host='portfolio-python-entreprise.onrender.com', port=443): Max retries exceeded with url: /ventes/synchroniser (Caused by NameResolutionError("HTTPSConnection(host='portfolio-python-entreprise.onrender.com', port=443): Failed to resolve 'portfolio-python-entreprise.onrender.com' ([Errno 11001] getaddrinfo failed)"))
2026-09-15 05:55:07,473 - WARNING - Synchronisation différée: HTTPSConnectionPool(host='portfolio-python-entreprise.onrender.com', port=443): Max retries exceeded with url: /ventes/synchroniser (Caused by NameResolutionError("HTTPSConnection(host='portfolio-python-entreprise.onrender.com', port=443): Failed to resolve 'portfolio-python-entreprise.onrender.com' ([Errno 11001] getaddrinfo failed)"))
2026-09-15 05:55:37,458 - WARNING - Synchronisation différée: HTTPSConnectionPool(host='portfolio-python-entreprise.onrender.com', port=443): Max retries exceeded with url: /ventes/synchroniser (Caused by NameResolutionError("HTTPSConnection(host='portfolio-python-entreprise.onrender.com', port=443): Failed to resolve 'portfolio-python-entreprise.onrender.com' ([Errno 11001] getaddrinfo failed)"))
2026-09-15 05:56:07,493 - WARNING - Synchronisation différée: HTTPSConnectionPool(host='portfolio-python-entreprise.onrender.com', port=443): Max retries exceeded with url: /ventes/synchroniser (Caused by NameResolutionError("HTTPSConnection(host='portfolio-python-entreprise.onrender.com', port=443): Failed to resolve 'portfolio-python-entreprise.onrender.com' ([Errno 11001] getaddrinfo failed)"))
2026-09-15 05:56:37,524 - WARNING - Synchronisation différée: HTTPSConnectionPool(host='portfolio-python-entreprise.onrender.com', port=443): Max retries exceeded with url: /ventes/synchroniser (Caused by NameResolutionError("HTTPSConnection(host='portfolio-python-entreprise.onrender.com', port=443): Failed to resolve 'portfolio-python-entreprise.onrender.com' ([Errno 11001] getaddrinfo failed)"))
2026-09-15 05:57:07,520 - WARNING - Synchronisation différée: HTTPSConnectionPool(host='portfolio-python-entreprise.onrender.com', port=443): Max retries exceeded with url: /ventes/synchroniser (Caused by NameResolutionError("HTTPSConnection(host='portfolio-python-entreprise.onrender.com', port=443): Failed to resolve 'portfolio-python-entreprise.onrender.com' ([Errno 11001] getaddrinfo failed)"))
2026-09-15 05:57:37,497 - WARNING - Synchronisation différée: HTTPSConnectionPool(host='portfolio-python-entreprise.onrender.com', port=443): Max retries exceeded with url: /ventes/synchroniser (Caused by NameResolutionError("HTTPSConnection(host='portfolio-python-entreprise.onrender.com', port=443): Failed to resolve 'portfolio-python-entreprise.onrender.com' ([Errno 11001] getaddrinfo failed)"))
2026-09-15 05:58:07,515 - WARNING - Synchronisation différée: HTTPSConnectionPool(host='portfolio-python-entreprise.onrender.com', port=443): Max retries exceeded with url: /ventes/synchroniser (Caused by NameResolutionError("HTTPSConnection(host='portfolio-python-entreprise.onrender.com', port=443): Failed to resolve 'portfolio-python-entreprise.onrender.com' ([Errno 11001] getaddrinfo failed)"))
2026-09-15 05:58:37,531 - WARNING - Synchronisation différée: HTTPSConnectionPool(host='portfolio-python-entreprise.onrender.com', port=443): Max retries exceeded with url: /ventes/synchroniser (Caused by NameResolutionError("HTTPSConnection(host='portfolio-python-entreprise.onrender.com', port=443): Failed to resolve 'portfolio-python-entreprise.onrender.com' ([Errno 11001] getaddrinfo failed)"))
2026-09-15 05:59:07,580 - WARNING - Synchronisation différée: HTTPSConnectionPool(host='portfolio-python-entreprise.onrender.com', port=443): Max retries exceeded with url: /ventes/synchroniser (Caused by NameResolutionError("HTTPSConnection(host='portfolio-python-entreprise.onrender.com', port=443): Failed to resolve 'portfolio-python-entreprise.onrender.com' ([Errno 11001] getaddrinfo failed)"))
2026-09-15 05:59:37,528 - WARNING - Synchronisation différée: HTTPSConnectionPool(host='portfolio-python-entreprise.onrender.com', port=443): Max retries exceeded with url: /ventes/synchroniser (Caused by NameResolutionError("HTTPSConnection(host='portfolio-python-entreprise.onrender.com', port=443): Failed to resolve 'portfolio-python-entreprise.onrender.com' ([Errno 11001] getaddrinfo failed)"))
2026-09-15 06:00:07,538 - WARNING - Synchronisation différée: HTTPSConnectionPool(host='portfolio-python-entreprise.onrender.com', port=443): Max retries exceeded with url: /ventes/synchroniser (Caused by NameResolutionError("HTTPSConnection(host='portfolio-python-entreprise.onrender.com', port=443): Failed to resolve 'portfolio-python-entreprise.onrender.com' ([Errno 11001] getaddrinfo failed)"))
2026-09-15 06:00:37,570 - WARNING - Synchronisation différée: HTTPSConnectionPool(host='portfolio-python-entreprise.onrender.com', port=443): Max retries exceeded with url: /ventes/synchroniser (Caused by NameResolutionError("HTTPSConnection(host='portfolio-python-entreprise.onrender.com', port=443): Failed to resolve 'portfolio-python-entreprise.onrender.com' ([Errno 11001] getaddrinfo failed)"))
2026-09-15 06:01:07,607 - WARNING - Synchronisation différée: HTTPSConnectionPool(host='portfolio-python-entreprise.onrender.com', port=443): Max retries exceeded with url: /ventes/synchroniser (Caused by NameResolutionError("HTTPSConnection(host='portfolio-python-entreprise.onrender.com', port=443): Failed to resolve 'portfolio-python-entreprise.onrender.com' ([Errno 11001] getaddrinfo failed)"))
2026-09-15 06:01:37,670 - WARNING - Synchronisation différée: HTTPSConnectionPool(host='portfolio-python-entreprise.onrender.com', port=443): Max retries exceeded with url: /ventes/synchroniser (Caused by NameResolutionError("HTTPSConnection(host='portfolio-python-entreprise.onrender.com', port=443): Failed to resolve 'portfolio-python-entreprise.onrender.com' ([Errno 11001] getaddrinfo failed)"))
2026-09-15 06:02:07,611 - WARNING - Synchronisation différée: HTTPSConnectionPool(host='portfolio-python-entreprise.onrender.com', port=443): Max retries exceeded with url: /ventes/synchroniser (Caused by NameResolutionError("HTTPSConnection(host='portfolio-python-entreprise.onrender.com', port=443): Failed to resolve 'portfolio-python-entreprise.onrender.com' ([Errno 11001] getaddrinfo failed)"))
2026-09-15 06:02:37,625 - WARNING - Synchronisation différée: HTTPSConnectionPool(host='portfolio-python-entreprise.onrender.com', port=443): Max retries exceeded with url: /ventes/synchroniser (Caused by NameResolutionError("HTTPSConnection(host='portfolio-python-entreprise.onrender.com', port=443): Failed to resolve 'portfolio-python-entreprise.onrender.com' ([Errno 11001] getaddrinfo failed)"))
2026-09-15 06:03:07,605 - WARNING - Synchronisation différée: HTTPSConnectionPool(host='portfolio-python-entreprise.onrender.com', port=443): Max retries exceeded with url: /ventes/synchroniser (Caused by NameResolutionError("HTTPSConnection(host='portfolio-python-entreprise.onrender.com', port=443): Failed to resolve 'portfolio-python-entreprise.onrender.com' ([Errno 11001] getaddrinfo failed)"))
2026-09-15 06:03:37,642 - WARNING - Synchronisation différée: HTTPSConnectionPool(host='portfolio-python-entreprise.onrender.com', port=443): Max retries exceeded with url: /ventes/synchroniser (Caused by NameResolutionError("HTTPSConnection(host='portfolio-python-entreprise.onrender.com', port=443): Failed to resolve 'portfolio-python-entreprise.onrender.com' ([Errno 11001] getaddrinfo failed)"))
2026-09-15 06:04:07,653 - WARNING - Synchronisation différée: HTTPSConnectionPool(host='portfolio-python-entreprise.onrender.com', port=443): Max retries exceeded with url: /ventes/synchroniser (Caused by NameResolutionError("HTTPSConnection(host='portfolio-python-entreprise.onrender.com', port=443): Failed to resolve 'portfolio-python-entreprise.onrender.com' ([Errno 11001] getaddrinfo failed)"))
2026-09-15 06:04:37,618 - WARNING - Synchronisation différée: HTTPSConnectionPool(host='portfolio-python-entreprise.onrender.com', port=443): Max retries exceeded with url: /ventes/synchroniser (Caused by NameResolutionError("HTTPSConnection(host='portfolio-python-entreprise.onrender.com', port=443): Failed to resolve 'portfolio-python-entreprise.onrender.com' ([Errno 11001] getaddrinfo failed)"))
2026-09-15 06:05:07,682 - WARNING - Synchronisation différée: HTTPSConnectionPool(host='portfolio-python-entreprise.onrender.com', port=443): Max retries exceeded with url: /ventes/synchroniser (Caused by NameResolutionError("HTTPSConnection(host='portfolio-python-entreprise.onrender.com', port=443): Failed to resolve 'portfolio-python-entreprise.onrender.com' ([Errno 11001] getaddrinfo failed)"))
2026-09-15 06:05:37,659 - WARNING - Synchronisation différée: HTTPSConnectionPool(host='portfolio-python-entreprise.onrender.com', port=443): Max retries exceeded with url: /ventes/synchroniser (Caused by NameResolutionError("HTTPSConnection(host='portfolio-python-entreprise.onrender.com', port=443): Failed to resolve 'portfolio-python-entreprise.onrender.com' ([Errno 11001] getaddrinfo failed)"))
2026-09-15 06:06:07,685 - WARNING - Synchronisation différée: HTTPSConnectionPool(host='portfolio-python-entreprise.onrender.com', port=443): Max retries exceeded with url: /ventes/synchroniser (Caused by NameResolutionError("HTTPSConnection(host='portfolio-python-entreprise.onrender.com', port=443): Failed to resolve 'portfolio-python-entreprise.onrender.com' ([Errno 11001] getaddrinfo failed)"))
2026-09-15 06:06:37,648 - WARNING - Synchronisation différée: HTTPSConnectionPool(host='portfolio-python-entreprise.onrender.com', port=443): Max retries exceeded with url: /ventes/synchroniser (Caused by NameResolutionError("HTTPSConnection(host='portfolio-python-entreprise.onrender.com', port=443): Failed to resolve 'portfolio-python-entreprise.onrender.com' ([Errno 11001] getaddrinfo failed)"))
2026-09-15 06:07:07,714 - WARNING - Synchronisation différée: HTTPSConnectionPool(host='portfolio-python-entreprise.onrender.com', port=443): Max retries exceeded with url: /ventes/synchroniser (Caused by NameResolutionError("HTTPSConnection(host='portfolio-python-entreprise.onrender.com', port=443): Failed to resolve 'portfolio-python-entreprise.onrender.com' ([Errno 11001] getaddrinfo failed)"))
2026-09-15 06:07:37,761 - WARNING - Synchronisation différée: HTTPSConnectionPool(host='portfolio-python-entreprise.onrender.com', port=443): Max retries exceeded with url: /ventes/synchroniser (Caused by NameResolutionError("HTTPSConnection(host='portfolio-python-entreprise.onrender.com', port=443): Failed to resolve 'portfolio-python-entreprise.onrender.com' ([Errno 11001] getaddrinfo failed)"))
2026-09-15 06:08:07,716 - WARNING - Synchronisation différée: HTTPSConnectionPool(host='portfolio-python-entreprise.onrender.com', port=443): Max retries exceeded with url: /ventes/synchroniser (Caused by NameResolutionError("HTTPSConnection(host='portfolio-python-entreprise.onrender.com', port=443): Failed to resolve 'portfolio-python-entreprise.onrender.com' ([Errno 11001] getaddrinfo failed)"))
2026-09-15 06:08:37,712 - WARNING - Synchronisation différée: HTTPSConnectionPool(host='portfolio-python-entreprise.onrender.com', port=443): Max retries exceeded with url: /ventes/synchroniser (Caused by NameResolutionError("HTTPSConnection(host='portfolio-python-entreprise.onrender.com', port=443): Failed to resolve 'portfolio-python-entreprise.onrender.com' ([Errno 11001] getaddrinfo failed)"))
2026-09-15 06:09:07,744 - WARNING - Synchronisation différée: HTTPSConnectionPool(host='portfolio-python-entreprise.onrender.com', port=443): Max retries exceeded with url: /ventes/synchroniser (Caused by NameResolutionError("HTTPSConnection(host='portfolio-python-entreprise.onrender.com', port=443): Failed to resolve 'portfolio-python-entreprise.onrender.com' ([Errno 11001] getaddrinfo failed)"))
2026-09-15 06:09:37,688 - WARNING - Synchronisation différée: HTTPSConnectionPool(host='portfolio-python-entreprise.onrender.com', port=443): Max retries exceeded with url: /ventes/synchroniser (Caused by NameResolutionError("HTTPSConnection(host='portfolio-python-entreprise.onrender.com', port=443): Failed to resolve 'portfolio-python-entreprise.onrender.com' ([Errno 11001] getaddrinfo failed)"))
2026-09-15 06:10:07,724 - WARNING - Synchronisation différée: HTTPSConnectionPool(host='portfolio-python-entreprise.onrender.com', port=443): Max retries exceeded with url: /ventes/synchroniser (Caused by NameResolutionError("HTTPSConnection(host='portfolio-python-entreprise.onrender.com', port=443): Failed to resolve 'portfolio-python-entreprise.onrender.com' ([Errno 11001] getaddrinfo failed)"))
2026-09-15 06:10:37,727 - WARNING - Synchronisation différée: HTTPSConnectionPool(host='portfolio-python-entreprise.onrender.com', port=443): Max retries exceeded with url: /ventes/synchroniser (Caused by NameResolutionError("HTTPSConnection(host='portfolio-python-entreprise.onrender.com', port=443): Failed to resolve 'portfolio-python-entreprise.onrender.com' ([Errno 11001] getaddrinfo failed)"))
2026-09-15 06:11:07,767 - WARNING - Synchronisation différée: HTTPSConnectionPool(host='portfolio-python-entreprise.onrender.com', port=443): Max retries exceeded with url: /ventes/synchroniser (Caused by NameResolutionError("HTTPSConnection(host='portfolio-python-entreprise.onrender.com', port=443): Failed to resolve 'portfolio-python-entreprise.onrender.com' ([Errno 11001] getaddrinfo failed)"))
2026-09-15 06:11:37,746 - WARNING - Synchronisation différée: HTTPSConnectionPool(host='portfolio-python-entreprise.onrender.com', port=443): Max retries exceeded with url: /ventes/synchroniser (Caused by NameResolutionError("HTTPSConnection(host='portfolio-python-entreprise.onrender.com', port=443): Failed to resolve 'portfolio-python-entreprise.onrender.com' ([Errno 11001] getaddrinfo failed)"))
2026-09-15 06:12:07,773 - WARNING - Synchronisation différée: HTTPSConnectionPool(host='portfolio-python-entreprise.onrender.com', port=443): Max retries exceeded with url: /ventes/synchroniser (Caused by NameResolutionError("HTTPSConnection(host='portfolio-python-entreprise.onrender.com', port=443): Failed to resolve 'portfolio-python-entreprise.onrender.com' ([Errno 11001] getaddrinfo failed)"))
2026-09-15 06:12:37,782 - WARNING - Synchronisation différée: HTTPSConnectionPool(host='portfolio-python-entreprise.onrender.com', port=443): Max retries exceeded with url: /ventes/synchroniser (Caused by NameResolutionError("HTTPSConnection(host='portfolio-python-entreprise.onrender.com', port=443): Failed to resolve 'portfolio-python-entreprise.onrender.com' ([Errno 11001] getaddrinfo failed)"))
2026-09-15 06:13:07,845 - WARNING - Synchronisation différée: HTTPSConnectionPool(host='portfolio-python-entreprise.onrender.com', port=443): Max retries exceeded with url: /ventes/synchroniser (Caused by NameResolutionError("HTTPSConnection(host='portfolio-python-entreprise.onrender.com', port=443): Failed to resolve 'portfolio-python-entreprise.onrender.com' ([Errno 11001] getaddrinfo failed)"))
2026-09-15 06:13:37,899 - WARNING - Synchronisation différée: HTTPSConnectionPool(host='portfolio-python-entreprise.onrender.com', port=443): Max retries exceeded with url: /ventes/synchroniser (Caused by NameResolutionError("HTTPSConnection(host='portfolio-python-entreprise.onrender.com', port=443): Failed to resolve 'portfolio-python-entreprise.onrender.com' ([Errno 11001] getaddrinfo failed)"))
2026-09-15 06:14:07,834 - WARNING - Synchronisation différée: HTTPSConnectionPool(host='portfolio-python-entreprise.onrender.com', port=443): Max retries exceeded with url: /ventes/synchroniser (Caused by NameResolutionError("HTTPSConnection(host='portfolio-python-entreprise.onrender.com', port=443): Failed to resolve 'portfolio-python-entreprise.onrender.com' ([Errno 11001] getaddrinfo failed)"))
2026-09-15 06:14:37,788 - WARNING - Synchronisation différée: HTTPSConnectionPool(host='portfolio-python-entreprise.onrender.com', port=443): Max retries exceeded with url: /ventes/synchroniser (Caused by NameResolutionError("HTTPSConnection(host='portfolio-python-entreprise.onrender.com', port=443): Failed to resolve 'portfolio-python-entreprise.onrender.com' ([Errno 11001] getaddrinfo failed)"))
2026-09-15 06:15:07,798 - WARNING - Synchronisation différée: HTTPSConnectionPool(host='portfolio-python-entreprise.onrender.com', port=443): Max retries exceeded with url: /ventes/synchroniser (Caused by NameResolutionError("HTTPSConnection(host='portfolio-python-entreprise.onrender.com', port=443): Failed to resolve 'portfolio-python-entreprise.onrender.com' ([Errno 11001] getaddrinfo failed)"))
2026-09-15 06:15:37,846 - WARNING - Synchronisation différée: HTTPSConnectionPool(host='portfolio-python-entreprise.onrender.com', port=443): Max retries exceeded with url: /ventes/synchroniser (Caused by NameResolutionError("HTTPSConnection(host='portfolio-python-entreprise.onrender.com', port=443): Failed to resolve 'portfolio-python-entreprise.onrender.com' ([Errno 11001] getaddrinfo failed)"))
2026-09-15 06:16:07,792 - WARNING - Synchronisation différée: HTTPSConnectionPool(host='portfolio-python-entreprise.onrender.com', port=443): Max retries exceeded with url: /ventes/synchroniser (Caused by NameResolutionError("HTTPSConnection(host='portfolio-python-entreprise.onrender.com', port=443): Failed to resolve 'portfolio-python-entreprise.onrender.com' ([Errno 11001] getaddrinfo failed)"))
2026-09-15 06:16:37,833 - WARNING - Synchronisation différée: HTTPSConnectionPool(host='portfolio-python-entreprise.onrender.com', port=443): Max retries exceeded with url: /ventes/synchroniser (Caused by NameResolutionError("HTTPSConnection(host='portfolio-python-entreprise.onrender.com', port=443): Failed to resolve 'portfolio-python-entreprise.onrender.com' ([Errno 11001] getaddrinfo failed)"))
2026-09-15 06:17:07,829 - WARNING - Synchronisation différée: HTTPSConnectionPool(host='portfolio-python-entreprise.onrender.com', port=443): Max retries exceeded with url: /ventes/synchroniser (Caused by NameResolutionError("HTTPSConnection(host='portfolio-python-entreprise.onrender.com', port=443): Failed to resolve 'portfolio-python-entreprise.onrender.com' ([Errno 11001] getaddrinfo failed)"))
2026-09-15 06:17:37,804 - WARNING - Synchronisation différée: HTTPSConnectionPool(host='portfolio-python-entreprise.onrender.com', port=443): Max retries exceeded with url: /ventes/synchroniser (Caused by NameResolutionError("HTTPSConnection(host='portfolio-python-entreprise.onrender.com', port=443): Failed to resolve 'portfolio-python-entreprise.onrender.com' ([Errno 11001] getaddrinfo failed)"))
2026-09-15 06:18:07,998 - WARNING - Synchronisation différée: HTTPSConnectionPool(host='portfolio-python-entreprise.onrender.com', port=443): Max retries exceeded with url: /ventes/synchroniser (Caused by NameResolutionError("HTTPSConnection(host='portfolio-python-entreprise.onrender.com', port=443): Failed to resolve 'portfolio-python-entreprise.onrender.com' ([Errno 11001] getaddrinfo failed)"))
2026-09-15 06:18:37,987 - WARNING - Synchronisation différée: HTTPSConnectionPool(host='portfolio-python-entreprise.onrender.com', port=443): Max retries exceeded with url: /ventes/synchroniser (Caused by NameResolutionError("HTTPSConnection(host='portfolio-python-entreprise.onrender.com', port=443): Failed to resolve 'portfolio-python-entreprise.onrender.com' ([Errno 11001] getaddrinfo failed)"))
2026-09-15 06:19:07,892 - WARNING - Synchronisation différée: HTTPSConnectionPool(host='portfolio-python-entreprise.onrender.com', port=443): Max retries exceeded with url: /ventes/synchroniser (Caused by NameResolutionError("HTTPSConnection(host='portfolio-python-entreprise.onrender.com', port=443): Failed to resolve 'portfolio-python-entreprise.onrender.com' ([Errno 11001] getaddrinfo failed)"))
2026-09-15 06:19:37,986 - WARNING - Synchronisation différée: HTTPSConnectionPool(host='portfolio-python-entreprise.onrender.com', port=443): Max retries exceeded with url: /ventes/synchroniser (Caused by NameResolutionError("HTTPSConnection(host='portfolio-python-entreprise.onrender.com', port=443): Failed to resolve 'portfolio-python-entreprise.onrender.com' ([Errno 11001] getaddrinfo failed)"))
2026-09-15 06:20:07,934 - WARNING - Synchronisation différée: HTTPSConnectionPool(host='portfolio-python-entreprise.onrender.com', port=443): Max retries exceeded with url: /ventes/synchroniser (Caused by NameResolutionError("HTTPSConnection(host='portfolio-python-entreprise.onrender.com', port=443): Failed to resolve 'portfolio-python-entreprise.onrender.com' ([Errno 11001] getaddrinfo failed)"))
2026-09-15 06:20:37,944 - WARNING - Synchronisation différée: HTTPSConnectionPool(host='portfolio-python-entreprise.onrender.com', port=443): Max retries exceeded with url: /ventes/synchroniser (Caused by NameResolutionError("HTTPSConnection(host='portfolio-python-entreprise.onrender.com', port=443): Failed to resolve 'portfolio-python-entreprise.onrender.com' ([Errno 11001] getaddrinfo failed)"))
2026-09-15 06:21:07,949 - WARNING - Synchronisation différée: HTTPSConnectionPool(host='portfolio-python-entreprise.onrender.com', port=443): Max retries exceeded with url: /ventes/synchroniser (Caused by NameResolutionError("HTTPSConnection(host='portfolio-python-entreprise.onrender.com', port=443): Failed to resolve 'portfolio-python-entreprise.onrender.com' ([Errno 11001] getaddrinfo failed)"))
2026-09-15 06:21:37,909 - WARNING - Synchronisation différée: HTTPSConnectionPool(host='portfolio-python-entreprise.onrender.com', port=443): Max retries exceeded with url: /ventes/synchroniser (Caused by NameResolutionError("HTTPSConnection(host='portfolio-python-entreprise.onrender.com', port=443): Failed to resolve 'portfolio-python-entreprise.onrender.com' ([Errno 11001] getaddrinfo failed)"))
2026-09-15 06:22:08,012 - WARNING - Synchronisation différée: HTTPSConnectionPool(host='portfolio-python-entreprise.onrender.com', port=443): Max retries exceeded with url: /ventes/synchroniser (Caused by NameResolutionError("HTTPSConnection(host='portfolio-python-entreprise.onrender.com', port=443): Failed to resolve 'portfolio-python-entreprise.onrender.com' ([Errno 11001] getaddrinfo failed)"))
2026-09-15 06:22:37,938 - WARNING - Synchronisation différée: HTTPSConnectionPool(host='portfolio-python-entreprise.onrender.com', port=443): Max retries exceeded with url: /ventes/synchroniser (Caused by NameResolutionError("HTTPSConnection(host='portfolio-python-entreprise.onrender.com', port=443): Failed to resolve 'portfolio-python-entreprise.onrender.com' ([Errno 11001] getaddrinfo failed)"))
2026-09-15 06:23:07,930 - WARNING - Synchronisation différée: HTTPSConnectionPool(host='portfolio-python-entreprise.onrender.com', port=443): Max retries exceeded with url: /ventes/synchroniser (Caused by NameResolutionError("HTTPSConnection(host='portfolio-python-entreprise.onrender.com', port=443): Failed to resolve 'portfolio-python-entreprise.onrender.com' ([Errno 11001] getaddrinfo failed)"))
2026-09-15 06:23:37,986 - WARNING - Synchronisation différée: HTTPSConnectionPool(host='portfolio-python-entreprise.onrender.com', port=443): Max retries exceeded with url: /ventes/synchroniser (Caused by NameResolutionError("HTTPSConnection(host='portfolio-python-entreprise.onrender.com', port=443): Failed to resolve 'portfolio-python-entreprise.onrender.com' ([Errno 11001] getaddrinfo failed)"))
2026-09-15 06:24:08,021 - WARNING - Synchronisation différée: HTTPSConnectionPool(host='portfolio-python-entreprise.onrender.com', port=443): Max retries exceeded with url: /ventes/synchroniser (Caused by NameResolutionError("HTTPSConnection(host='portfolio-python-entreprise.onrender.com', port=443): Failed to resolve 'portfolio-python-entreprise.onrender.com' ([Errno 11001] getaddrinfo failed)"))
2026-09-15 06:24:37,963 - WARNING - Synchronisation différée: HTTPSConnectionPool(host='portfolio-python-entreprise.onrender.com', port=443): Max retries exceeded with url: /ventes/synchroniser (Caused by NameResolutionError("HTTPSConnection(host='portfolio-python-entreprise.onrender.com', port=443): Failed to resolve 'portfolio-python-entreprise.onrender.com' ([Errno 11001] getaddrinfo failed)"))
2026-09-15 06:25:07,962 - WARNING - Synchronisation différée: HTTPSConnectionPool(host='portfolio-python-entreprise.onrender.com', port=443): Max retries exceeded with url: /ventes/synchroniser (Caused by NameResolutionError("HTTPSConnection(host='portfolio-python-entreprise.onrender.com', port=443): Failed to resolve 'portfolio-python-entreprise.onrender.com' ([Errno 11001] getaddrinfo failed)"))
2026-09-15 06:25:38,065 - WARNING - Synchronisation différée: HTTPSConnectionPool(host='portfolio-python-entreprise.onrender.com', port=443): Max retries exceeded with url: /ventes/synchroniser (Caused by NameResolutionError("HTTPSConnection(host='portfolio-python-entreprise.onrender.com', port=443): Failed to resolve 'portfolio-python-entreprise.onrender.com' ([Errno 11001] getaddrinfo failed)"))
2026-09-15 06:26:08,043 - WARNING - Synchronisation différée: HTTPSConnectionPool(host='portfolio-python-entreprise.onrender.com', port=443): Max retries exceeded with url: /ventes/synchroniser (Caused by NameResolutionError("HTTPSConnection(host='portfolio-python-entreprise.onrender.com', port=443): Failed to resolve 'portfolio-python-entreprise.onrender.com' ([Errno 11001] getaddrinfo failed)"))
2026-09-15 06:26:38,015 - WARNING - Synchronisation différée: HTTPSConnectionPool(host='portfolio-python-entreprise.onrender.com', port=443): Max retries exceeded with url: /ventes/synchroniser (Caused by NameResolutionError("HTTPSConnection(host='portfolio-python-entreprise.onrender.com', port=443): Failed to resolve 'portfolio-python-entreprise.onrender.com' ([Errno 11001] getaddrinfo failed)"))
2026-09-15 06:27:08,039 - WARNING - Synchronisation différée: HTTPSConnectionPool(host='portfolio-python-entreprise.onrender.com', port=443): Max retries exceeded with url: /ventes/synchroniser (Caused by NameResolutionError("HTTPSConnection(host='portfolio-python-entreprise.onrender.com', port=443): Failed to resolve 'portfolio-python-entreprise.onrender.com' ([Errno 11001] getaddrinfo failed)"))
2026-09-15 06:27:38,033 - WARNING - Synchronisation différée: HTTPSConnectionPool(host='portfolio-python-entreprise.onrender.com', port=443): Max retries exceeded with url: /ventes/synchroniser (Caused by NameResolutionError("HTTPSConnection(host='portfolio-python-entreprise.onrender.com', port=443): Failed to resolve 'portfolio-python-entreprise.onrender.com' ([Errno 11001] getaddrinfo failed)"))
2026-09-15 06:28:08,028 - WARNING - Synchronisation différée: HTTPSConnectionPool(host='portfolio-python-entreprise.onrender.com', port=443): Max retries exceeded with url: /ventes/synchroniser (Caused by NameResolutionError("HTTPSConnection(host='portfolio-python-entreprise.onrender.com', port=443): Failed to resolve 'portfolio-python-entreprise.onrender.com' ([Errno 11001] getaddrinfo failed)"))
2026-09-15 06:28:38,075 - WARNING - Synchronisation différée: HTTPSConnectionPool(host='portfolio-python-entreprise.onrender.com', port=443): Max retries exceeded with url: /ventes/synchroniser (Caused by NameResolutionError("HTTPSConnection(host='portfolio-python-entreprise.onrender.com', port=443): Failed to resolve 'portfolio-python-entreprise.onrender.com' ([Errno 11001] getaddrinfo failed)"))
2026-09-15 06:29:08,063 - WARNING - Synchronisation différée: HTTPSConnectionPool(host='portfolio-python-entreprise.onrender.com', port=443): Max retries exceeded with url: /ventes/synchroniser (Caused by NameResolutionError("HTTPSConnection(host='portfolio-python-entreprise.onrender.com', port=443): Failed to resolve 'portfolio-python-entreprise.onrender.com' ([Errno 11001] getaddrinfo failed)"))
2026-09-15 06:29:38,058 - WARNING - Synchronisation différée: HTTPSConnectionPool(host='portfolio-python-entreprise.onrender.com', port=443): Max retries exceeded with url: /ventes/synchroniser (Caused by NameResolutionError("HTTPSConnection(host='portfolio-python-entreprise.onrender.com', port=443): Failed to resolve 'portfolio-python-entreprise.onrender.com' ([Errno 11001] getaddrinfo failed)"))
2026-09-15 06:30:08,088 - WARNING - Synchronisation différée: HTTPSConnectionPool(host='portfolio-python-entreprise.onrender.com', port=443): Max retries exceeded with url: /ventes/synchroniser (Caused by NameResolutionError("HTTPSConnection(host='portfolio-python-entreprise.onrender.com', port=443): Failed to resolve 'portfolio-python-entreprise.onrender.com' ([Errno 11001] getaddrinfo failed)"))
2026-09-15 06:30:38,090 - WARNING - Synchronisation différée: HTTPSConnectionPool(host='portfolio-python-entreprise.onrender.com', port=443): Max retries exceeded with url: /ventes/synchroniser (Caused by NameResolutionError("HTTPSConnection(host='portfolio-python-entreprise.onrender.com', port=443): Failed to resolve 'portfolio-python-entreprise.onrender.com' ([Errno 11001] getaddrinfo failed)"))
2026-09-15 06:31:08,108 - WARNING - Synchronisation différée: HTTPSConnectionPool(host='portfolio-python-entreprise.onrender.com', port=443): Max retries exceeded with url: /ventes/synchroniser (Caused by NameResolutionError("HTTPSConnection(host='portfolio-python-entreprise.onrender.com', port=443): Failed to resolve 'portfolio-python-entreprise.onrender.com' ([Errno 11001] getaddrinfo failed)"))
2026-09-15 06:31:38,079 - WARNING - Synchronisation différée: HTTPSConnectionPool(host='portfolio-python-entreprise.onrender.com', port=443): Max retries exceeded with url: /ventes/synchroniser (Caused by NameResolutionError("HTTPSConnection(host='portfolio-python-entreprise.onrender.com', port=443): Failed to resolve 'portfolio-python-entreprise.onrender.com' ([Errno 11001] getaddrinfo failed)"))
2026-09-15 06:32:08,087 - WARNING - Synchronisation différée: HTTPSConnectionPool(host='portfolio-python-entreprise.onrender.com', port=443): Max retries exceeded with url: /ventes/synchroniser (Caused by NameResolutionError("HTTPSConnection(host='portfolio-python-entreprise.onrender.com', port=443): Failed to resolve 'portfolio-python-entreprise.onrender.com' ([Errno 11001] getaddrinfo failed)"))
2026-09-15 06:32:38,121 - WARNING - Synchronisation différée: HTTPSConnectionPool(host='portfolio-python-entreprise.onrender.com', port=443): Max retries exceeded with url: /ventes/synchroniser (Caused by NameResolutionError("HTTPSConnection(host='portfolio-python-entreprise.onrender.com', port=443): Failed to resolve 'portfolio-python-entreprise.onrender.com' ([Errno 11001] getaddrinfo failed)"))
2026-09-15 06:33:08,203 - WARNING - Synchronisation différée: HTTPSConnectionPool(host='portfolio-python-entreprise.onrender.com', port=443): Max retries exceeded with url: /ventes/synchroniser (Caused by NameResolutionError("HTTPSConnection(host='portfolio-python-entreprise.onrender.com', port=443): Failed to resolve 'portfolio-python-entreprise.onrender.com' ([Errno 11001] getaddrinfo failed)"))
2026-09-15 06:33:38,157 - WARNING - Synchronisation différée: HTTPSConnectionPool(host='portfolio-python-entreprise.onrender.com', port=443): Max retries exceeded with url: /ventes/synchroniser (Caused by NameResolutionError("HTTPSConnection(host='portfolio-python-entreprise.onrender.com', port=443): Failed to resolve 'portfolio-python-entreprise.onrender.com' ([Errno 11001] getaddrinfo failed)"))
2026-09-15 06:34:08,162 - WARNING - Synchronisation différée: HTTPSConnectionPool(host='portfolio-python-entreprise.onrender.com', port=443): Max retries exceeded with url: /ventes/synchroniser (Caused by NameResolutionError("HTTPSConnection(host='portfolio-python-entreprise.onrender.com', port=443): Failed to resolve 'portfolio-python-entreprise.onrender.com' ([Errno 11001] getaddrinfo failed)"))
2026-09-15 06:34:38,168 - WARNING - Synchronisation différée: HTTPSConnectionPool(host='portfolio-python-entreprise.onrender.com', port=443): Max retries exceeded with url: /ventes/synchroniser (Caused by NameResolutionError("HTTPSConnection(host='portfolio-python-entreprise.onrender.com', port=443): Failed to resolve 'portfolio-python-entreprise.onrender.com' ([Errno 11001] getaddrinfo failed)"))
2026-09-15 06:35:08,192 - WARNING - Synchronisation différée: HTTPSConnectionPool(host='portfolio-python-entreprise.onrender.com', port=443): Max retries exceeded with url: /ventes/synchroniser (Caused by NameResolutionError("HTTPSConnection(host='portfolio-python-entreprise.onrender.com', port=443): Failed to resolve 'portfolio-python-entreprise.onrender.com' ([Errno 11001] getaddrinfo failed)"))
2026-09-15 06:35:38,185 - WARNING - Synchronisation différée: HTTPSConnectionPool(host='portfolio-python-entreprise.onrender.com', port=443): Max retries exceeded with url: /ventes/synchroniser (Caused by NameResolutionError("HTTPSConnection(host='portfolio-python-entreprise.onrender.com', port=443): Failed to resolve 'portfolio-python-entreprise.onrender.com' ([Errno 11001] getaddrinfo failed)"))
2026-09-15 06:36:08,134 - WARNING - Synchronisation différée: HTTPSConnectionPool(host='portfolio-python-entreprise.onrender.com', port=443): Max retries exceeded with url: /ventes/synchroniser (Caused by NameResolutionError("HTTPSConnection(host='portfolio-python-entreprise.onrender.com', port=443): Failed to resolve 'portfolio-python-entreprise.onrender.com' ([Errno 11001] getaddrinfo failed)"))
2026-09-15 06:36:38,160 - WARNING - Synchronisation différée: HTTPSConnectionPool(host='portfolio-python-entreprise.onrender.com', port=443): Max retries exceeded with url: /ventes/synchroniser (Caused by NameResolutionError("HTTPSConnection(host='portfolio-python-entreprise.onrender.com', port=443): Failed to resolve 'portfolio-python-entreprise.onrender.com' ([Errno 11001] getaddrinfo failed)"))
2026-09-15 06:37:08,144 - WARNING - Synchronisation différée: HTTPSConnectionPool(host='portfolio-python-entreprise.onrender.com', port=443): Max retries exceeded with url: /ventes/synchroniser (Caused by NameResolutionError("HTTPSConnection(host='portfolio-python-entreprise.onrender.com', port=443): Failed to resolve 'portfolio-python-entreprise.onrender.com' ([Errno 11001] getaddrinfo failed)"))
2026-09-15 06:37:38,155 - WARNING - Synchronisation différée: HTTPSConnectionPool(host='portfolio-python-entreprise.onrender.com', port=443): Max retries exceeded with url: /ventes/synchroniser (Caused by NameResolutionError("HTTPSConnection(host='portfolio-python-entreprise.onrender.com', port=443): Failed to resolve 'portfolio-python-entreprise.onrender.com' ([Errno 11001] getaddrinfo failed)"))
2026-09-15 06:38:08,182 - WARNING - Synchronisation différée: HTTPSConnectionPool(host='portfolio-python-entreprise.onrender.com', port=443): Max retries exceeded with url: /ventes/synchroniser (Caused by NameResolutionError("HTTPSConnection(host='portfolio-python-entreprise.onrender.com', port=443): Failed to resolve 'portfolio-python-entreprise.onrender.com' ([Errno 11001] getaddrinfo failed)"))
2026-09-15 06:38:38,214 - WARNING - Synchronisation différée: HTTPSConnectionPool(host='portfolio-python-entreprise.onrender.com', port=443): Max retries exceeded with url: /ventes/synchroniser (Caused by NameResolutionError("HTTPSConnection(host='portfolio-python-entreprise.onrender.com', port=443): Failed to resolve 'portfolio-python-entreprise.onrender.com' ([Errno 11001] getaddrinfo failed)"))
2026-09-15 06:39:08,210 - WARNING - Synchronisation différée: HTTPSConnectionPool(host='portfolio-python-entreprise.onrender.com', port=443): Max retries exceeded with url: /ventes/synchroniser (Caused by NameResolutionError("HTTPSConnection(host='portfolio-python-entreprise.onrender.com', port=443): Failed to resolve 'portfolio-python-entreprise.onrender.com' ([Errno 11001] getaddrinfo failed)"))
2026-09-15 06:39:38,228 - WARNING - Synchronisation différée: HTTPSConnectionPool(host='portfolio-python-entreprise.onrender.com', port=443): Max retries exceeded with url: /ventes/synchroniser (Caused by NameResolutionError("HTTPSConnection(host='portfolio-python-entreprise.onrender.com', port=443): Failed to resolve 'portfolio-python-entreprise.onrender.com' ([Errno 11001] getaddrinfo failed)"))
2026-09-15 06:40:08,212 - WARNING - Synchronisation différée: HTTPSConnectionPool(host='portfolio-python-entreprise.onrender.com', port=443): Max retries exceeded with url: /ventes/synchroniser (Caused by NameResolutionError("HTTPSConnection(host='portfolio-python-entreprise.onrender.com', port=443): Failed to resolve 'portfolio-python-entreprise.onrender.com' ([Errno 11001] getaddrinfo failed)"))
2026-09-15 06:40:38,236 - WARNING - Synchronisation différée: HTTPSConnectionPool(host='portfolio-python-entreprise.onrender.com', port=443): Max retries exceeded with url: /ventes/synchroniser (Caused by NameResolutionError("HTTPSConnection(host='portfolio-python-entreprise.onrender.com', port=443): Failed to resolve 'portfolio-python-entreprise.onrender.com' ([Errno 11001] getaddrinfo failed)"))
2026-09-15 06:41:08,304 - WARNING - Synchronisation différée: HTTPSConnectionPool(host='portfolio-python-entreprise.onrender.com', port=443): Max retries exceeded with url: /ventes/synchroniser (Caused by NameResolutionError("HTTPSConnection(host='portfolio-python-entreprise.onrender.com', port=443): Failed to resolve 'portfolio-python-entreprise.onrender.com' ([Errno 11001] getaddrinfo failed)"))
2026-09-15 06:41:38,284 - WARNING - Synchronisation différée: HTTPSConnectionPool(host='portfolio-python-entreprise.onrender.com', port=443): Max retries exceeded with url: /ventes/synchroniser (Caused by NameResolutionError("HTTPSConnection(host='portfolio-python-entreprise.onrender.com', port=443): Failed to resolve 'portfolio-python-entreprise.onrender.com' ([Errno 11001] getaddrinfo failed)"))
2026-09-15 06:42:08,302 - WARNING - Synchronisation différée: HTTPSConnectionPool(host='portfolio-python-entreprise.onrender.com', port=443): Max retries exceeded with url: /ventes/synchroniser (Caused by NameResolutionError("HTTPSConnection(host='portfolio-python-entreprise.onrender.com', port=443): Failed to resolve 'portfolio-python-entreprise.onrender.com' ([Errno 11001] getaddrinfo failed)"))
2026-09-15 06:42:38,317 - WARNING - Synchronisation différée: HTTPSConnectionPool(host='portfolio-python-entreprise.onrender.com', port=443): Max retries exceeded with url: /ventes/synchroniser (Caused by NameResolutionError("HTTPSConnection(host='portfolio-python-entreprise.onrender.com', port=443): Failed to resolve 'portfolio-python-entreprise.onrender.com' ([Errno 11001] getaddrinfo failed)"))
2026-09-15 06:43:08,372 - WARNING - Synchronisation différée: HTTPSConnectionPool(host='portfolio-python-entreprise.onrender.com', port=443): Max retries exceeded with url: /ventes/synchroniser (Caused by NameResolutionError("HTTPSConnection(host='portfolio-python-entreprise.onrender.com', port=443): Failed to resolve 'portfolio-python-entreprise.onrender.com' ([Errno 11001] getaddrinfo failed)"))
2026-09-15 06:43:38,307 - WARNING - Synchronisation différée: HTTPSConnectionPool(host='portfolio-python-entreprise.onrender.com', port=443): Max retries exceeded with url: /ventes/synchroniser (Caused by NameResolutionError("HTTPSConnection(host='portfolio-python-entreprise.onrender.com', port=443): Failed to resolve 'portfolio-python-entreprise.onrender.com' ([Errno 11001] getaddrinfo failed)"))
2026-09-15 06:44:08,370 - WARNING - Synchronisation différée: HTTPSConnectionPool(host='portfolio-python-entreprise.onrender.com', port=443): Max retries exceeded with url: /ventes/synchroniser (Caused by NameResolutionError("HTTPSConnection(host='portfolio-python-entreprise.onrender.com', port=443): Failed to resolve 'portfolio-python-entreprise.onrender.com' ([Errno 11001] getaddrinfo failed)"))
2026-09-15 06:44:38,326 - WARNING - Synchronisation différée: HTTPSConnectionPool(host='portfolio-python-entreprise.onrender.com', port=443): Max retries exceeded with url: /ventes/synchroniser (Caused by NameResolutionError("HTTPSConnection(host='portfolio-python-entreprise.onrender.com', port=443): Failed to resolve 'portfolio-python-entreprise.onrender.com' ([Errno 11001] getaddrinfo failed)"))
2026-09-15 06:45:08,318 - WARNING - Synchronisation différée: HTTPSConnectionPool(host='portfolio-python-entreprise.onrender.com', port=443): Max retries exceeded with url: /ventes/synchroniser (Caused by NameResolutionError("HTTPSConnection(host='portfolio-python-entreprise.onrender.com', port=443): Failed to resolve 'portfolio-python-entreprise.onrender.com' ([Errno 11001] getaddrinfo failed)"))
2026-09-15 06:45:38,312 - WARNING - Synchronisation différée: HTTPSConnectionPool(host='portfolio-python-entreprise.onrender.com', port=443): Max retries exceeded with url: /ventes/synchroniser (Caused by NameResolutionError("HTTPSConnection(host='portfolio-python-entreprise.onrender.com', port=443): Failed to resolve 'portfolio-python-entreprise.onrender.com' ([Errno 11001] getaddrinfo failed)"))
2026-09-15 06:46:08,346 - WARNING - Synchronisation différée: HTTPSConnectionPool(host='portfolio-python-entreprise.onrender.com', port=443): Max retries exceeded with url: /ventes/synchroniser (Caused by NameResolutionError("HTTPSConnection(host='portfolio-python-entreprise.onrender.com', port=443): Failed to resolve 'portfolio-python-entreprise.onrender.com' ([Errno 11001] getaddrinfo failed)"))
2026-09-15 06:46:38,348 - WARNING - Synchronisation différée: HTTPSConnectionPool(host='portfolio-python-entreprise.onrender.com', port=443): Max retries exceeded with url: /ventes/synchroniser (Caused by NameResolutionError("HTTPSConnection(host='portfolio-python-entreprise.onrender.com', port=443): Failed to resolve 'portfolio-python-entreprise.onrender.com' ([Errno 11001] getaddrinfo failed)"))
2026-09-15 06:47:08,375 - WARNING - Synchronisation différée: HTTPSConnectionPool(host='portfolio-python-entreprise.onrender.com', port=443): Max retries exceeded with url: /ventes/synchroniser (Caused by NameResolutionError("HTTPSConnection(host='portfolio-python-entreprise.onrender.com', port=443): Failed to resolve 'portfolio-python-entreprise.onrender.com' ([Errno 11001] getaddrinfo failed)"))
2026-09-15 06:47:38,376 - WARNING - Synchronisation différée: HTTPSConnectionPool(host='portfolio-python-entreprise.onrender.com', port=443): Max retries exceeded with url: /ventes/synchroniser (Caused by NameResolutionError("HTTPSConnection(host='portfolio-python-entreprise.onrender.com', port=443): Failed to resolve 'portfolio-python-entreprise.onrender.com' ([Errno 11001] getaddrinfo failed)"))
2026-09-15 06:48:08,424 - WARNING - Synchronisation différée: HTTPSConnectionPool(host='portfolio-python-entreprise.onrender.com', port=443): Max retries exceeded with url: /ventes/synchroniser (Caused by NameResolutionError("HTTPSConnection(host='portfolio-python-entreprise.onrender.com', port=443): Failed to resolve 'portfolio-python-entreprise.onrender.com' ([Errno 11001] getaddrinfo failed)"))
2026-09-15 06:48:38,403 - WARNING - Synchronisation différée: HTTPSConnectionPool(host='portfolio-python-entreprise.onrender.com', port=443): Max retries exceeded with url: /ventes/synchroniser (Caused by NameResolutionError("HTTPSConnection(host='portfolio-python-entreprise.onrender.com', port=443): Failed to resolve 'portfolio-python-entreprise.onrender.com' ([Errno 11001] getaddrinfo failed)"))
2026-09-15 06:49:08,554 - WARNING - Synchronisation différée: HTTPSConnectionPool(host='portfolio-python-entreprise.onrender.com', port=443): Max retries exceeded with url: /ventes/synchroniser (Caused by NameResolutionError("HTTPSConnection(host='portfolio-python-entreprise.onrender.com', port=443): Failed to resolve 'portfolio-python-entreprise.onrender.com' ([Errno 11001] getaddrinfo failed)"))
2026-09-15 06:49:38,390 - WARNING - Synchronisation différée: HTTPSConnectionPool(host='portfolio-python-entreprise.onrender.com', port=443): Max retries exceeded with url: /ventes/synchroniser (Caused by NameResolutionError("HTTPSConnection(host='portfolio-python-entreprise.onrender.com', port=443): Failed to resolve 'portfolio-python-entreprise.onrender.com' ([Errno 11001] getaddrinfo failed)"))
2026-09-15 06:50:08,390 - WARNING - Synchronisation différée: HTTPSConnectionPool(host='portfolio-python-entreprise.onrender.com', port=443): Max retries exceeded with url: /ventes/synchroniser (Caused by NameResolutionError("HTTPSConnection(host='portfolio-python-entreprise.onrender.com', port=443): Failed to resolve 'portfolio-python-entreprise.onrender.com' ([Errno 11001] getaddrinfo failed)"))
2026-09-15 06:50:38,435 - WARNING - Synchronisation différée: HTTPSConnectionPool(host='portfolio-python-entreprise.onrender.com', port=443): Max retries exceeded with url: /ventes/synchroniser (Caused by NameResolutionError("HTTPSConnection(host='portfolio-python-entreprise.onrender.com', port=443): Failed to resolve 'portfolio-python-entreprise.onrender.com' ([Errno 11001] getaddrinfo failed)"))
2026-09-15 06:51:08,491 - WARNING - Synchronisation différée: HTTPSConnectionPool(host='portfolio-python-entreprise.onrender.com', port=443): Max retries exceeded with url: /ventes/synchroniser (Caused by NameResolutionError("HTTPSConnection(host='portfolio-python-entreprise.onrender.com', port=443): Failed to resolve 'portfolio-python-entreprise.onrender.com' ([Errno 11001] getaddrinfo failed)"))
2026-09-15 06:51:38,438 - WARNING - Synchronisation différée: HTTPSConnectionPool(host='portfolio-python-entreprise.onrender.com', port=443): Max retries exceeded with url: /ventes/synchroniser (Caused by NameResolutionError("HTTPSConnection(host='portfolio-python-entreprise.onrender.com', port=443): Failed to resolve 'portfolio-python-entreprise.onrender.com' ([Errno 11001] getaddrinfo failed)"))
2026-09-15 06:52:08,456 - WARNING - Synchronisation différée: HTTPSConnectionPool(host='portfolio-python-entreprise.onrender.com', port=443): Max retries exceeded with url: /ventes/synchroniser (Caused by NameResolutionError("HTTPSConnection(host='portfolio-python-entreprise.onrender.com', port=443): Failed to resolve 'portfolio-python-entreprise.onrender.com' ([Errno 11001] getaddrinfo failed)"))
2026-09-15 06:52:38,474 - WARNING - Synchronisation différée: HTTPSConnectionPool(host='portfolio-python-entreprise.onrender.com', port=443): Max retries exceeded with url: /ventes/synchroniser (Caused by NameResolutionError("HTTPSConnection(host='portfolio-python-entreprise.onrender.com', port=443): Failed to resolve 'portfolio-python-entreprise.onrender.com' ([Errno 11001] getaddrinfo failed)"))
2026-09-15 06:53:08,530 - WARNING - Synchronisation différée: HTTPSConnectionPool(host='portfolio-python-entreprise.onrender.com', port=443): Max retries exceeded with url: /ventes/synchroniser (Caused by NameResolutionError("HTTPSConnection(host='portfolio-python-entreprise.onrender.com', port=443): Failed to resolve 'portfolio-python-entreprise.onrender.com' ([Errno 11001] getaddrinfo failed)"))
2026-09-15 06:53:38,468 - WARNING - Synchronisation différée: HTTPSConnectionPool(host='portfolio-python-entreprise.onrender.com', port=443): Max retries exceeded with url: /ventes/synchroniser (Caused by NameResolutionError("HTTPSConnection(host='portfolio-python-entreprise.onrender.com', port=443): Failed to resolve 'portfolio-python-entreprise.onrender.com' ([Errno 11001] getaddrinfo failed)"))
2026-09-15 06:54:08,472 - WARNING - Synchronisation différée: HTTPSConnectionPool(host='portfolio-python-entreprise.onrender.com', port=443): Max retries exceeded with url: /ventes/synchroniser (Caused by NameResolutionError("HTTPSConnection(host='portfolio-python-entreprise.onrender.com', port=443): Failed to resolve 'portfolio-python-entreprise.onrender.com' ([Errno 11001] getaddrinfo failed)"))
2026-09-15 06:54:38,504 - WARNING - Synchronisation différée: HTTPSConnectionPool(host='portfolio-python-entreprise.onrender.com', port=443): Max retries exceeded with url: /ventes/synchroniser (Caused by NameResolutionError("HTTPSConnection(host='portfolio-python-entreprise.onrender.com', port=443): Failed to resolve 'portfolio-python-entreprise.onrender.com' ([Errno 11001] getaddrinfo failed)"))
2026-09-15 06:55:08,512 - WARNING - Synchronisation différée: HTTPSConnectionPool(host='portfolio-python-entreprise.onrender.com', port=443): Max retries exceeded with url: /ventes/synchroniser (Caused by NameResolutionError("HTTPSConnection(host='portfolio-python-entreprise.onrender.com', port=443): Failed to resolve 'portfolio-python-entreprise.onrender.com' ([Errno 11001] getaddrinfo failed)"))
2026-09-15 06:55:38,524 - WARNING - Synchronisation différée: HTTPSConnectionPool(host='portfolio-python-entreprise.onrender.com', port=443): Max retries exceeded with url: /ventes/synchroniser (Caused by NameResolutionError("HTTPSConnection(host='portfolio-python-entreprise.onrender.com', port=443): Failed to resolve 'portfolio-python-entreprise.onrender.com' ([Errno 11001] getaddrinfo failed)"))
2026-09-15 06:56:08,518 - WARNING - Synchronisation différée: HTTPSConnectionPool(host='portfolio-python-entreprise.onrender.com', port=443): Max retries exceeded with url: /ventes/synchroniser (Caused by NameResolutionError("HTTPSConnection(host='portfolio-python-entreprise.onrender.com', port=443): Failed to resolve 'portfolio-python-entreprise.onrender.com' ([Errno 11001] getaddrinfo failed)"))
2026-09-15 06:56:38,543 - WARNING - Synchronisation différée: HTTPSConnectionPool(host='portfolio-python-entreprise.onrender.com', port=443): Max retries exceeded with url: /ventes/synchroniser (Caused by NameResolutionError("HTTPSConnection(host='portfolio-python-entreprise.onrender.com', port=443): Failed to resolve 'portfolio-python-entreprise.onrender.com' ([Errno 11001] getaddrinfo failed)"))
2026-09-15 06:57:08,528 - WARNING - Synchronisation différée: HTTPSConnectionPool(host='portfolio-python-entreprise.onrender.com', port=443): Max retries exceeded with url: /ventes/synchroniser (Caused by NameResolutionError("HTTPSConnection(host='portfolio-python-entreprise.onrender.com', port=443): Failed to resolve 'portfolio-python-entreprise.onrender.com' ([Errno 11001] getaddrinfo failed)"))
2026-09-15 06:57:38,563 - WARNING - Synchronisation différée: HTTPSConnectionPool(host='portfolio-python-entreprise.onrender.com', port=443): Max retries exceeded with url: /ventes/synchroniser (Caused by NameResolutionError("HTTPSConnection(host='portfolio-python-entreprise.onrender.com', port=443): Failed to resolve 'portfolio-python-entreprise.onrender.com' ([Errno 11001] getaddrinfo failed)"))
2026-09-15 06:58:08,565 - WARNING - Synchronisation différée: HTTPSConnectionPool(host='portfolio-python-entreprise.onrender.com', port=443): Max retries exceeded with url: /ventes/synchroniser (Caused by NameResolutionError("HTTPSConnection(host='portfolio-python-entreprise.onrender.com', port=443): Failed to resolve 'portfolio-python-entreprise.onrender.com' ([Errno 11001] getaddrinfo failed)"))
2026-09-15 06:58:38,613 - WARNING - Synchronisation différée: HTTPSConnectionPool(host='portfolio-python-entreprise.onrender.com', port=443): Max retries exceeded with url: /ventes/synchroniser (Caused by NameResolutionError("HTTPSConnection(host='portfolio-python-entreprise.onrender.com', port=443): Failed to resolve 'portfolio-python-entreprise.onrender.com' ([Errno 11001] getaddrinfo failed)"))
2026-09-15 06:59:08,601 - WARNING - Synchronisation différée: HTTPSConnectionPool(host='portfolio-python-entreprise.onrender.com', port=443): Max retries exceeded with url: /ventes/synchroniser (Caused by NameResolutionError("HTTPSConnection(host='portfolio-python-entreprise.onrender.com', port=443): Failed to resolve 'portfolio-python-entreprise.onrender.com' ([Errno 11001] getaddrinfo failed)"))
2026-09-15 06:59:38,602 - WARNING - Synchronisation différée: HTTPSConnectionPool(host='portfolio-python-entreprise.onrender.com', port=443): Max retries exceeded with url: /ventes/synchroniser (Caused by NameResolutionError("HTTPSConnection(host='portfolio-python-entreprise.onrender.com', port=443): Failed to resolve 'portfolio-python-entreprise.onrender.com' ([Errno 11001] getaddrinfo failed)"))
2026-09-15 07:00:08,596 - WARNING - Synchronisation différée: HTTPSConnectionPool(host='portfolio-python-entreprise.onrender.com', port=443): Max retries exceeded with url: /ventes/synchroniser (Caused by NameResolutionError("HTTPSConnection(host='portfolio-python-entreprise.onrender.com', port=443): Failed to resolve 'portfolio-python-entreprise.onrender.com' ([Errno 11001] getaddrinfo failed)"))
2026-09-15 07:00:38,631 - WARNING - Synchronisation différée: HTTPSConnectionPool(host='portfolio-python-entreprise.onrender.com', port=443): Max retries exceeded with url: /ventes/synchroniser (Caused by NameResolutionError("HTTPSConnection(host='portfolio-python-entreprise.onrender.com', port=443): Failed to resolve 'portfolio-python-entreprise.onrender.com' ([Errno 11001] getaddrinfo failed)"))
2026-09-15 07:01:08,653 - WARNING - Synchronisation différée: HTTPSConnectionPool(host='portfolio-python-entreprise.onrender.com', port=443): Max retries exceeded with url: /ventes/synchroniser (Caused by NameResolutionError("HTTPSConnection(host='portfolio-python-entreprise.onrender.com', port=443): Failed to resolve 'portfolio-python-entreprise.onrender.com' ([Errno 11001] getaddrinfo failed)"))
2026-09-15 07:01:38,633 - WARNING - Synchronisation différée: HTTPSConnectionPool(host='portfolio-python-entreprise.onrender.com', port=443): Max retries exceeded with url: /ventes/synchroniser (Caused by NameResolutionError("HTTPSConnection(host='portfolio-python-entreprise.onrender.com', port=443): Failed to resolve 'portfolio-python-entreprise.onrender.com' ([Errno 11001] getaddrinfo failed)"))
2026-09-15 07:02:08,626 - WARNING - Synchronisation différée: HTTPSConnectionPool(host='portfolio-python-entreprise.onrender.com', port=443): Max retries exceeded with url: /ventes/synchroniser (Caused by NameResolutionError("HTTPSConnection(host='portfolio-python-entreprise.onrender.com', port=443): Failed to resolve 'portfolio-python-entreprise.onrender.com' ([Errno 11001] getaddrinfo failed)"))
2026-09-15 07:02:38,697 - WARNING - Synchronisation différée: HTTPSConnectionPool(host='portfolio-python-entreprise.onrender.com', port=443): Max retries exceeded with url: /ventes/synchroniser (Caused by NameResolutionError("HTTPSConnection(host='portfolio-python-entreprise.onrender.com', port=443): Failed to resolve 'portfolio-python-entreprise.onrender.com' ([Errno 11001] getaddrinfo failed)"))
2026-09-15 07:03:08,675 - WARNING - Synchronisation différée: HTTPSConnectionPool(host='portfolio-python-entreprise.onrender.com', port=443): Max retries exceeded with url: /ventes/synchroniser (Caused by NameResolutionError("HTTPSConnection(host='portfolio-python-entreprise.onrender.com', port=443): Failed to resolve 'portfolio-python-entreprise.onrender.com' ([Errno 11001] getaddrinfo failed)"))
2026-09-15 07:03:38,620 - WARNING - Synchronisation différée: HTTPSConnectionPool(host='portfolio-python-entreprise.onrender.com', port=443): Max retries exceeded with url: /ventes/synchroniser (Caused by NameResolutionError("HTTPSConnection(host='portfolio-python-entreprise.onrender.com', port=443): Failed to resolve 'portfolio-python-entreprise.onrender.com' ([Errno 11001] getaddrinfo failed)"))
2026-09-15 07:04:08,674 - WARNING - Synchronisation différée: HTTPSConnectionPool(host='portfolio-python-entreprise.onrender.com', port=443): Max retries exceeded with url: /ventes/synchroniser (Caused by NameResolutionError("HTTPSConnection(host='portfolio-python-entreprise.onrender.com', port=443): Failed to resolve 'portfolio-python-entreprise.onrender.com' ([Errno 11001] getaddrinfo failed)"))
2026-09-15 07:04:38,730 - WARNING - Synchronisation différée: HTTPSConnectionPool(host='portfolio-python-entreprise.onrender.com', port=443): Max retries exceeded with url: /ventes/synchroniser (Caused by NameResolutionError("HTTPSConnection(host='portfolio-python-entreprise.onrender.com', port=443): Failed to resolve 'portfolio-python-entreprise.onrender.com' ([Errno 11001] getaddrinfo failed)"))
2026-09-15 07:05:08,701 - WARNING - Synchronisation différée: HTTPSConnectionPool(host='portfolio-python-entreprise.onrender.com', port=443): Max retries exceeded with url: /ventes/synchroniser (Caused by NameResolutionError("HTTPSConnection(host='portfolio-python-entreprise.onrender.com', port=443): Failed to resolve 'portfolio-python-entreprise.onrender.com' ([Errno 11001] getaddrinfo failed)"))
2026-09-15 07:05:38,686 - WARNING - Synchronisation différée: HTTPSConnectionPool(host='portfolio-python-entreprise.onrender.com', port=443): Max retries exceeded with url: /ventes/synchroniser (Caused by NameResolutionError("HTTPSConnection(host='portfolio-python-entreprise.onrender.com', port=443): Failed to resolve 'portfolio-python-entreprise.onrender.com' ([Errno 11001] getaddrinfo failed)"))
2026-09-15 07:06:08,704 - WARNING - Synchronisation différée: HTTPSConnectionPool(host='portfolio-python-entreprise.onrender.com', port=443): Max retries exceeded with url: /ventes/synchroniser (Caused by NameResolutionError("HTTPSConnection(host='portfolio-python-entreprise.onrender.com', port=443): Failed to resolve 'portfolio-python-entreprise.onrender.com' ([Errno 11001] getaddrinfo failed)"))
2026-09-15 07:06:38,761 - WARNING - Synchronisation différée: HTTPSConnectionPool(host='portfolio-python-entreprise.onrender.com', port=443): Max retries exceeded with url: /ventes/synchroniser (Caused by NameResolutionError("HTTPSConnection(host='portfolio-python-entreprise.onrender.com', port=443): Failed to resolve 'portfolio-python-entreprise.onrender.com' ([Errno 11001] getaddrinfo failed)"))
2026-09-15 07:07:08,761 - WARNING - Synchronisation différée: HTTPSConnectionPool(host='portfolio-python-entreprise.onrender.com', port=443): Max retries exceeded with url: /ventes/synchroniser (Caused by NameResolutionError("HTTPSConnection(host='portfolio-python-entreprise.onrender.com', port=443): Failed to resolve 'portfolio-python-entreprise.onrender.com' ([Errno 11001] getaddrinfo failed)"))
2026-09-15 07:07:38,716 - WARNING - Synchronisation différée: HTTPSConnectionPool(host='portfolio-python-entreprise.onrender.com', port=443): Max retries exceeded with url: /ventes/synchroniser (Caused by NameResolutionError("HTTPSConnection(host='portfolio-python-entreprise.onrender.com', port=443): Failed to resolve 'portfolio-python-entreprise.onrender.com' ([Errno 11001] getaddrinfo failed)"))
2026-09-15 07:08:08,743 - WARNING - Synchronisation différée: HTTPSConnectionPool(host='portfolio-python-entreprise.onrender.com', port=443): Max retries exceeded with url: /ventes/synchroniser (Caused by NameResolutionError("HTTPSConnection(host='portfolio-python-entreprise.onrender.com', port=443): Failed to resolve 'portfolio-python-entreprise.onrender.com' ([Errno 11001] getaddrinfo failed)"))
2026-09-15 07:08:38,754 - WARNING - Synchronisation différée: HTTPSConnectionPool(host='portfolio-python-entreprise.onrender.com', port=443): Max retries exceeded with url: /ventes/synchroniser (Caused by NameResolutionError("HTTPSConnection(host='portfolio-python-entreprise.onrender.com', port=443): Failed to resolve 'portfolio-python-entreprise.onrender.com' ([Errno 11001] getaddrinfo failed)"))
2026-09-15 07:09:08,729 - WARNING - Synchronisation différée: HTTPSConnectionPool(host='portfolio-python-entreprise.onrender.com', port=443): Max retries exceeded with url: /ventes/synchroniser (Caused by NameResolutionError("HTTPSConnection(host='portfolio-python-entreprise.onrender.com', port=443): Failed to resolve 'portfolio-python-entreprise.onrender.com' ([Errno 11001] getaddrinfo failed)"))
2026-09-15 07:09:38,738 - WARNING - Synchronisation différée: HTTPSConnectionPool(host='portfolio-python-entreprise.onrender.com', port=443): Max retries exceeded with url: /ventes/synchroniser (Caused by NameResolutionError("HTTPSConnection(host='portfolio-python-entreprise.onrender.com', port=443): Failed to resolve 'portfolio-python-entreprise.onrender.com' ([Errno 11001] getaddrinfo failed)"))
2026-09-15 07:10:08,781 - WARNING - Synchronisation différée: HTTPSConnectionPool(host='portfolio-python-entreprise.onrender.com', port=443): Max retries exceeded with url: /ventes/synchroniser (Caused by NameResolutionError("HTTPSConnection(host='portfolio-python-entreprise.onrender.com', port=443): Failed to resolve 'portfolio-python-entreprise.onrender.com' ([Errno 11001] getaddrinfo failed)"))
2026-09-15 07:10:38,784 - WARNING - Synchronisation différée: HTTPSConnectionPool(host='portfolio-python-entreprise.onrender.com', port=443): Max retries exceeded with url: /ventes/synchroniser (Caused by NameResolutionError("HTTPSConnection(host='portfolio-python-entreprise.onrender.com', port=443): Failed to resolve 'portfolio-python-entreprise.onrender.com' ([Errno 11001] getaddrinfo failed)"))
2026-09-15 07:11:08,840 - WARNING - Synchronisation différée: HTTPSConnectionPool(host='portfolio-python-entreprise.onrender.com', port=443): Max retries exceeded with url: /ventes/synchroniser (Caused by NameResolutionError("HTTPSConnection(host='portfolio-python-entreprise.onrender.com', port=443): Failed to resolve 'portfolio-python-entreprise.onrender.com' ([Errno 11001] getaddrinfo failed)"))
2026-09-15 07:11:38,878 - WARNING - Synchronisation différée: HTTPSConnectionPool(host='portfolio-python-entreprise.onrender.com', port=443): Max retries exceeded with url: /ventes/synchroniser (Caused by NameResolutionError("HTTPSConnection(host='portfolio-python-entreprise.onrender.com', port=443): Failed to resolve 'portfolio-python-entreprise.onrender.com' ([Errno 11001] getaddrinfo failed)"))
2026-09-15 07:12:08,996 - WARNING - Synchronisation différée: HTTPSConnectionPool(host='portfolio-python-entreprise.onrender.com', port=443): Max retries exceeded with url: /ventes/synchroniser (Caused by NameResolutionError("HTTPSConnection(host='portfolio-python-entreprise.onrender.com', port=443): Failed to resolve 'portfolio-python-entreprise.onrender.com' ([Errno 11001] getaddrinfo failed)"))
2026-09-15 07:12:38,797 - WARNING - Synchronisation différée: HTTPSConnectionPool(host='portfolio-python-entreprise.onrender.com', port=443): Max retries exceeded with url: /ventes/synchroniser (Caused by NameResolutionError("HTTPSConnection(host='portfolio-python-entreprise.onrender.com', port=443): Failed to resolve 'portfolio-python-entreprise.onrender.com' ([Errno 11001] getaddrinfo failed)"))
2026-09-15 07:13:09,431 - WARNING - Synchronisation différée: HTTPSConnectionPool(host='portfolio-python-entreprise.onrender.com', port=443): Max retries exceeded with url: /ventes/synchroniser (Caused by NameResolutionError("HTTPSConnection(host='portfolio-python-entreprise.onrender.com', port=443): Failed to resolve 'portfolio-python-entreprise.onrender.com' ([Errno 11001] getaddrinfo failed)"))
2026-09-15 07:13:51,512 - WARNING - Synchronisation différée: HTTPSConnectionPool(host='portfolio-python-entreprise.onrender.com', port=443): Read timed out. (read timeout=8)
2026-09-15 07:14:11,342 - WARNING - Synchronisation différée: 401 Client Error: Unauthorized for url: https://portfolio-python-entreprise.onrender.com/ventes/synchroniser
2026-09-15 07:14:40,239 - WARNING - Synchronisation différée: 401 Client Error: Unauthorized for url: https://portfolio-python-entreprise.onrender.com/ventes/synchroniser
2026-09-15 07:15:13,410 - WARNING - Synchronisation différée: 401 Client Error: Unauthorized for url: https://portfolio-python-entreprise.onrender.com/ventes/synchroniser
2026-09-15 07:15:40,009 - WARNING - Synchronisation différée: 401 Client Error: Unauthorized for url: https://portfolio-python-entreprise.onrender.com/ventes/synchroniser
2026-09-15 07:16:10,670 - WARNING - Synchronisation différée: 401 Client Error: Unauthorized for url: https://portfolio-python-entreprise.onrender.com/ventes/synchroniser
2026-09-15 07:16:40,688 - WARNING - Synchronisation différée: 401 Client Error: Unauthorized for url: https://portfolio-python-entreprise.onrender.com/ventes/synchroniser
2026-09-15 07:17:10,738 - WARNING - Synchronisation différée: 401 Client Error: Unauthorized for url: https://portfolio-python-entreprise.onrender.com/ventes/synchroniser
2026-09-15 07:17:41,803 - WARNING - Synchronisation différée: 401 Client Error: Unauthorized for url: https://portfolio-python-entreprise.onrender.com/ventes/synchroniser
2026-09-15 07:18:10,297 - WARNING - Synchronisation différée: 401 Client Error: Unauthorized for url: https://portfolio-python-entreprise.onrender.com/ventes/synchroniser
2026-09-15 07:18:42,210 - WARNING - Synchronisation différée: 401 Client Error: Unauthorized for url: https://portfolio-python-entreprise.onrender.com/ventes/synchroniser
2026-09-15 07:19:12,450 - WARNING - Synchronisation différée: 401 Client Error: Unauthorized for url: https://portfolio-python-entreprise.onrender.com/ventes/synchroniser
2026-09-15 07:19:41,787 - WARNING - Synchronisation différée: 401 Client Error: Unauthorized for url: https://portfolio-python-entreprise.onrender.com/ventes/synchroniser
2026-09-15 07:20:17,848 - WARNING - Synchronisation différée: 401 Client Error: Unauthorized for url: https://portfolio-python-entreprise.onrender.com/ventes/synchroniser
2026-09-15 07:20:43,559 - WARNING - Synchronisation différée: 401 Client Error: Unauthorized for url: https://portfolio-python-entreprise.onrender.com/ventes/synchroniser
2026-09-15 07:21:10,943 - WARNING - Synchronisation différée: 401 Client Error: Unauthorized for url: https://portfolio-python-entreprise.onrender.com/ventes/synchroniser
2026-09-15 07:21:40,374 - WARNING - Synchronisation différée: 401 Client Error: Unauthorized for url: https://portfolio-python-entreprise.onrender.com/ventes/synchroniser
2026-09-15 07:22:10,503 - WARNING - Synchronisation différée: 401 Client Error: Unauthorized for url: https://portfolio-python-entreprise.onrender.com/ventes/synchroniser
2026-09-15 07:22:41,156 - WARNING - Synchronisation différée: 401 Client Error: Unauthorized for url: https://portfolio-python-entreprise.onrender.com/ventes/synchroniser
2026-09-15 07:23:10,486 - WARNING - Synchronisation différée: 401 Client Error: Unauthorized for url: https://portfolio-python-entreprise.onrender.com/ventes/synchroniser
2026-09-15 07:23:41,015 - WARNING - Synchronisation différée: 401 Client Error: Unauthorized for url: https://portfolio-python-entreprise.onrender.com/ventes/synchroniser
2026-09-15 07:24:11,418 - WARNING - Synchronisation différée: 401 Client Error: Unauthorized for url: https://portfolio-python-entreprise.onrender.com/ventes/synchroniser
2026-09-15 07:24:42,018 - WARNING - Synchronisation différée: 401 Client Error: Unauthorized for url: https://portfolio-python-entreprise.onrender.com/ventes/synchroniser
2026-09-15 07:25:10,699 - WARNING - Synchronisation différée: 401 Client Error: Unauthorized for url: https://portfolio-python-entreprise.onrender.com/ventes/synchroniser
2026-09-15 07:25:48,284 - WARNING - Synchronisation différée: 401 Client Error: Unauthorized for url: https://portfolio-python-entreprise.onrender.com/ventes/synchroniser
2026-09-15 07:26:11,815 - WARNING - Synchronisation différée: 401 Client Error: Unauthorized for url: https://portfolio-python-entreprise.onrender.com/ventes/synchroniser
2026-09-15 07:26:40,543 - WARNING - Synchronisation différée: 401 Client Error: Unauthorized for url: https://portfolio-python-entreprise.onrender.com/ventes/synchroniser
2026-09-15 07:27:10,592 - WARNING - Synchronisation différée: 401 Client Error: Unauthorized for url: https://portfolio-python-entreprise.onrender.com/ventes/synchroniser
2026-09-15 07:27:41,340 - WARNING - Synchronisation différée: 401 Client Error: Unauthorized for url: https://portfolio-python-entreprise.onrender.com/ventes/synchroniser
2026-09-15 07:28:12,620 - WARNING - Synchronisation différée: 401 Client Error: Unauthorized for url: https://portfolio-python-entreprise.onrender.com/ventes/synchroniser
2026-09-15 07:28:40,485 - WARNING - Synchronisation différée: 401 Client Error: Unauthorized for url: https://portfolio-python-entreprise.onrender.com/ventes/synchroniser
2026-09-15 07:29:13,812 - WARNING - Synchronisation différée: 401 Client Error: Unauthorized for url: https://portfolio-python-entreprise.onrender.com/ventes/synchroniser
2026-09-15 07:29:40,708 - WARNING - Synchronisation différée: 401 Client Error: Unauthorized for url: https://portfolio-python-entreprise.onrender.com/ventes/synchroniser
2026-09-15 07:30:11,311 - WARNING - Synchronisation différée: 401 Client Error: Unauthorized for url: https://portfolio-python-entreprise.onrender.com/ventes/synchroniser
2026-09-15 07:30:40,711 - WARNING - Synchronisation différée: 401 Client Error: Unauthorized for url: https://portfolio-python-entreprise.onrender.com/ventes/synchroniser
2026-09-15 07:31:11,298 - WARNING - Synchronisation différée: 401 Client Error: Unauthorized for url: https://portfolio-python-entreprise.onrender.com/ventes/synchroniser
2026-09-15 07:31:40,670 - WARNING - Synchronisation différée: 401 Client Error: Unauthorized for url: https://portfolio-python-entreprise.onrender.com/ventes/synchroniser
2026-09-15 07:32:17,793 - WARNING - Synchronisation différée: HTTPSConnectionPool(host='portfolio-python-entreprise.onrender.com', port=443): Read timed out. (read timeout=8)
2026-09-15 07:32:50,855 - WARNING - Synchronisation différée: HTTPSConnectionPool(host='portfolio-python-entreprise.onrender.com', port=443): Max retries exceeded with url: /ventes/synchroniser (Caused by NameResolutionError("HTTPSConnection(host='portfolio-python-entreprise.onrender.com', port=443): Failed to resolve 'portfolio-python-entreprise.onrender.com' ([Errno 11001] getaddrinfo failed)"))
2026-09-15 07:33:09,156 - WARNING - Synchronisation différée: HTTPSConnectionPool(host='portfolio-python-entreprise.onrender.com', port=443): Max retries exceeded with url: /ventes/synchroniser (Caused by NameResolutionError("HTTPSConnection(host='portfolio-python-entreprise.onrender.com', port=443): Failed to resolve 'portfolio-python-entreprise.onrender.com' ([Errno 11001] getaddrinfo failed)"))
2026-09-15 07:33:50,827 - WARNING - Synchronisation différée: HTTPSConnectionPool(host='portfolio-python-entreprise.onrender.com', port=443): Max retries exceeded with url: /ventes/synchroniser (Caused by NameResolutionError("HTTPSConnection(host='portfolio-python-entreprise.onrender.com', port=443): Failed to resolve 'portfolio-python-entreprise.onrender.com' ([Errno 11001] getaddrinfo failed)"))
2026-09-15 07:34:17,894 - WARNING - Synchronisation différée: HTTPSConnectionPool(host='portfolio-python-entreprise.onrender.com', port=443): Read timed out. (read timeout=8)
2026-09-15 07:34:48,017 - WARNING - Synchronisation différée: HTTPSConnectionPool(host='portfolio-python-entreprise.onrender.com', port=443): Read timed out. (read timeout=8)
2026-09-15 07:35:18,366 - WARNING - Synchronisation différée: HTTPSConnectionPool(host='portfolio-python-entreprise.onrender.com', port=443): Read timed out. (read timeout=8)
2026-09-15 07:35:39,473 - WARNING - Synchronisation différée: HTTPSConnectionPool(host='portfolio-python-entreprise.onrender.com', port=443): Max retries exceeded with url: /ventes/synchroniser (Caused by NameResolutionError("HTTPSConnection(host='portfolio-python-entreprise.onrender.com', port=443): Failed to resolve 'portfolio-python-entreprise.onrender.com' ([Errno 11001] getaddrinfo failed)"))
2026-09-15 07:36:09,187 - WARNING - Synchronisation différée: HTTPSConnectionPool(host='portfolio-python-entreprise.onrender.com', port=443): Max retries exceeded with url: /ventes/synchroniser (Caused by NameResolutionError("HTTPSConnection(host='portfolio-python-entreprise.onrender.com', port=443): Failed to resolve 'portfolio-python-entreprise.onrender.com' ([Errno 11001] getaddrinfo failed)"))
2026-09-15 07:36:39,252 - WARNING - Synchronisation différée: HTTPSConnectionPool(host='portfolio-python-entreprise.onrender.com', port=443): Max retries exceeded with url: /ventes/synchroniser (Caused by NameResolutionError("HTTPSConnection(host='portfolio-python-entreprise.onrender.com', port=443): Failed to resolve 'portfolio-python-entreprise.onrender.com' ([Errno 11001] getaddrinfo failed)"))
2026-09-15 07:37:25,352 - WARNING - Synchronisation différée: HTTPSConnectionPool(host='portfolio-python-entreprise.onrender.com', port=443): Max retries exceeded with url: /ventes/synchroniser (Caused by ConnectTimeoutError(<HTTPSConnection(host='portfolio-python-entreprise.onrender.com', port=443) at 0x2a5410e5bd0>, 'Connection to portfolio-python-entreprise.onrender.com timed out. (connect timeout=8)'))
2026-09-15 07:37:41,386 - WARNING - Synchronisation différée: 401 Client Error: Unauthorized for url: https://portfolio-python-entreprise.onrender.com/ventes/synchroniser
2026-09-15 07:38:10,447 - WARNING - Synchronisation différée: 401 Client Error: Unauthorized for url: https://portfolio-python-entreprise.onrender.com/ventes/synchroniser
2026-09-15 07:38:40,428 - WARNING - Synchronisation différée: 401 Client Error: Unauthorized for url: https://portfolio-python-entreprise.onrender.com/ventes/synchroniser
2026-09-15 07:39:10,573 - WARNING - Synchronisation différée: 401 Client Error: Unauthorized for url: https://portfolio-python-entreprise.onrender.com/ventes/synchroniser
2026-09-15 07:39:40,372 - WARNING - Synchronisation différée: 401 Client Error: Unauthorized for url: https://portfolio-python-entreprise.onrender.com/ventes/synchroniser
2026-09-15 07:40:10,801 - WARNING - Synchronisation différée: 401 Client Error: Unauthorized for url: https://portfolio-python-entreprise.onrender.com/ventes/synchroniser
2026-09-15 07:40:40,628 - WARNING - Synchronisation différée: 401 Client Error: Unauthorized for url: https://portfolio-python-entreprise.onrender.com/ventes/synchroniser
2026-09-15 07:41:10,460 - WARNING - Synchronisation différée: 401 Client Error: Unauthorized for url: https://portfolio-python-entreprise.onrender.com/ventes/synchroniser
2026-09-15 07:41:40,432 - WARNING - Synchronisation différée: 401 Client Error: Unauthorized for url: https://portfolio-python-entreprise.onrender.com/ventes/synchroniser
2026-09-15 07:42:10,402 - WARNING - Synchronisation différée: 401 Client Error: Unauthorized for url: https://portfolio-python-entreprise.onrender.com/ventes/synchroniser
2026-09-15 07:42:40,550 - WARNING - Synchronisation différée: 401 Client Error: Unauthorized for url: https://portfolio-python-entreprise.onrender.com/ventes/synchroniser
2026-09-15 07:43:10,493 - WARNING - Synchronisation différée: 401 Client Error: Unauthorized for url: https://portfolio-python-entreprise.onrender.com/ventes/synchroniser
2026-09-15 07:43:40,570 - WARNING - Synchronisation différée: 401 Client Error: Unauthorized for url: https://portfolio-python-entreprise.onrender.com/ventes/synchroniser
2026-09-15 07:44:10,400 - WARNING - Synchronisation différée: 401 Client Error: Unauthorized for url: https://portfolio-python-entreprise.onrender.com/ventes/synchroniser
2026-09-15 07:44:40,471 - WARNING - Synchronisation différée: 401 Client Error: Unauthorized for url: https://portfolio-python-entreprise.onrender.com/ventes/synchroniser
2026-09-15 07:45:10,590 - WARNING - Synchronisation différée: 401 Client Error: Unauthorized for url: https://portfolio-python-entreprise.onrender.com/ventes/synchroniser
2026-09-15 07:45:40,437 - WARNING - Synchronisation différée: 401 Client Error: Unauthorized for url: https://portfolio-python-entreprise.onrender.com/ventes/synchroniser
2026-09-15 07:46:10,474 - WARNING - Synchronisation différée: 401 Client Error: Unauthorized for url: https://portfolio-python-entreprise.onrender.com/ventes/synchroniser
2026-09-15 07:46:41,076 - WARNING - Synchronisation différée: 401 Client Error: Unauthorized for url: https://portfolio-python-entreprise.onrender.com/ventes/synchroniser
2026-09-15 07:47:10,843 - WARNING - Synchronisation différée: 401 Client Error: Unauthorized for url: https://portfolio-python-entreprise.onrender.com/ventes/synchroniser
2026-09-15 07:47:40,667 - WARNING - Synchronisation différée: 401 Client Error: Unauthorized for url: https://portfolio-python-entreprise.onrender.com/ventes/synchroniser
2026-09-15 07:48:10,663 - WARNING - Synchronisation différée: 401 Client Error: Unauthorized for url: https://portfolio-python-entreprise.onrender.com/ventes/synchroniser
2026-09-15 07:48:40,612 - WARNING - Synchronisation différée: 401 Client Error: Unauthorized for url: https://portfolio-python-entreprise.onrender.com/ventes/synchroniser
2026-09-15 07:49:10,538 - WARNING - Synchronisation différée: 401 Client Error: Unauthorized for url: https://portfolio-python-entreprise.onrender.com/ventes/synchroniser
2026-09-15 07:49:40,734 - WARNING - Synchronisation différée: 401 Client Error: Unauthorized for url: https://portfolio-python-entreprise.onrender.com/ventes/synchroniser
2026-09-15 07:50:10,681 - WARNING - Synchronisation différée: 401 Client Error: Unauthorized for url: https://portfolio-python-entreprise.onrender.com/ventes/synchroniser
2026-09-15 07:50:40,629 - WARNING - Synchronisation différée: 401 Client Error: Unauthorized for url: https://portfolio-python-entreprise.onrender.com/ventes/synchroniser
2026-09-15 07:51:10,644 - WARNING - Synchronisation différée: 401 Client Error: Unauthorized for url: https://portfolio-python-entreprise.onrender.com/ventes/synchroniser
2026-09-15 07:51:40,654 - WARNING - Synchronisation différée: 401 Client Error: Unauthorized for url: https://portfolio-python-entreprise.onrender.com/ventes/synchroniser
2026-09-15 07:52:10,624 - WARNING - Synchronisation différée: 401 Client Error: Unauthorized for url: https://portfolio-python-entreprise.onrender.com/ventes/synchroniser
2026-09-15 07:52:40,693 - WARNING - Synchronisation différée: 401 Client Error: Unauthorized for url: https://portfolio-python-entreprise.onrender.com/ventes/synchroniser
2026-09-15 07:53:10,776 - WARNING - Synchronisation différée: 401 Client Error: Unauthorized for url: https://portfolio-python-entreprise.onrender.com/ventes/synchroniser
2026-09-15 07:53:40,675 - WARNING - Synchronisation différée: 401 Client Error: Unauthorized for url: https://portfolio-python-entreprise.onrender.com/ventes/synchroniser
2026-09-15 07:54:10,843 - WARNING - Synchronisation différée: 401 Client Error: Unauthorized for url: https://portfolio-python-entreprise.onrender.com/ventes/synchroniser
2026-09-15 07:54:40,629 - WARNING - Synchronisation différée: 401 Client Error: Unauthorized for url: https://portfolio-python-entreprise.onrender.com/ventes/synchroniser
2026-09-15 07:55:11,964 - WARNING - Synchronisation différée: 401 Client Error: Unauthorized for url: https://portfolio-python-entreprise.onrender.com/ventes/synchroniser
2026-09-15 07:55:40,846 - WARNING - Synchronisation différée: 401 Client Error: Unauthorized for url: https://portfolio-python-entreprise.onrender.com/ventes/synchroniser
2026-09-15 07:56:10,792 - WARNING - Synchronisation différée: 401 Client Error: Unauthorized for url: https://portfolio-python-entreprise.onrender.com/ventes/synchroniser
2026-09-15 07:56:40,818 - WARNING - Synchronisation différée: 401 Client Error: Unauthorized for url: https://portfolio-python-entreprise.onrender.com/ventes/synchroniser
2026-09-15 07:57:10,960 - WARNING - Synchronisation différée: 401 Client Error: Unauthorized for url: https://portfolio-python-entreprise.onrender.com/ventes/synchroniser
2026-09-15 07:57:40,996 - WARNING - Synchronisation différée: 401 Client Error: Unauthorized for url: https://portfolio-python-entreprise.onrender.com/ventes/synchroniser
2026-09-15 07:58:10,836 - WARNING - Synchronisation différée: 401 Client Error: Unauthorized for url: https://portfolio-python-entreprise.onrender.com/ventes/synchroniser
2026-09-15 07:58:41,393 - WARNING - Synchronisation différée: 401 Client Error: Unauthorized for url: https://portfolio-python-entreprise.onrender.com/ventes/synchroniser
2026-09-15 07:59:10,864 - WARNING - Synchronisation différée: 401 Client Error: Unauthorized for url: https://portfolio-python-entreprise.onrender.com/ventes/synchroniser
2026-09-15 07:59:40,661 - WARNING - Synchronisation différée: 401 Client Error: Unauthorized for url: https://portfolio-python-entreprise.onrender.com/ventes/synchroniser
2026-09-15 08:00:10,689 - WARNING - Synchronisation différée: 401 Client Error: Unauthorized for url: https://portfolio-python-entreprise.onrender.com/ventes/synchroniser
2026-09-15 08:00:40,733 - WARNING - Synchronisation différée: 401 Client Error: Unauthorized for url: https://portfolio-python-entreprise.onrender.com/ventes/synchroniser
2026-09-15 08:01:10,978 - WARNING - Synchronisation différée: 401 Client Error: Unauthorized for url: https://portfolio-python-entreprise.onrender.com/ventes/synchroniser
2026-09-15 08:01:40,841 - WARNING - Synchronisation différée: 401 Client Error: Unauthorized for url: https://portfolio-python-entreprise.onrender.com/ventes/synchroniser
2026-09-15 08:02:11,460 - WARNING - Synchronisation différée: 401 Client Error: Unauthorized for url: https://portfolio-python-entreprise.onrender.com/ventes/synchroniser
2026-09-15 08:02:40,968 - WARNING - Synchronisation différée: 401 Client Error: Unauthorized for url: https://portfolio-python-entreprise.onrender.com/ventes/synchroniser
2026-09-15 08:03:10,864 - WARNING - Synchronisation différée: 401 Client Error: Unauthorized for url: https://portfolio-python-entreprise.onrender.com/ventes/synchroniser
2026-09-15 08:03:41,210 - WARNING - Synchronisation différée: 401 Client Error: Unauthorized for url: https://portfolio-python-entreprise.onrender.com/ventes/synchroniser
2026-09-15 08:04:10,849 - WARNING - Synchronisation différée: 401 Client Error: Unauthorized for url: https://portfolio-python-entreprise.onrender.com/ventes/synchroniser
2026-09-15 08:04:41,805 - WARNING - Synchronisation différée: 401 Client Error: Unauthorized for url: https://portfolio-python-entreprise.onrender.com/ventes/synchroniser
2026-09-15 08:05:11,408 - WARNING - Synchronisation différée: 401 Client Error: Unauthorized for url: https://portfolio-python-entreprise.onrender.com/ventes/synchroniser
2026-09-15 08:05:41,001 - WARNING - Synchronisation différée: 401 Client Error: Unauthorized for url: https://portfolio-python-entreprise.onrender.com/ventes/synchroniser
2026-09-15 08:06:11,173 - WARNING - Synchronisation différée: 401 Client Error: Unauthorized for url: https://portfolio-python-entreprise.onrender.com/ventes/synchroniser
2026-09-15 08:06:41,819 - WARNING - Synchronisation différée: 401 Client Error: Unauthorized for url: https://portfolio-python-entreprise.onrender.com/ventes/synchroniser
2026-09-17 16:23:25,367 - WARNING - Synchronisation différée: HTTPSConnectionPool(host='portfolio-python-entreprise.onrender.com', port=443): Read timed out. (read timeout=8)
2026-09-17 16:23:45,991 - WARNING - Synchronisation différée: 401 Client Error: Unauthorized for url: https://portfolio-python-entreprise.onrender.com/ventes/synchroniser
2026-09-17 16:24:22,102 - WARNING - Synchronisation différée: HTTPSConnectionPool(host='portfolio-python-entreprise.onrender.com', port=443): Read timed out. (read timeout=8)
2026-09-17 16:24:32,927 - WARNING - Synchronisation différée: 401 Client Error: Unauthorized for url: https://portfolio-python-entreprise.onrender.com/ventes/synchroniser
2026-09-17 16:24:46,537 - WARNING - Synchronisation différée: 401 Client Error: Unauthorized for url: https://portfolio-python-entreprise.onrender.com/ventes/synchroniser
2026-09-17 16:25:15,675 - WARNING - Synchronisation différée: 401 Client Error: Unauthorized for url: https://portfolio-python-entreprise.onrender.com/ventes/synchroniser
2026-09-17 16:25:45,021 - WARNING - Synchronisation différée: 401 Client Error: Unauthorized for url: https://portfolio-python-entreprise.onrender.com/ventes/synchroniser
2026-09-17 16:26:17,522 - WARNING - Synchronisation différée: 401 Client Error: Unauthorized for url: https://portfolio-python-entreprise.onrender.com/ventes/synchroniser
2026-09-17 16:26:45,318 - WARNING - Synchronisation différée: 401 Client Error: Unauthorized for url: https://portfolio-python-entreprise.onrender.com/ventes/synchroniser
2026-09-17 16:27:14,978 - WARNING - Synchronisation différée: 401 Client Error: Unauthorized for url: https://portfolio-python-entreprise.onrender.com/ventes/synchroniser
2026-09-17 16:27:45,164 - WARNING - Synchronisation différée: 401 Client Error: Unauthorized for url: https://portfolio-python-entreprise.onrender.com/ventes/synchroniser
2026-09-17 16:32:23,110 - WARNING - Synchronisation différée: 401 Client Error: Unauthorized for url: https://portfolio-python-entreprise.onrender.com/ventes/synchroniser
2026-09-17 16:32:35,612 - WARNING - Synchronisation différée: 401 Client Error: Unauthorized for url: https://portfolio-python-entreprise.onrender.com/ventes/synchroniser
2026-09-17 16:33:04,863 - WARNING - Synchronisation différée: 401 Client Error: Unauthorized for url: https://portfolio-python-entreprise.onrender.com/ventes/synchroniser
2026-09-17 16:33:35,431 - WARNING - Synchronisation différée: 401 Client Error: Unauthorized for url: https://portfolio-python-entreprise.onrender.com/ventes/synchroniser
2026-09-17 16:34:05,641 - WARNING - Synchronisation différée: 401 Client Error: Unauthorized for url: https://portfolio-python-entreprise.onrender.com/ventes/synchroniser
2026-09-17 16:34:36,237 - WARNING - Synchronisation différée: 401 Client Error: Unauthorized for url: https://portfolio-python-entreprise.onrender.com/ventes/synchroniser
2026-09-17 16:35:04,563 - WARNING - Synchronisation différée: 401 Client Error: Unauthorized for url: https://portfolio-python-entreprise.onrender.com/ventes/synchroniser
2026-09-17 16:35:34,379 - WARNING - Synchronisation différée: 401 Client Error: Unauthorized for url: https://portfolio-python-entreprise.onrender.com/ventes/synchroniser
2026-09-17 16:36:04,917 - WARNING - Synchronisation différée: 401 Client Error: Unauthorized for url: https://portfolio-python-entreprise.onrender.com/ventes/synchroniser
2026-09-17 16:36:27,299 - WARNING - Synchronisation différée: 401 Client Error: Unauthorized for url: https://portfolio-python-entreprise.onrender.com/ventes/synchroniser
2026-09-17 16:36:56,217 - WARNING - Synchronisation différée: 401 Client Error: Unauthorized for url: https://portfolio-python-entreprise.onrender.com/ventes/synchroniser
2026-09-17 16:37:04,817 - WARNING - Synchronisation différée: 401 Client Error: Unauthorized for url: https://portfolio-python-entreprise.onrender.com/ventes/synchroniser
2026-09-17 16:37:26,171 - WARNING - Synchronisation différée: 401 Client Error: Unauthorized for url: https://portfolio-python-entreprise.onrender.com/ventes/synchroniser
2026-09-17 16:37:57,262 - WARNING - Synchronisation différée: 401 Client Error: Unauthorized for url: https://portfolio-python-entreprise.onrender.com/ventes/synchroniser
2026-09-17 16:38:02,984 - WARNING - Synchronisation différée: 401 Client Error: Unauthorized for url: https://portfolio-python-entreprise.onrender.com/ventes/synchroniser
2026-09-17 16:38:32,947 - WARNING - Synchronisation différée: 401 Client Error: Unauthorized for url: https://portfolio-python-entreprise.onrender.com/ventes/synchroniser
2026-09-17 16:39:03,607 - WARNING - Synchronisation différée: 401 Client Error: Unauthorized for url: https://portfolio-python-entreprise.onrender.com/ventes/synchroniser
2026-09-17 16:39:32,729 - WARNING - Synchronisation différée: 401 Client Error: Unauthorized for url: https://portfolio-python-entreprise.onrender.com/ventes/synchroniser
